run,n_estimators,max_depth,min_samples_leaf,max_features,use_log_target,q_clip_max,cal_frac,n_train,n_cal,rmse,mae,r2,picp,elapsed
1,2000,15,1,0.7,True,0.25,0.1,2643,294,0.038400992101368187,0.026130638897386125,0.3363481672748856,0.8945578231292517,10.526229858398438
2,1000,30,3,sqrt,False,0.3,0.25,2262,755,0.04497041642724213,0.029571504117893842,0.34591592848640307,0.8913907284768212,2.7374331951141357
3,1500,15,10,0.7,True,0.225,0.1,2596,289,0.03666524354451007,0.026422032221335833,0.28535770483075285,0.8961937716262975,6.535405874252319
4,2000,40,10,0.4,False,0.3,0.25,2262,755,0.04464965369909285,0.029412268705908403,0.35521348726928503,0.9205298013245033,5.2744269371032715
5,500,25,5,sqrt,False,0.25,0.15,2496,441,0.03971152186938278,0.026979071224846413,0.31114817169618325,0.9024943310657596,1.290450096130371
6,1000,15,2,0.4,True,0.35,0.2,2504,627,0.06110169911527878,0.036250682039178674,0.3219423825324357,0.89792663476874,3.4657840728759766
7,500,25,2,0.7,False,0.2,0.15,2383,421,0.03366463439808187,0.02408069347547971,0.3164297227146565,0.8527315914489311,2.5980780124664307
8,1000,50,3,0.4,True,0.25,0.2,2349,588,0.0406705218865478,0.028086653262028194,0.27975734332586133,0.8741496598639455,3.6737358570098877
9,1000,25,5,0.5,False,0.225,0.25,2163,722,0.03761298268194546,0.02636907080206294,0.33400829763960926,0.8933518005540166,3.198279857635498
10,2000,50,7,0.6,False,0.225,0.15,2452,433,0.03788323843809739,0.026935703736233413,0.33094483128119223,0.8845265588914549,7.37709903717041
11,1000,50,7,0.6,False,0.25,0.15,2496,441,0.03970781844056946,0.0272450984128134,0.3112766479989141,0.909297052154195,3.6029980182647705
12,2000,None,2,0.5,False,0.25,0.15,2496,441,0.04024996594527296,0.027336535586797897,0.2923414012775267,0.8752834467120182,9.407115936279297
13,500,15,1,0.7,True,0.225,0.2,2308,577,0.03826336296812548,0.027141936688081313,0.29211377873434463,0.878682842287695,2.2535040378570557
14,1000,25,5,0.7,True,0.2,0.2,2243,561,0.033989561242379854,0.024330677785020155,0.34953713317033996,0.8627450980392157,3.9047579765319824
15,2000,25,3,0.7,True,0.225,0.15,2452,433,0.03803503365857964,0.02651313625693642,0.32557238418590717,0.8568129330254042,9.477974891662598
16,1000,40,3,sqrt,True,0.2,0.2,2243,561,0.03393781986141166,0.02401851111566455,0.3515159895651041,0.8502673796791443,2.675696849822998
17,2000,30,10,0.5,False,0.2,0.1,2523,281,0.03372323888542571,0.02469330464378238,0.27788275525508777,0.9110320284697508,6.144040107727051
18,2000,50,5,sqrt,True,0.3,0.15,2564,453,0.04162510059928053,0.02736122222856584,0.37589682901818255,0.8896247240618101,5.145262718200684
19,1000,None,2,log2,True,0.35,0.15,2661,470,0.06212347611641918,0.037140758903951944,0.2963346530230567,0.8489361702127659,3.616931200027466
20,500,15,3,0.7,False,0.3,0.15,2564,453,0.04215469337941852,0.027867375382645825,0.35991497568454056,0.8874172185430463,2.0347132682800293
21,1000,25,5,0.5,True,0.3,0.2,2413,604,0.04208990217654953,0.02808689172046636,0.3850175854560447,0.8973509933774835,3.4588189125061035
22,2000,50,10,log2,False,0.225,0.1,2596,289,0.03686177608654945,0.026273706720430577,0.2776759401048141,0.8961937716262975,4.323962211608887
23,500,50,2,0.3,True,0.225,0.25,2163,722,0.03793832751642492,0.02614641982695146,0.3224370766940048,0.8656509695290858,1.772481918334961
24,1000,None,7,0.3,True,0.2,0.1,2523,281,0.033189510845270206,0.02431597448898628,0.3005593613109595,0.8932384341637011,2.746635913848877
25,1000,None,10,0.7,False,0.25,0.2,2349,588,0.03998981573529349,0.02784032083554834,0.3036651127719304,0.9081632653061225,3.3240959644317627
26,1500,25,5,0.7,False,0.225,0.25,2163,722,0.037525402080315004,0.026374980241561572,0.33710616664395954,0.8864265927977839,5.3389880657196045
27,500,15,2,log2,True,0.3,0.2,2413,604,0.04170705132276112,0.02751372712488178,0.3961544955646996,0.902317880794702,1.3838882446289062
28,1500,None,5,0.3,False,0.3,0.25,2262,755,0.044538874329095465,0.02921152263858473,0.35840905216895125,0.8993377483443709,3.9932971000671387
29,2000,15,7,0.7,False,0.35,0.15,2661,470,0.061154910348444835,0.036761083810300264,0.3181052693412181,0.9106382978723404,7.630722999572754
30,500,40,5,0.3,True,0.2,0.25,2103,701,0.03402263364032572,0.0244548856652834,0.33245893493778933,0.8801711840228246,1.2898008823394775
31,1000,None,2,0.7,False,0.35,0.15,2661,470,0.06138759454689382,0.03678316202549301,0.31290640707631145,0.8659574468085106,5.769217014312744
32,1500,50,2,0.3,False,0.3,0.15,2564,453,0.04270742125623235,0.02824373762158423,0.3430194769853353,0.8543046357615894,6.1963818073272705
33,1500,30,7,0.3,True,0.225,0.15,2452,433,0.03794481934854091,0.026932934763038048,0.32876790474645823,0.8775981524249422,4.0967490673065186
34,500,20,1,log2,False,0.25,0.1,2643,294,0.037542197204528824,0.025642646385516506,0.3656998967260666,0.8605442176870748,2.3598811626434326
35,2000,25,10,0.7,False,0.35,0.2,2504,627,0.06166589965563084,0.03697423786663094,0.3093624797751211,0.9202551834130781,7.548998117446899
36,1000,40,2,log2,True,0.2,0.1,2523,281,0.03356463586193779,0.02401825832309313,0.2846591302649607,0.8612099644128114,3.6680908203125
37,1000,30,2,sqrt,True,0.25,0.15,2496,441,0.0405841927910407,0.027494726692186704,0.28054012420780094,0.8707482993197279,3.496663808822632
38,1500,15,10,log2,False,0.25,0.2,2349,588,0.03985798665547447,0.027871407868413432,0.3082485737349654,0.9098639455782312,3.030184030532837
39,1000,50,1,0.4,True,0.3,0.2,2413,604,0.04407072376430667,0.02928093712586524,0.32577130768926,0.8327814569536424,5.914504051208496
40,1500,50,10,log2,True,0.3,0.2,2413,604,0.04211977113123204,0.028139891687172635,0.38414443543063104,0.9254966887417219,3.12743878364563
41,1500,30,5,0.5,True,0.2,0.1,2523,281,0.03323251502842245,0.024191218858852854,0.29874563405775223,0.8861209964412812,5.7733869552612305
42,1000,20,10,0.4,True,0.2,0.1,2523,281,0.033570625341991706,0.024648880088825466,0.2844038078377076,0.896797153024911,4.176671981811523
43,1500,20,5,0.3,False,0.225,0.1,2596,289,0.03647881283650273,0.02576806436565424,0.2926066707513252,0.8788927335640139,4.837424993515015
44,2000,20,2,0.3,False,0.225,0.1,2596,289,0.03678707828709295,0.02565049184128819,0.280600451859347,0.8615916955017301,9.201035022735596
45,1500,30,1,0.3,True,0.3,0.15,2564,453,0.04346208602133938,0.028528602087532995,0.31959588577778797,0.8233995584988962,9.505336046218872
46,1000,None,2,0.7,False,0.35,0.2,2504,627,0.062157089960782265,0.03693778829383551,0.2983163256988284,0.8771929824561403,5.6417388916015625
47,1000,25,1,0.4,True,0.3,0.15,2564,453,0.0436549304839666,0.028621040564026427,0.31354448434655235,0.8300220750551877,7.045505046844482
48,1000,None,1,0.6,False,0.25,0.1,2643,294,0.037830808390730754,0.026061202844774277,0.35590985816894205,0.8639455782312925,8.24072790145874
49,1500,None,7,0.6,True,0.225,0.1,2596,289,0.03629753164156604,0.025921624032554796,0.29961997307024746,0.8754325259515571,7.584808111190796
50,1000,25,5,0.7,False,0.2,0.25,2103,701,0.03373326999413531,0.024253344584291923,0.3437655664845781,0.8773181169757489,3.757519245147705
51,1500,None,10,sqrt,True,0.2,0.15,2383,421,0.03376400962204175,0.02463311617765653,0.31238808005804286,0.9002375296912114,4.215687990188599
52,2000,50,2,0.6,False,0.2,0.2,2243,561,0.03382400879352864,0.023969020830373836,0.35585810142928764,0.8484848484848485,10.40402364730835
53,500,40,1,log2,False,0.225,0.25,2163,722,0.03905618896080899,0.02675982999607994,0.2819197257041739,0.8365650969529086,2.2296109199523926
54,1500,25,7,0.7,True,0.225,0.2,2308,577,0.037535127273700966,0.026760654368106998,0.3188026189407023,0.8890814558058926,7.398500204086304
55,1000,20,5,0.4,False,0.25,0.1,2643,294,0.03715630887775085,0.025831589340931178,0.37867255465068905,0.9183673469387755,4.017250061035156
56,1000,40,5,0.6,False,0.2,0.15,2383,421,0.033208517054961785,0.023931621748402618,0.33482743157818096,0.8788598574821853,3.8695790767669678
57,1000,50,5,0.4,False,0.225,0.25,2163,722,0.037685151404116754,0.026526722862283417,0.33145014472932,0.8878116343490304,3.309335947036743
58,1000,40,7,sqrt,False,0.2,0.1,2523,281,0.03371480631426586,0.024631776028269783,0.27824384416179615,0.9074733096085409,2.885209798812866
59,2000,40,3,sqrt,False,0.3,0.2,2413,604,0.04236160250271844,0.028197150751243853,0.37705224366295775,0.8940397350993378,6.1689772605896
60,500,20,2,log2,False,0.225,0.25,2163,722,0.037880569497045394,0.02635374999877662,0.324498575200725,0.8725761772853186,1.5587859153747559
61,1000,15,2,0.6,True,0.225,0.2,2308,577,0.0378501369208293,0.026922761314271806,0.3073208844611304,0.8821490467937608,3.9103260040283203
62,1000,30,1,0.3,True,0.225,0.15,2452,433,0.03877634113442845,0.026945630426745065,0.29902683874320124,0.8198614318706697,6.304379940032959
63,1000,50,3,0.7,False,0.2,0.1,2523,281,0.03315452324714313,0.024020067519696504,0.3020332516207612,0.8718861209964412,5.850301265716553
64,1000,30,3,0.3,False,0.35,0.2,2504,627,0.06133513449718192,0.03623882555997267,0.31675152873121515,0.8947368421052632,3.5019052028656006
65,2000,20,3,0.5,False,0.25,0.1,2643,294,0.03705501450463323,0.02555435399917543,0.3820556240440468,0.8945578231292517,9.843755960464478
66,2000,15,5,0.5,False,0.3,0.1,2715,302,0.04124563438735259,0.027281360297532527,0.3856804982926352,0.9039735099337748,7.87325119972229
67,500,15,7,log2,False,0.25,0.2,2349,588,0.03976634687261663,0.027622223516493627,0.31142580779886764,0.9115646258503401,1.5541470050811768
68,1000,25,3,0.6,True,0.3,0.2,2413,604,0.04226553072798828,0.028194065672873584,0.37987460300544684,0.8824503311258278,4.648712158203125
69,1500,20,3,0.6,False,0.3,0.1,2715,302,0.042277187467018446,0.02808047945651923,0.35456798712440063,0.8973509933774835,8.3919358253479
70,2000,50,10,0.4,True,0.25,0.1,2643,294,0.038186632398203676,0.026406113545677387,0.34373668220227416,0.9217687074829932,7.014759063720703
71,1000,None,1,0.6,True,0.2,0.25,2103,701,0.03513356498134635,0.025101909437363464,0.2881531472545371,0.8273894436519258,6.7076568603515625
72,500,15,2,0.6,False,0.2,0.1,2523,281,0.03281943205040873,0.02393597679680729,0.3160705877343194,0.8896797153024911,2.2788150310516357
73,1000,None,1,log2,True,0.3,0.25,2262,755,0.046874606900536894,0.030640071660961554,0.2893511915538952,0.8357615894039735,5.2121171951293945
74,1500,None,3,0.3,False,0.25,0.25,2202,735,0.039945298745870966,0.02763207035547726,0.3010923640387132,0.8775510204081632,4.792991399765015
75,1000,25,1,log2,False,0.25,0.1,2643,294,0.03786952274920097,0.026129786551743847,0.3545909175141637,0.8571428571428571,5.868161916732788
76,1000,25,7,0.5,False,0.35,0.1,2817,314,0.06049893226727992,0.03696887355651649,0.36789020314119114,0.910828025477707,4.343748092651367
77,2000,25,2,0.3,False,0.35,0.1,2817,314,0.059896100812151985,0.03645328099964968,0.3804245462050705,0.8694267515923567,9.512434959411621
78,1500,None,1,0.3,False,0.25,0.25,2202,735,0.04120331616486174,0.028755500634536035,0.25637705832345425,0.8380952380952381,8.36061692237854
79,2000,40,1,0.6,False,0.25,0.1,2643,294,0.03774053048266163,0.02600102386842183,0.3589802514874466,0.8605442176870748,16.00303292274475
80,500,30,1,log2,True,0.35,0.15,2661,470,0.06315412075456908,0.0375566463942037,0.27279299595963935,0.8340425531914893,2.680372953414917
81,1000,40,10,0.4,True,0.2,0.2,2243,561,0.034995759299169406,0.0253171810581922,0.31045560359821156,0.8877005347593583,3.064521312713623
82,1500,None,10,log2,False,0.35,0.2,2504,627,0.06228909359614929,0.037448223052742216,0.2953328156906231,0.9234449760765551,3.2679429054260254
83,1000,50,2,0.6,False,0.3,0.15,2564,453,0.04298171660043705,0.028386960169088236,0.3345532480835288,0.8609271523178808,5.597203969955444
84,1000,25,3,0.5,False,0.225,0.15,2452,433,0.03795678967981236,0.02657974689511456,0.3283443350446814,0.8568129330254042,4.24111795425415
85,500,40,7,0.6,True,0.2,0.15,2383,421,0.03313035607746416,0.024196290911595038,0.33795490363579217,0.8859857482185273,2.5152838230133057
86,500,15,5,0.7,False,0.35,0.2,2504,627,0.06125578554212592,0.03669267925932787,0.3185182154373821,0.9043062200956937,2.3361902236938477
87,1000,20,10,0.3,False,0.25,0.15,2496,441,0.03954303120380759,0.027242534076633074,0.31698118303608436,0.9160997732426304,2.7000560760498047
88,500,15,2,0.3,False,0.25,0.15,2496,441,0.039321212338985355,0.02676911665266123,0.3246225555873248,0.8843537414965986,1.732414960861206
89,2000,25,1,0.3,True,0.2,0.25,2103,701,0.03436766288653023,0.024577467121975196,0.318850990538862,0.8430813124108416,10.995653867721558
90,2000,50,5,0.6,False,0.3,0.25,2262,755,0.04473194032586959,0.02935462608248884,0.3528346917608195,0.8966887417218543,7.747812747955322
91,500,15,1,0.5,False,0.25,0.2,2349,588,0.040605093499689375,0.02795024378501592,0.28207284888370865,0.8724489795918368,2.1477601528167725
92,500,None,1,0.5,False,0.3,0.25,2262,755,0.04676286048282322,0.030508713301805115,0.29273544611861635,0.8463576158940397,2.874213218688965
93,1000,20,10,0.7,False,0.25,0.1,2643,294,0.03751626103587029,0.026038815612392144,0.3665760112295783,0.9217687074829932,5.071684122085571
94,1500,20,2,sqrt,True,0.2,0.25,2103,701,0.03388595774761375,0.024200234699173345,0.3378114607620536,0.8573466476462197,4.49290919303894
95,1000,40,3,0.5,False,0.35,0.15,2661,470,0.06102943481387957,0.036374893618784994,0.3209005748922371,0.8829787234042553,4.844291925430298
96,1000,25,7,0.6,False,0.35,0.15,2661,470,0.06158915781311111,0.03688491552283892,0.30838692078138685,0.9,4.237514972686768
97,2000,40,10,0.6,False,0.35,0.25,2348,783,0.061647946210698565,0.03699449329752992,0.27986566496458687,0.9169859514687101,6.1963210105896
98,2000,20,10,0.6,False,0.35,0.1,2817,314,0.061098171415355965,0.03744147856991367,0.35530615097364526,0.9299363057324841,8.300871133804321
99,500,30,2,sqrt,False,0.25,0.25,2202,735,0.0404355220926437,0.02805381183323907,0.28383259953708506,0.8571428571428571,2.0887057781219482
100,1500,25,2,0.7,True,0.3,0.25,2262,755,0.04565843469893446,0.029859892567664744,0.32574870080377816,0.8675496688741722,7.905794143676758
101,2000,15,7,sqrt,True,0.2,0.2,2243,561,0.034947660982480935,0.025197206499179652,0.3123497264131112,0.8823529411764706,4.2860329151153564
102,1000,25,1,0.4,False,0.3,0.15,2564,453,0.0439392263667339,0.02894145400968472,0.30457450374667683,0.8344370860927153,6.638440132141113
103,1000,25,3,0.5,True,0.25,0.2,2349,588,0.0404561104524689,0.027998617803823646,0.28733143815502826,0.8758503401360545,4.458264112472534
104,1500,15,2,0.5,False,0.35,0.25,2348,783,0.061256538657902274,0.03695482009906497,0.28898101236921137,0.89272030651341,5.507725954055786
105,1000,50,5,0.5,False,0.35,0.15,2661,470,0.06066973447220095,0.03619167880324223,0.32888204939997157,0.9,4.9539079666137695
106,500,20,10,0.6,True,0.35,0.15,2661,470,0.06280111986946048,0.037643914656083306,0.2808997445180955,0.9085106382978724,1.8195140361785889
107,1000,None,10,sqrt,True,0.25,0.15,2496,441,0.03986221007280871,0.027180162186540097,0.305910458242205,0.9206349206349206,2.204651117324829
108,2000,50,1,0.4,False,0.225,0.15,2452,433,0.03857000821652953,0.026867840571316526,0.30646689253441073,0.8314087759815243,12.368983030319214
109,2000,15,10,0.7,True,0.2,0.1,2523,281,0.03347271299584753,0.024579828074004117,0.28857194735067637,0.9074733096085409,8.631311178207397
110,1500,50,3,0.3,True,0.2,0.15,2383,421,0.03321964883024907,0.023863053026713706,0.3343814139146535,0.8527315914489311,5.41480278968811
111,1000,20,5,0.4,True,0.35,0.2,2504,627,0.06125655229398476,0.035976478119051566,0.3185011548221033,0.9027113237639554,3.350025177001953
112,1500,30,1,0.7,False,0.2,0.15,2383,421,0.03512815269411389,0.0248694098888184,0.255703477770011,0.833729216152019,11.706771850585938
113,1000,30,10,0.5,True,0.3,0.15,2564,453,0.04181844907738204,0.027478238279631303,0.370085448334011,0.9050772626931567,3.3975508213043213
114,1500,None,2,0.5,False,0.25,0.2,2349,588,0.040953392681102166,0.028218917702936063,0.2697036674940201,0.858843537414966,6.965204954147339
115,1500,30,10,0.4,False,0.225,0.2,2308,577,0.03771716677503636,0.02699287972513302,0.3121791948249688,0.8977469670710572,4.254396915435791
116,1000,50,1,0.6,True,0.225,0.2,2308,577,0.03916962884925831,0.0272553925200648,0.25818416982842196,0.8318890814558059,6.772495746612549
117,500,20,7,sqrt,False,0.2,0.15,2383,421,0.03344466275439317,0.024336282474630464,0.32533371461688787,0.8859857482185273,1.6136119365692139
118,1500,50,2,0.5,False,0.2,0.25,2103,701,0.033894683911528924,0.02421068531827849,0.33747036904560057,0.854493580599144,6.03098201751709
119,1000,30,3,0.5,True,0.2,0.25,2103,701,0.033793972003401555,0.024139589272648324,0.341401693110326,0.8601997146932953,4.616207122802734
120,2000,50,5,log2,True,0.225,0.2,2308,577,0.03762691135692064,0.02660812778510955,0.3154671023177472,0.8856152512998267,5.177206039428711
121,1000,None,1,0.6,False,0.3,0.15,2564,453,0.043744534480167054,0.028773534132577615,0.3107236216356203,0.8344370860927153,7.057410001754761
122,2000,50,2,log2,True,0.25,0.15,2496,441,0.04058423770476123,0.02754444479088918,0.2805385317829948,0.8639455782312925,7.3610217571258545
123,1500,None,1,log2,True,0.35,0.2,2504,627,0.06279429188234621,0.03701493989796858,0.28385599700358577,0.8309409888357256,7.696454048156738
124,1500,40,1,0.3,True,0.2,0.25,2103,701,0.034780101423778714,0.02478200188566108,0.3024042625028308,0.8359486447931527,7.541422128677368
125,1000,None,2,0.4,False,0.3,0.1,2715,302,0.04228167018682878,0.027942361945075562,0.35443110742951567,0.8675496688741722,4.621111631393433
126,1000,30,3,0.4,True,0.25,0.2,2349,588,0.04053848527328872,0.02798071480231438,0.2844262793760647,0.8758503401360545,4.549923896789551
127,1500,25,5,sqrt,True,0.25,0.25,2202,735,0.04002030479853011,0.02773469303450911,0.29846519529668747,0.8952380952380953,3.6016440391540527
128,1000,50,2,0.3,False,0.3,0.1,2715,302,0.04279428910401047,0.0282063502327261,0.33868258510208316,0.8741721854304636,5.2120749950408936
129,2000,30,1,0.7,True,0.35,0.15,2661,470,0.06306109078850676,0.03763989643619983,0.2749338606967371,0.8297872340425532,17.53175187110901
130,500,50,2,0.5,False,0.225,0.15,2452,433,0.03805054428023969,0.026405382529521217,0.3250222111729758,0.8498845265588915,2.424583911895752
131,1000,None,5,log2,False,0.3,0.2,2413,604,0.04205511205011402,0.028067381369304648,0.3860338136970253,0.9105960264900662,3.0780208110809326
132,500,50,1,0.7,False,0.25,0.2,2349,588,0.042182010348806476,0.029085578067514797,0.22522803723021068,0.8435374149659864,3.3671727180480957
133,2000,50,1,0.6,True,0.225,0.25,2163,722,0.038581818579701346,0.026508636992505788,0.29925717548820874,0.8365650969529086,14.267431735992432
134,500,20,3,0.4,False,0.3,0.1,2715,302,0.0420926362978335,0.027967926567171644,0.3601906529112672,0.890728476821192,2.0648441314697266
135,500,20,10,0.5,True,0.3,0.25,2262,755,0.044709639098631904,0.029396358550787875,0.3534798228592537,0.904635761589404,1.554095983505249
136,500,30,10,log2,True,0.3,0.25,2262,755,0.0449517434770881,0.029598420970297103,0.3464590030010182,0.9178807947019868,1.0611929893493652
137,500,40,10,log2,False,0.225,0.15,2452,433,0.03835953709561289,0.02736253669347432,0.31401526661700363,0.8960739030023095,1.6023967266082764
138,2000,None,2,0.4,True,0.2,0.1,2523,281,0.03350735214458208,0.024028897907659545,0.287098746589202,0.8434163701067615,9.890259981155396
139,2000,25,7,0.3,True,0.35,0.25,2348,783,0.06109334485713846,0.03631671708705544,0.2927644232624307,0.9029374201787995,5.503226041793823
140,500,15,3,0.7,False,0.2,0.1,2523,281,0.03275383232033113,0.023873576102651707,0.3188019418864587,0.896797153024911,2.242663860321045
141,500,30,5,0.6,True,0.3,0.25,2262,755,0.04477179322716642,0.029410088865403555,0.35168102375087595,0.8966887417218543,1.930656909942627
142,1500,50,7,0.3,False,0.3,0.2,2413,604,0.041963352771483955,0.02792342668391551,0.38871009399580303,0.9089403973509934,4.538753032684326
143,500,20,3,0.3,True,0.2,0.15,2383,421,0.03309643985488729,0.02388674439307234,0.33930970799993254,0.8646080760095012,1.6684238910675049
144,2000,40,2,0.7,False,0.35,0.15,2661,470,0.0610878158559445,0.036621413441452935,0.31960069409690495,0.8659574468085106,12.977394819259644
145,1000,None,7,0.5,True,0.225,0.1,2596,289,0.0364221296615215,0.026084930142708802,0.2948033511714394,0.8858131487889274,5.187880754470825
146,500,30,3,0.5,False,0.225,0.15,2452,433,0.03779932445342428,0.026424541283426018,0.3339055551835586,0.859122401847575,2.219680070877075
147,1000,25,1,log2,True,0.225,0.2,2308,577,0.038804674896173647,0.027134830193328317,0.27194316637571214,0.8353552859618717,4.973674058914185
148,1500,40,10,0.7,True,0.225,0.2,2308,577,0.03773860284288464,0.026930980516055327,0.31139714439334054,0.8908145580589255,5.533644914627075
149,2000,25,5,0.3,True,0.3,0.25,2262,755,0.04447733078156865,0.029134780035333555,0.36018092013718206,0.8966887417218543,6.381974935531616
150,2000,30,10,0.3,False,0.225,0.15,2452,433,0.038168319939085725,0.02728767944489734,0.32083730475884253,0.8983833718244804,6.251089096069336
151,2000,30,3,log2,True,0.35,0.15,2661,470,0.06200775234543559,0.036774852007440025,0.29895379051470206,0.8787234042553191,6.859031915664673
152,1000,30,10,0.3,False,0.25,0.25,2202,735,0.03959981079034308,0.027744356052274786,0.3131298234029515,0.9129251700680272,2.3490211963653564
153,2000,15,7,log2,True,0.3,0.1,2715,302,0.04027213500265108,0.026472898172777683,0.4143372061009042,0.9238410596026491,5.719271898269653
154,500,15,5,sqrt,True,0.2,0.2,2243,561,0.03459021944931192,0.024964273076665988,0.326344241514286,0.8841354723707665,1.142611026763916
155,1000,30,3,0.7,True,0.35,0.1,2817,314,0.060701990883864916,0.03652397717374422,0.3636398555071084,0.8630573248407644,6.439068794250488
156,2000,20,1,log2,False,0.2,0.2,2243,561,0.03409377025252196,0.024122445840228393,0.3455424948730941,0.839572192513369,8.218916893005371
157,500,15,2,0.5,False,0.25,0.15,2496,441,0.0395774495802177,0.027189477334118847,0.31579166220710964,0.8979591836734694,1.9958360195159912
158,2000,None,10,0.3,True,0.2,0.15,2383,421,0.033363997213563264,0.024439563570716097,0.3285842595722779,0.8907363420427553,6.304702997207642
159,2000,40,1,0.7,False,0.35,0.15,2661,470,0.06207731790449705,0.037545077033275184,0.29737992189143003,0.8382978723404255,17.263460159301758
160,1500,20,2,log2,False,0.25,0.2,2349,588,0.04049371723202716,0.027988687490654755,0.28600587195586813,0.8724489795918368,5.1274309158325195
161,500,50,5,0.5,False,0.225,0.15,2452,433,0.03804852655968181,0.02681289162320197,0.3250937938783989,0.8775981524249422,1.7784059047698975
162,1500,40,3,sqrt,True,0.2,0.25,2103,701,0.03392445564614567,0.024201331896527237,0.33630597883770774,0.8630527817403709,4.560691833496094
163,2000,30,1,0.7,True,0.35,0.1,2817,314,0.06082334462349691,0.037093674449294615,0.36109292500661505,0.8121019108280255,17.160414218902588
164,1500,20,10,sqrt,False,0.25,0.2,2349,588,0.040000689458615804,0.027928681618812692,0.30328637722686325,0.9115646258503401,3.12893009185791
165,1500,15,5,0.4,True,0.25,0.2,2349,588,0.04027938673345197,0.02778683109715394,0.2935441142943188,0.9115646258503401,4.987671136856079
166,500,50,2,0.6,False,0.225,0.2,2308,577,0.0381117120363427,0.02677947171960779,0.29771385468082556,0.8526863084922011,2.387712001800537
167,1500,None,10,0.4,True,0.3,0.1,2715,302,0.04115623543499121,0.02685009346064758,0.38834065868499,0.9105960264900662,5.076963901519775
168,1000,None,5,log2,True,0.25,0.25,2202,735,0.04002798734474659,0.02772139053791763,0.29819582748978324,0.9006802721088435,2.429772138595581
169,500,15,3,0.5,True,0.25,0.25,2202,735,0.040088785077327826,0.02770224284227457,0.29606229497349945,0.8884353741496599,1.6941440105438232
170,1500,20,10,0.3,True,0.35,0.1,2817,314,0.061973830170012095,0.037892244645306696,0.336694227452088,0.9140127388535032,5.2899298667907715
171,2000,15,2,sqrt,False,0.225,0.15,2452,433,0.038017938210803306,0.026821945621292156,0.32617851226763783,0.8683602771362586,5.978837966918945
172,2000,25,1,sqrt,False,0.2,0.25,2103,701,0.03417145875480944,0.024477504555621976,0.3266061157311684,0.8373751783166904,8.593859910964966
173,1500,25,10,0.5,True,0.35,0.1,2817,314,0.0619192852091689,0.03767333587379246,0.3378613028374461,0.9171974522292994,5.983242750167847
174,1500,25,10,0.3,True,0.225,0.2,2308,577,0.037753873856609534,0.026828376067042865,0.3108397421335549,0.8960138648180243,3.9277429580688477
175,500,30,2,log2,False,0.2,0.2,2243,561,0.03395088228208338,0.024006631983629373,0.35101669991438855,0.8484848484848485,1.8343000411987305
176,2000,20,7,sqrt,False,0.25,0.2,2349,588,0.03987042702351124,0.027675865434949317,0.3078166911417922,0.9149659863945578,5.023930788040161
177,500,25,7,sqrt,True,0.225,0.2,2308,577,0.037731030582250476,0.026910909352383897,0.31167345335975505,0.8838821490467937,1.1790518760681152
178,500,15,7,0.7,False,0.3,0.25,2262,755,0.04477168772231037,0.029352640435868976,0.35168407927823997,0.909933774834437,2.185598134994507
179,1000,25,5,sqrt,True,0.3,0.1,2715,302,0.040585809518675665,0.026642522997269442,0.40517837056762684,0.9105960264900662,2.783818006515503
180,1000,30,7,0.3,False,0.3,0.15,2564,453,0.04184719856881618,0.027715074518943728,0.36921903896329455,0.9028697571743929,2.8960211277008057
181,1500,15,1,0.7,False,0.35,0.1,2817,314,0.059804420482432355,0.03667861954398792,0.382319808443606,0.8949044585987261,10.78052806854248
182,1500,None,10,0.5,False,0.25,0.2,2349,588,0.03994551003193813,0.02783747707754897,0.30520723122155824,0.9149659863945578,5.443867206573486
183,500,30,5,0.4,True,0.225,0.1,2596,289,0.03626774545001697,0.025728769782438664,0.30076898199917934,0.8788927335640139,1.9442481994628906
184,2000,30,3,0.5,True,0.3,0.1,2715,302,0.04176067205370115,0.02749933407305457,0.37024259174244123,0.8841059602649006,11.064610958099365
185,1500,15,1,0.7,True,0.35,0.2,2504,627,0.0617676538845308,0.03651798098386984,0.3070813724222312,0.8771929824561403,7.699923992156982
186,1000,50,7,0.6,True,0.2,0.25,2103,701,0.03433875166079185,0.02474241935071047,0.31999651909553406,0.8873038516405135,3.656346082687378
187,1000,50,3,0.6,False,0.25,0.2,2349,588,0.04029696970198375,0.02795935795058032,0.29292720804106676,0.8792517006802721,4.238687992095947
188,2000,15,2,log2,False,0.35,0.25,2348,783,0.06115766628391144,0.03672243470906293,0.291274429598138,0.8939974457215837,5.921344995498657
189,500,50,1,log2,False,0.25,0.15,2496,441,0.04127851657011556,0.028135663613881673,0.2557121716471603,0.8503401360544217,2.750196933746338
190,1500,30,5,0.3,True,0.2,0.25,2103,701,0.03403392179586738,0.024486457131331768,0.33201590295510086,0.8801711840228246,4.468775987625122
191,2000,None,5,0.4,False,0.35,0.2,2504,627,0.061345001343525295,0.03627697269154666,0.3165316857331919,0.9090909090909091,7.640232086181641
192,2000,20,2,sqrt,False,0.3,0.25,2262,755,0.0453860143883657,0.02969267314621475,0.33377051707564,0.8834437086092716,7.0242228507995605
193,1000,40,2,0.7,False,0.225,0.15,2452,433,0.03813908949872177,0.026661516089135837,0.3218771526210905,0.8452655889145496,5.824338912963867
194,500,25,3,0.7,True,0.3,0.1,2715,302,0.04204190387465714,0.027695091426622888,0.3617319922353992,0.8708609271523179,2.7869229316711426
195,2000,None,3,0.4,False,0.25,0.25,2202,735,0.039870230928276296,0.027590709397898216,0.30371676161768135,0.8748299319727891,7.750295162200928
196,2000,30,5,0.6,False,0.3,0.25,2262,755,0.044728519551704905,0.02934396140831092,0.35293366898839595,0.8980132450331125,8.471319913864136
197,1000,40,1,0.6,False,0.3,0.15,2564,453,0.04368734955474688,0.02877727296957774,0.31252455312961835,0.8344370860927153,7.3431079387664795
198,2000,None,1,0.6,False,0.25,0.25,2202,735,0.04145839814661479,0.028754756349732295,0.24714129854221223,0.8435374149659864,13.1674222946167
199,1500,20,2,sqrt,True,0.35,0.1,2817,314,0.06042239919278298,0.036383207262482,0.3694884695880689,0.856687898089172,5.940305948257446
200,2000,30,5,log2,False,0.35,0.2,2504,627,0.061397001291163295,0.036586157917670156,0.31537249170276105,0.9122807017543859,6.07465386390686
