n_feats,features,r2,rmse
12,REVEAL_S90|FREE_AIR|BOUGUER|MOHO_GRAV|GEOID|MAG_SEIS_MOHO|CTD|LAB|REVEAL_S80|LITH_RHO|EMAG2_LOG|REVEAL_VP90VS60,0.28782928929170015,0.037901807822775045
18,REVEAL_S70|REVEAL_S90|REVEAL_P150|DEM|FREE_AIR|REVEAL_VP50VS80|BOUGUER|REVEAL_S100|CRUST_RHO|GEOID|MAG_SEIS_MOHO|CTD|LAB|SI|LITH_RHO|EMAG2_LOG|REVEAL_VP60VS70|SEDIMENT,0.2867741214454552,0.037929875507776406
21,REVEAL_S70|REVEAL_S90|REVEAL_P150|DEM|FREE_AIR|MOHO|REVEAL_VP50VS80|BOUGUER|REVEAL_S100|CRUST_RHO|MOHO_GRAV|GEOID|MAG_SEIS_MOHO|CTD|LAB|REVEAL_S80|SI|LITH_RHO|EMAG2_LOG|REVEAL_VP60VS70|REVEAL_VP90VS60,0.3018419917170634,0.03752707653370367
13,REVEAL_S70|REVEAL_P150|DEM|FREE_AIR|REVEAL_S100|CRUST_RHO|GEOID|CTD|SI|EMAG2_LOG|REVEAL_VP60VS70|SEDIMENT|REVEAL_VP90VS60,0.2809171707919972,0.03808529555255049
16,REVEAL_S90|REVEAL_P150|DEM|FREE_AIR|MOHO|REVEAL_VP50VS80|CRUST_RHO|MOHO_GRAV|GEOID|MAG_SEIS_MOHO|CTD|REVEAL_S80|EMAG2_LOG|REVEAL_VP60VS70|SEDIMENT|REVEAL_VP90VS60,0.31155438121378687,0.03726513433940967
8,REVEAL_S90|CRUST_RHO|MAG_SEIS_MOHO|REVEAL_S80|SI|LITH_RHO|EMAG2_LOG|SEDIMENT,0.2746678308364734,0.038250431660642584
15,REVEAL_S70|REVEAL_S90|REVEAL_P150|MOHO|REVEAL_VP50VS80|BOUGUER|REVEAL_S100|CRUST_RHO|MOHO_GRAV|CTD|REVEAL_S80|SI|EMAG2_LOG|REVEAL_VP60VS70|SEDIMENT,0.29107316004622696,0.03781538971497507
16,REVEAL_S70|REVEAL_P150|DEM|FREE_AIR|MOHO|REVEAL_VP50VS80|REVEAL_S100|CRUST_RHO|MOHO_GRAV|GEOID|MAG_SEIS_MOHO|CTD|REVEAL_S80|LITH_RHO|EMAG2_LOG|REVEAL_VP90VS60,0.30316623673276377,0.037491469528660795
10,REVEAL_S90|DEM|FREE_AIR|REVEAL_S100|MOHO_GRAV|MAG_SEIS_MOHO|CTD|LAB|REVEAL_S80|SI,0.27448871781913253,0.03825515413650828
21,REVEAL_S70|REVEAL_S90|REVEAL_P150|DEM|FREE_AIR|MOHO|REVEAL_VP50VS80|BOUGUER|REVEAL_S100|MOHO_GRAV|GEOID|MAG_SEIS_MOHO|CTD|LAB|REVEAL_S80|SI|LITH_RHO|EMAG2_LOG|REVEAL_VP60VS70|SEDIMENT|REVEAL_VP90VS60,0.29171449345448797,0.0377982809254188
19,REVEAL_S70|REVEAL_S90|REVEAL_P150|FREE_AIR|MOHO|REVEAL_VP50VS80|BOUGUER|REVEAL_S100|CRUST_RHO|MOHO_GRAV|GEOID|MAG_SEIS_MOHO|CTD|LAB|SI|LITH_RHO|EMAG2_LOG|REVEAL_VP60VS70|SEDIMENT,0.29731975352595674,0.03764841901617433
9,REVEAL_S70|DEM|MOHO|REVEAL_VP50VS80|CRUST_RHO|CTD|REVEAL_S80|SI|SEDIMENT,0.27348730703012625,0.038281546499236804
11,REVEAL_P150|MOHO|REVEAL_VP50VS80|REVEAL_S100|MOHO_GRAV|GEOID|MAG_SEIS_MOHO|SI|EMAG2_LOG|REVEAL_VP60VS70|SEDIMENT,0.29322336301460183,0.037757998382758055
17,REVEAL_S90|REVEAL_P150|DEM|FREE_AIR|MOHO|REVEAL_VP50VS80|REVEAL_S100|CRUST_RHO|MOHO_GRAV|GEOID|MAG_SEIS_MOHO|LAB|REVEAL_S80|SI|LITH_RHO|REVEAL_VP60VS70|REVEAL_VP90VS60,0.2973955458216817,0.03764638854991966
7,REVEAL_S90|FREE_AIR|CRUST_RHO|MOHO_GRAV|SI|EMAG2_LOG|SEDIMENT,0.25180318346117947,0.03884863813842406
10,REVEAL_S90|REVEAL_P150|DEM|FREE_AIR|MOHO|MOHO_GRAV|MAG_SEIS_MOHO|SI|SEDIMENT|REVEAL_VP90VS60,0.28913957655932576,0.037866924950398936
16,REVEAL_S70|REVEAL_S90|REVEAL_P150|DEM|REVEAL_VP50VS80|BOUGUER|CRUST_RHO|GEOID|MAG_SEIS_MOHO|CTD|LAB|REVEAL_S80|SI|LITH_RHO|SEDIMENT|REVEAL_VP90VS60,0.32161372555042855,0.036991879453457464
19,REVEAL_S70|REVEAL_S90|REVEAL_P150|DEM|FREE_AIR|MOHO|REVEAL_VP50VS80|BOUGUER|REVEAL_S100|CRUST_RHO|GEOID|MAG_SEIS_MOHO|CTD|LAB|LITH_RHO|EMAG2_LOG|REVEAL_VP60VS70|SEDIMENT|REVEAL_VP90VS60,0.2999645714659728,0.03757749978429696
11,REVEAL_P150|DEM|REVEAL_VP50VS80|BOUGUER|REVEAL_S100|CRUST_RHO|MOHO_GRAV|MAG_SEIS_MOHO|LAB|EMAG2_LOG|REVEAL_VP60VS70,0.25954487685640526,0.03864712947386225
18,REVEAL_S70|REVEAL_S90|REVEAL_P150|DEM|FREE_AIR|MOHO|REVEAL_VP50VS80|REVEAL_S100|MOHO_GRAV|GEOID|MAG_SEIS_MOHO|CTD|LAB|SI|LITH_RHO|REVEAL_VP60VS70|SEDIMENT|REVEAL_VP90VS60,0.30696607897326844,0.03738910909516192
21,REVEAL_S70|REVEAL_S90|REVEAL_P150|DEM|FREE_AIR|MOHO|REVEAL_VP50VS80|BOUGUER|REVEAL_S100|CRUST_RHO|MOHO_GRAV|GEOID|MAG_SEIS_MOHO|CTD|LAB|REVEAL_S80|SI|LITH_RHO|EMAG2_LOG|SEDIMENT|REVEAL_VP90VS60,0.305470670950894,0.03742942591313602
11,REVEAL_S70|REVEAL_S90|REVEAL_P150|MOHO|REVEAL_VP50VS80|CRUST_RHO|MOHO_GRAV|REVEAL_S80|SI|REVEAL_VP60VS70|SEDIMENT,0.2872493558009971,0.037917236746219864
13,REVEAL_S70|REVEAL_S90|FREE_AIR|MOHO|BOUGUER|CRUST_RHO|MOHO_GRAV|MAG_SEIS_MOHO|CTD|LAB|REVEAL_S80|SEDIMENT|REVEAL_VP90VS60,0.29601668526415337,0.03768331094420321
13,REVEAL_S90|REVEAL_P150|DEM|MOHO|REVEAL_VP50VS80|MOHO_GRAV|GEOID|LAB|REVEAL_S80|SI|LITH_RHO|SEDIMENT|REVEAL_VP90VS60,0.320279174358156,0.03702824759874207
8,REVEAL_S90|FREE_AIR|REVEAL_VP50VS80|BOUGUER|CRUST_RHO|CTD|LAB|EMAG2_LOG,0.25643920879060633,0.038728092898171536
5,MAG_SEIS_MOHO|REVEAL_S80|LITH_RHO|EMAG2_LOG|SEDIMENT,0.226150977611967,0.039508995684722735
10,REVEAL_S90|REVEAL_P150|DEM|FREE_AIR|REVEAL_VP50VS80|MOHO_GRAV|GEOID|MAG_SEIS_MOHO|CTD|EMAG2_LOG,0.28999757107767354,0.037844065734676545
6,DEM|FREE_AIR|CRUST_RHO|GEOID|REVEAL_S80|REVEAL_VP90VS60,0.28579144359068254,0.03795599627826611
17,REVEAL_S70|REVEAL_S90|REVEAL_P150|DEM|FREE_AIR|MOHO|BOUGUER|MOHO_GRAV|GEOID|MAG_SEIS_MOHO|CTD|SI|LITH_RHO|EMAG2_LOG|REVEAL_VP60VS70|SEDIMENT|REVEAL_VP90VS60,0.2981893943403854,0.03762511486168969
5,REVEAL_P150|FREE_AIR|REVEAL_VP50VS80|EMAG2_LOG|REVEAL_VP90VS60,0.22693862769949114,0.039488883760041935
10,REVEAL_S90|REVEAL_P150|REVEAL_VP50VS80|REVEAL_S100|CRUST_RHO|GEOID|SI|EMAG2_LOG|REVEAL_VP60VS70|REVEAL_VP90VS60,0.28392132002217163,0.038005656841159745
10,REVEAL_S90|REVEAL_P150|MOHO|BOUGUER|REVEAL_S100|CRUST_RHO|GEOID|CTD|SEDIMENT|REVEAL_VP90VS60,0.29773085087594486,0.03763740445462501
14,REVEAL_P150|DEM|FREE_AIR|MOHO|BOUGUER|REVEAL_S100|CRUST_RHO|MAG_SEIS_MOHO|CTD|LAB|LITH_RHO|EMAG2_LOG|REVEAL_VP60VS70|REVEAL_VP90VS60,0.30085152704232465,0.03755368660600416
14,REVEAL_S70|DEM|FREE_AIR|MOHO|REVEAL_VP50VS80|BOUGUER|CRUST_RHO|GEOID|MAG_SEIS_MOHO|LAB|SI|REVEAL_VP60VS70|SEDIMENT|REVEAL_VP90VS60,0.29588539907687383,0.03768682456979624
9,REVEAL_S90|DEM|MOHO|BOUGUER|MOHO_GRAV|MAG_SEIS_MOHO|LAB|REVEAL_VP60VS70|SEDIMENT,0.28019042284777274,0.038104536326556755
20,REVEAL_S70|REVEAL_S90|DEM|FREE_AIR|MOHO|REVEAL_VP50VS80|BOUGUER|REVEAL_S100|CRUST_RHO|MOHO_GRAV|GEOID|MAG_SEIS_MOHO|CTD|REVEAL_S80|SI|LITH_RHO|EMAG2_LOG|REVEAL_VP60VS70|SEDIMENT|REVEAL_VP90VS60,0.3107759704271681,0.03728619583418261
8,REVEAL_S90|REVEAL_S100|CRUST_RHO|GEOID|CTD|LAB|REVEAL_S80|LITH_RHO,0.278385346979818,0.038152284032361095
13,REVEAL_P150|REVEAL_VP50VS80|BOUGUER|REVEAL_S100|CRUST_RHO|MOHO_GRAV|GEOID|MAG_SEIS_MOHO|CTD|LITH_RHO|REVEAL_VP60VS70|SEDIMENT|REVEAL_VP90VS60,0.29725536060377156,0.03765014400858083
14,REVEAL_S90|DEM|MOHO|BOUGUER|REVEAL_S100|MOHO_GRAV|GEOID|MAG_SEIS_MOHO|CTD|LAB|LITH_RHO|EMAG2_LOG|SEDIMENT|REVEAL_VP90VS60,0.2970626206335306,0.03765530675883813
8,REVEAL_P150|REVEAL_VP50VS80|REVEAL_S100|MOHO_GRAV|CTD|LITH_RHO|REVEAL_VP60VS70|REVEAL_VP90VS60,0.2846709903640683,0.03798575736954434
9,REVEAL_S70|FREE_AIR|REVEAL_S100|CRUST_RHO|MOHO_GRAV|LAB|SI|LITH_RHO|EMAG2_LOG,0.2872328607707184,0.03791767549878692
20,REVEAL_S70|REVEAL_S90|REVEAL_P150|DEM|FREE_AIR|MOHO|REVEAL_VP50VS80|BOUGUER|REVEAL_S100|CRUST_RHO|MOHO_GRAV|GEOID|MAG_SEIS_MOHO|LAB|REVEAL_S80|SI|EMAG2_LOG|REVEAL_VP60VS70|SEDIMENT|REVEAL_VP90VS60,0.30610478248366935,0.03741233530979108
10,REVEAL_S70|REVEAL_S90|MOHO|REVEAL_VP50VS80|REVEAL_S100|MOHO_GRAV|GEOID|CTD|SI|EMAG2_LOG,0.29128972792764685,0.03780961322019208
5,REVEAL_S70|DEM|FREE_AIR|CTD|REVEAL_S80,0.24084848414795512,0.039132005214871
6,REVEAL_S70|REVEAL_S90|DEM|BOUGUER|CRUST_RHO|REVEAL_S80,0.25774250528174913,0.03869413715098352
15,REVEAL_S70|REVEAL_S90|DEM|FREE_AIR|REVEAL_VP50VS80|BOUGUER|REVEAL_S100|CRUST_RHO|MOHO_GRAV|GEOID|REVEAL_S80|LITH_RHO|REVEAL_VP60VS70|SEDIMENT|REVEAL_VP90VS60,0.30067786410859676,0.03755835033531719
10,REVEAL_S90|REVEAL_P150|DEM|BOUGUER|REVEAL_S100|MOHO_GRAV|CTD|REVEAL_S80|EMAG2_LOG|REVEAL_VP90VS60,0.2489322424602225,0.03892310073908879
5,MOHO|REVEAL_VP50VS80|BOUGUER|REVEAL_S80|SI,0.28650083377841995,0.03793714163112123
19,REVEAL_S70|REVEAL_S90|REVEAL_P150|DEM|FREE_AIR|MOHO|REVEAL_VP50VS80|BOUGUER|CRUST_RHO|MOHO_GRAV|GEOID|MAG_SEIS_MOHO|CTD|LAB|SI|LITH_RHO|EMAG2_LOG|REVEAL_VP60VS70|REVEAL_VP90VS60,0.29635389840053017,0.037674284572914066
11,REVEAL_S90|REVEAL_P150|DEM|FREE_AIR|REVEAL_VP50VS80|BOUGUER|REVEAL_S100|MAG_SEIS_MOHO|LITH_RHO|EMAG2_LOG|REVEAL_VP60VS70,0.29435511523266655,0.037727755575681005
21,REVEAL_S70|REVEAL_S90|REVEAL_P150|DEM|FREE_AIR|MOHO|REVEAL_VP50VS80|BOUGUER|REVEAL_S100|CRUST_RHO|MOHO_GRAV|GEOID|MAG_SEIS_MOHO|LAB|REVEAL_S80|SI|LITH_RHO|EMAG2_LOG|REVEAL_VP60VS70|SEDIMENT|REVEAL_VP90VS60,0.30192337697062865,0.03752488917810876
11,REVEAL_S70|REVEAL_S90|DEM|MOHO|REVEAL_VP50VS80|BOUGUER|CRUST_RHO|MAG_SEIS_MOHO|LITH_RHO|EMAG2_LOG|SEDIMENT,0.2836431291613719,0.03801303857170292
11,FREE_AIR|MOHO|REVEAL_VP50VS80|MOHO_GRAV|GEOID|MAG_SEIS_MOHO|CTD|REVEAL_S80|SI|LITH_RHO|REVEAL_VP60VS70,0.30440866372338526,0.03745803171507796
10,REVEAL_S70|REVEAL_S90|DEM|REVEAL_S100|CRUST_RHO|GEOID|LAB|REVEAL_S80|SEDIMENT|REVEAL_VP90VS60,0.2963048987116974,0.037675596309083785
14,REVEAL_S70|REVEAL_P150|DEM|MOHO|BOUGUER|CRUST_RHO|GEOID|REVEAL_S80|SI|LITH_RHO|EMAG2_LOG|REVEAL_VP60VS70|SEDIMENT|REVEAL_VP90VS60,0.30340993915828685,0.037484913043077134
16,REVEAL_S70|REVEAL_P150|FREE_AIR|MOHO|BOUGUER|REVEAL_S100|GEOID|MAG_SEIS_MOHO|CTD|LAB|REVEAL_S80|SI|EMAG2_LOG|REVEAL_VP60VS70|SEDIMENT|REVEAL_VP90VS60,0.31605418073372815,0.0371431490048056
14,REVEAL_S70|REVEAL_S90|FREE_AIR|REVEAL_VP50VS80|BOUGUER|REVEAL_S100|CRUST_RHO|MAG_SEIS_MOHO|LAB|SI|EMAG2_LOG|REVEAL_VP60VS70|SEDIMENT|REVEAL_VP90VS60,0.28648527005423885,0.037937555394736304
19,REVEAL_S70|REVEAL_S90|REVEAL_P150|FREE_AIR|MOHO|REVEAL_VP50VS80|BOUGUER|REVEAL_S100|CRUST_RHO|GEOID|MAG_SEIS_MOHO|CTD|LAB|REVEAL_S80|SI|LITH_RHO|EMAG2_LOG|SEDIMENT|REVEAL_VP90VS60,0.2996139759498938,0.037586908489395617
14,REVEAL_S70|DEM|FREE_AIR|BOUGUER|CRUST_RHO|MOHO_GRAV|MAG_SEIS_MOHO|CTD|REVEAL_S80|LITH_RHO|EMAG2_LOG|REVEAL_VP60VS70|SEDIMENT|REVEAL_VP90VS60,0.2724536354916355,0.03830877002909084
12,REVEAL_S70|REVEAL_S90|REVEAL_P150|CRUST_RHO|MOHO_GRAV|GEOID|MAG_SEIS_MOHO|CTD|SI|LITH_RHO|EMAG2_LOG|REVEAL_VP90VS60,0.29656941446808127,0.037668514601724816
10,FREE_AIR|MOHO|REVEAL_S100|MOHO_GRAV|MAG_SEIS_MOHO|LAB|SI|LITH_RHO|REVEAL_VP60VS70|REVEAL_VP90VS60,0.3102521575658017,0.03730036196783051
20,REVEAL_S70|REVEAL_S90|DEM|FREE_AIR|REVEAL_VP50VS80|BOUGUER|REVEAL_S100|CRUST_RHO|MOHO_GRAV|GEOID|MAG_SEIS_MOHO|CTD|LAB|REVEAL_S80|SI|LITH_RHO|EMAG2_LOG|REVEAL_VP60VS70|SEDIMENT|REVEAL_VP90VS60,0.31233652136742485,0.03724395994296637
16,REVEAL_S70|REVEAL_S90|REVEAL_P150|DEM|MOHO|REVEAL_VP50VS80|BOUGUER|REVEAL_S100|CRUST_RHO|MOHO_GRAV|CTD|REVEAL_S80|LITH_RHO|REVEAL_VP60VS70|SEDIMENT|REVEAL_VP90VS60,0.29849202437861466,0.03761700176278293
11,REVEAL_S70|REVEAL_P150|MOHO|BOUGUER|MOHO_GRAV|LAB|REVEAL_S80|SI|LITH_RHO|REVEAL_VP60VS70|REVEAL_VP90VS60,0.29977017908416104,0.03758271685785023
14,REVEAL_S90|FREE_AIR|REVEAL_VP50VS80|REVEAL_S100|CRUST_RHO|GEOID|MAG_SEIS_MOHO|CTD|REVEAL_S80|SI|EMAG2_LOG|REVEAL_VP60VS70|SEDIMENT|REVEAL_VP90VS60,0.28273281381859383,0.038037183566575664
19,REVEAL_S70|REVEAL_P150|DEM|FREE_AIR|MOHO|REVEAL_VP50VS80|BOUGUER|REVEAL_S100|CRUST_RHO|MOHO_GRAV|GEOID|MAG_SEIS_MOHO|CTD|LAB|SI|EMAG2_LOG|REVEAL_VP60VS70|SEDIMENT|REVEAL_VP90VS60,0.30069357463155266,0.03755792845203274
8,REVEAL_S70|REVEAL_S90|REVEAL_P150|DEM|FREE_AIR|BOUGUER|REVEAL_VP60VS70|SEDIMENT,0.2680915755429565,0.038423439990138177
9,DEM|MOHO|BOUGUER|CRUST_RHO|MAG_SEIS_MOHO|CTD|LITH_RHO|EMAG2_LOG|REVEAL_VP90VS60,0.26591700949847663,0.03848047741128298
21,REVEAL_S70|REVEAL_S90|REVEAL_P150|FREE_AIR|MOHO|REVEAL_VP50VS80|BOUGUER|REVEAL_S100|CRUST_RHO|MOHO_GRAV|GEOID|MAG_SEIS_MOHO|CTD|LAB|REVEAL_S80|SI|LITH_RHO|EMAG2_LOG|REVEAL_VP60VS70|SEDIMENT|REVEAL_VP90VS60,0.2819021781080958,0.038059201791924256
10,REVEAL_S90|REVEAL_P150|DEM|REVEAL_VP50VS80|BOUGUER|REVEAL_S100|MOHO_GRAV|GEOID|LAB|REVEAL_VP90VS60,0.2959088642278789,0.03768619659361444
6,REVEAL_S70|CRUST_RHO|GEOID|REVEAL_S80|SEDIMENT|REVEAL_VP90VS60,0.288145943163189,0.037893380708046355
18,REVEAL_S70|REVEAL_P150|DEM|FREE_AIR|MOHO|REVEAL_VP50VS80|BOUGUER|REVEAL_S100|CRUST_RHO|MOHO_GRAV|CTD|LAB|REVEAL_S80|SI|EMAG2_LOG|REVEAL_VP60VS70|SEDIMENT|REVEAL_VP90VS60,0.302861152705205,0.03749967578778848
9,REVEAL_S70|REVEAL_P150|DEM|CRUST_RHO|GEOID|LAB|SI|EMAG2_LOG|REVEAL_VP90VS60,0.2934322366335227,0.03775241866200614
11,REVEAL_S70|REVEAL_S90|DEM|REVEAL_VP50VS80|CRUST_RHO|MOHO_GRAV|GEOID|LAB|SI|SEDIMENT|REVEAL_VP90VS60,0.28334273331444304,0.038021007897139865
12,REVEAL_P150|FREE_AIR|REVEAL_VP50VS80|BOUGUER|GEOID|MAG_SEIS_MOHO|LAB|REVEAL_S80|SI|REVEAL_VP60VS70|SEDIMENT|REVEAL_VP90VS60,0.27582970187353284,0.03821978371601321
21,REVEAL_S70|REVEAL_S90|REVEAL_P150|DEM|FREE_AIR|MOHO|REVEAL_VP50VS80|BOUGUER|REVEAL_S100|CRUST_RHO|MOHO_GRAV|GEOID|MAG_SEIS_MOHO|CTD|LAB|SI|LITH_RHO|EMAG2_LOG|REVEAL_VP60VS70|SEDIMENT|REVEAL_VP90VS60,0.294556008996569,0.037722384736532825
15,REVEAL_S70|REVEAL_S90|REVEAL_P150|FREE_AIR|MOHO|BOUGUER|REVEAL_S100|CRUST_RHO|MOHO_GRAV|GEOID|LAB|SI|EMAG2_LOG|SEDIMENT|REVEAL_VP90VS60,0.29699162004030044,0.03765720840874976
12,REVEAL_S70|REVEAL_P150|BOUGUER|REVEAL_S100|CRUST_RHO|MAG_SEIS_MOHO|CTD|REVEAL_S80|LITH_RHO|EMAG2_LOG|REVEAL_VP60VS70|SEDIMENT,0.26828646394861944,0.038418324062202226
7,DEM|REVEAL_VP50VS80|BOUGUER|REVEAL_S100|CRUST_RHO|REVEAL_VP60VS70|REVEAL_VP90VS60,0.26493961775218366,0.038506086225778544
17,REVEAL_S70|REVEAL_P150|DEM|FREE_AIR|MOHO|REVEAL_VP50VS80|BOUGUER|REVEAL_S100|MOHO_GRAV|MAG_SEIS_MOHO|CTD|LAB|REVEAL_S80|SI|LITH_RHO|REVEAL_VP60VS70|SEDIMENT,0.29452303256251067,0.03772326640482378
8,REVEAL_S70|REVEAL_P150|FREE_AIR|REVEAL_VP50VS80|BOUGUER|LAB|LITH_RHO|SEDIMENT,0.2701644432710051,0.03836899111459288
13,REVEAL_S70|DEM|MOHO|REVEAL_VP50VS80|GEOID|MAG_SEIS_MOHO|CTD|LAB|REVEAL_S80|LITH_RHO|EMAG2_LOG|REVEAL_VP60VS70|REVEAL_VP90VS60,0.2944051677024123,0.03772641750828147
6,REVEAL_S70|REVEAL_S90|FREE_AIR|SI|REVEAL_VP60VS70|SEDIMENT,0.2429678327165603,0.039077343977228264
9,REVEAL_S90|REVEAL_VP50VS80|REVEAL_S100|MOHO_GRAV|MAG_SEIS_MOHO|SI|LITH_RHO|REVEAL_VP60VS70|SEDIMENT,0.2724624138864499,0.03830853891631303
17,REVEAL_S70|REVEAL_S90|DEM|FREE_AIR|MOHO|REVEAL_VP50VS80|BOUGUER|REVEAL_S100|CRUST_RHO|MOHO_GRAV|GEOID|MAG_SEIS_MOHO|CTD|LAB|REVEAL_S80|LITH_RHO|EMAG2_LOG,0.2963808305057566,0.03767356357303696
16,REVEAL_S90|REVEAL_P150|DEM|REVEAL_VP50VS80|BOUGUER|REVEAL_S100|CRUST_RHO|MOHO_GRAV|GEOID|MAG_SEIS_MOHO|LAB|REVEAL_S80|SI|EMAG2_LOG|SEDIMENT|REVEAL_VP90VS60,0.3111763149660728,0.03727536518075966
6,REVEAL_S70|REVEAL_S90|REVEAL_P150|REVEAL_S80|LITH_RHO|SEDIMENT,0.2476114948658944,0.03895730871235239
10,DEM|FREE_AIR|BOUGUER|MOHO_GRAV|GEOID|REVEAL_S80|SI|LITH_RHO|REVEAL_VP60VS70|SEDIMENT,0.2665056709735071,0.03846504556102574
11,REVEAL_P150|DEM|CRUST_RHO|MAG_SEIS_MOHO|CTD|LAB|SI|LITH_RHO|EMAG2_LOG|SEDIMENT|REVEAL_VP90VS60,0.2639726260863572,0.038531405796442035
14,REVEAL_S90|REVEAL_P150|DEM|FREE_AIR|MOHO|BOUGUER|REVEAL_S100|CRUST_RHO|MOHO_GRAV|LAB|EMAG2_LOG|REVEAL_VP60VS70|SEDIMENT|REVEAL_VP90VS60,0.2981469407743169,0.03762625284402524
14,REVEAL_S70|REVEAL_S90|REVEAL_P150|FREE_AIR|REVEAL_VP50VS80|REVEAL_S100|CRUST_RHO|MOHO_GRAV|LAB|REVEAL_S80|EMAG2_LOG|REVEAL_VP60VS70|SEDIMENT|REVEAL_VP90VS60,0.2842998823076368,0.03799560947433734
18,REVEAL_S70|REVEAL_S90|REVEAL_P150|DEM|MOHO|REVEAL_VP50VS80|BOUGUER|REVEAL_S100|MOHO_GRAV|GEOID|MAG_SEIS_MOHO|CTD|LAB|REVEAL_S80|SI|EMAG2_LOG|REVEAL_VP60VS70|REVEAL_VP90VS60,0.3093624968863401,0.03732440986587679
6,REVEAL_P150|GEOID|MAG_SEIS_MOHO|REVEAL_S80|SI|EMAG2_LOG,0.2753086292093775,0.03823353165857687
6,BOUGUER|CRUST_RHO|MOHO_GRAV|GEOID|CTD|REVEAL_VP90VS60,0.2624525002133221,0.03857117495278029
6,REVEAL_S70|REVEAL_S100|MOHO_GRAV|GEOID|CTD|SEDIMENT,0.28299957851802937,0.03803010954891958
9,REVEAL_S70|REVEAL_S90|MOHO|REVEAL_VP50VS80|REVEAL_S100|CRUST_RHO|MOHO_GRAV|GEOID|SEDIMENT,0.2856581589845343,0.03795953776063004
12,REVEAL_S90|REVEAL_P150|FREE_AIR|MOHO|BOUGUER|REVEAL_S100|CTD|LAB|EMAG2_LOG|REVEAL_VP60VS70|SEDIMENT|REVEAL_VP90VS60,0.28552146612859364,0.0379631694598579
19,REVEAL_S70|REVEAL_S90|REVEAL_P150|DEM|FREE_AIR|MOHO|REVEAL_VP50VS80|BOUGUER|REVEAL_S100|CRUST_RHO|MOHO_GRAV|GEOID|MAG_SEIS_MOHO|CTD|LAB|REVEAL_S80|LITH_RHO|EMAG2_LOG|REVEAL_VP90VS60,0.2971591366602685,0.03765272156031158
20,REVEAL_S70|REVEAL_S90|REVEAL_P150|FREE_AIR|MOHO|REVEAL_VP50VS80|BOUGUER|REVEAL_S100|CRUST_RHO|MOHO_GRAV|GEOID|MAG_SEIS_MOHO|CTD|LAB|REVEAL_S80|SI|LITH_RHO|EMAG2_LOG|SEDIMENT|REVEAL_VP90VS60,0.3112376577930558,0.03727370537489322
21,REVEAL_S70|REVEAL_S90|REVEAL_P150|DEM|FREE_AIR|MOHO|REVEAL_VP50VS80|BOUGUER|REVEAL_S100|CRUST_RHO|GEOID|MAG_SEIS_MOHO|CTD|LAB|REVEAL_S80|SI|LITH_RHO|EMAG2_LOG|REVEAL_VP60VS70|SEDIMENT|REVEAL_VP90VS60,0.29899922643087506,0.03760340044170761
10,REVEAL_P150|DEM|REVEAL_VP50VS80|MOHO_GRAV|MAG_SEIS_MOHO|REVEAL_S80|LITH_RHO|EMAG2_LOG|REVEAL_VP60VS70|REVEAL_VP90VS60,0.2723281952313491,0.03831207239936024
17,REVEAL_S70|REVEAL_S90|REVEAL_P150|DEM|MOHO|REVEAL_VP50VS80|BOUGUER|MOHO_GRAV|GEOID|MAG_SEIS_MOHO|CTD|SI|LITH_RHO|EMAG2_LOG|REVEAL_VP60VS70|SEDIMENT|REVEAL_VP90VS60,0.30098084215596177,0.037550213464022125
16,REVEAL_S70|REVEAL_S90|REVEAL_P150|DEM|FREE_AIR|MOHO|REVEAL_S100|GEOID|CTD|LAB|REVEAL_S80|SI|EMAG2_LOG|REVEAL_VP60VS70|SEDIMENT|REVEAL_VP90VS60,0.2911660405614883,0.03781291242977926
15,REVEAL_S70|REVEAL_S90|REVEAL_P150|DEM|FREE_AIR|REVEAL_S100|CRUST_RHO|MOHO_GRAV|GEOID|MAG_SEIS_MOHO|LAB|REVEAL_S80|REVEAL_VP60VS70|SEDIMENT|REVEAL_VP90VS60,0.29805272251742443,0.03762877827363117
14,REVEAL_S70|REVEAL_S90|DEM|REVEAL_VP50VS80|REVEAL_S100|CRUST_RHO|MOHO_GRAV|CTD|LAB|SI|EMAG2_LOG|REVEAL_VP60VS70|SEDIMENT|REVEAL_VP90VS60,0.2680984490610774,0.038423259568092005
17,REVEAL_S70|REVEAL_S90|DEM|MOHO|REVEAL_VP50VS80|BOUGUER|REVEAL_S100|CRUST_RHO|MOHO_GRAV|GEOID|MAG_SEIS_MOHO|CTD|LAB|SI|LITH_RHO|EMAG2_LOG|REVEAL_VP60VS70,0.3057881817129563,0.03742086932408502
15,REVEAL_S70|REVEAL_S90|REVEAL_P150|DEM|FREE_AIR|MOHO|BOUGUER|CRUST_RHO|MOHO_GRAV|GEOID|MAG_SEIS_MOHO|CTD|REVEAL_S80|SI|REVEAL_VP90VS60,0.2963871939545928,0.037673393215017524
13,REVEAL_S70|REVEAL_S90|FREE_AIR|MOHO|BOUGUER|REVEAL_S100|MOHO_GRAV|CTD|LAB|SI|LITH_RHO|EMAG2_LOG|REVEAL_VP90VS60,0.29908599349412435,0.03760107317067176
18,REVEAL_S70|REVEAL_S90|REVEAL_P150|DEM|FREE_AIR|MOHO|REVEAL_VP50VS80|BOUGUER|REVEAL_S100|CRUST_RHO|MAG_SEIS_MOHO|CTD|LAB|REVEAL_S80|SI|LITH_RHO|EMAG2_LOG|REVEAL_VP60VS70,0.3042046264673256,0.03746352507966256
18,REVEAL_S70|REVEAL_S90|REVEAL_P150|DEM|FREE_AIR|MOHO|REVEAL_VP50VS80|REVEAL_S100|CRUST_RHO|MOHO_GRAV|MAG_SEIS_MOHO|CTD|LAB|LITH_RHO|EMAG2_LOG|REVEAL_VP60VS70|SEDIMENT|REVEAL_VP90VS60,0.29564915175688333,0.03769314645588566
11,REVEAL_S90|DEM|BOUGUER|CRUST_RHO|MOHO_GRAV|GEOID|REVEAL_S80|SI|EMAG2_LOG|SEDIMENT|REVEAL_VP90VS60,0.2828898081870366,0.038033020577854584
6,REVEAL_S70|REVEAL_VP50VS80|GEOID|MAG_SEIS_MOHO|LITH_RHO|SEDIMENT,0.289524709893487,0.03785666569947075
15,REVEAL_S70|REVEAL_S90|REVEAL_P150|DEM|FREE_AIR|MOHO|REVEAL_S100|CRUST_RHO|MOHO_GRAV|GEOID|MAG_SEIS_MOHO|LAB|REVEAL_S80|EMAG2_LOG|SEDIMENT,0.3020904845896333,0.03752039750055051
8,REVEAL_S90|REVEAL_VP50VS80|BOUGUER|MOHO_GRAV|LAB|REVEAL_S80|EMAG2_LOG|REVEAL_VP60VS70,0.2583434942901579,0.038678469097511194
9,REVEAL_S70|REVEAL_S90|DEM|MOHO|REVEAL_S100|CRUST_RHO|REVEAL_S80|SI|EMAG2_LOG,0.2775263940695575,0.038174984007382506
11,REVEAL_P150|DEM|FREE_AIR|MOHO|REVEAL_VP50VS80|BOUGUER|MOHO_GRAV|GEOID|MAG_SEIS_MOHO|LITH_RHO|REVEAL_VP60VS70,0.3089144993950963,0.03733651356074839
7,DEM|MOHO|GEOID|MAG_SEIS_MOHO|SI|REVEAL_VP60VS70|REVEAL_VP90VS60,0.2971060183703208,0.03765414436488778
21,REVEAL_S70|REVEAL_S90|DEM|FREE_AIR|MOHO|REVEAL_VP50VS80|BOUGUER|REVEAL_S100|CRUST_RHO|MOHO_GRAV|GEOID|MAG_SEIS_MOHO|CTD|LAB|REVEAL_S80|SI|LITH_RHO|EMAG2_LOG|REVEAL_VP60VS70|SEDIMENT|REVEAL_VP90VS60,0.30264297984029886,0.03750554317828665
16,REVEAL_S90|REVEAL_P150|DEM|FREE_AIR|REVEAL_VP50VS80|BOUGUER|REVEAL_S100|CRUST_RHO|MOHO_GRAV|GEOID|MAG_SEIS_MOHO|CTD|REVEAL_S80|LITH_RHO|SEDIMENT|REVEAL_VP90VS60,0.29486281771620393,0.03771418081434729
12,REVEAL_S70|REVEAL_S90|REVEAL_P150|MOHO|REVEAL_VP50VS80|BOUGUER|REVEAL_S100|MAG_SEIS_MOHO|CTD|LAB|LITH_RHO|REVEAL_VP90VS60,0.30226483883741806,0.037515710467943934
10,MOHO|REVEAL_VP50VS80|BOUGUER|GEOID|MAG_SEIS_MOHO|CTD|LAB|REVEAL_S80|SEDIMENT|REVEAL_VP90VS60,0.3047642359692062,0.03744845659653704
7,FREE_AIR|MOHO|REVEAL_S100|CTD|REVEAL_S80|EMAG2_LOG|REVEAL_VP90VS60,0.25025492094583945,0.03888881259829895
15,REVEAL_S70|REVEAL_P150|DEM|FREE_AIR|MOHO|BOUGUER|REVEAL_S100|MAG_SEIS_MOHO|CTD|LAB|SI|LITH_RHO|EMAG2_LOG|SEDIMENT|REVEAL_VP90VS60,0.29117151920118733,0.0378127662998424
6,REVEAL_S90|MOHO|CRUST_RHO|MOHO_GRAV|LAB|SEDIMENT,0.289196382330154,0.03786541192283053
20,REVEAL_S90|REVEAL_P150|DEM|FREE_AIR|MOHO|REVEAL_VP50VS80|BOUGUER|REVEAL_S100|CRUST_RHO|MOHO_GRAV|GEOID|MAG_SEIS_MOHO|CTD|LAB|REVEAL_S80|SI|LITH_RHO|EMAG2_LOG|REVEAL_VP60VS70|REVEAL_VP90VS60,0.31603970868989717,0.037143541970462955
20,REVEAL_S70|REVEAL_S90|REVEAL_P150|DEM|FREE_AIR|MOHO|REVEAL_VP50VS80|BOUGUER|CRUST_RHO|MOHO_GRAV|GEOID|MAG_SEIS_MOHO|CTD|LAB|REVEAL_S80|LITH_RHO|EMAG2_LOG|REVEAL_VP60VS70|SEDIMENT|REVEAL_VP90VS60,0.3202070461114167,0.03703021216392084
18,REVEAL_S70|REVEAL_P150|FREE_AIR|MOHO|REVEAL_VP50VS80|BOUGUER|REVEAL_S100|MOHO_GRAV|GEOID|MAG_SEIS_MOHO|CTD|LAB|SI|LITH_RHO|EMAG2_LOG|REVEAL_VP60VS70|SEDIMENT|REVEAL_VP90VS60,0.3095899291662444,0.037318263751190295
6,REVEAL_S90|MOHO|GEOID|CTD|SI|SEDIMENT,0.29405902111740145,0.03773567017623916
13,REVEAL_P150|FREE_AIR|REVEAL_VP50VS80|REVEAL_S100|CRUST_RHO|MAG_SEIS_MOHO|CTD|LAB|REVEAL_S80|SI|LITH_RHO|REVEAL_VP60VS70|SEDIMENT,0.29093672829491046,0.03781902829328662
19,REVEAL_S70|REVEAL_P150|DEM|FREE_AIR|MOHO|BOUGUER|REVEAL_S100|CRUST_RHO|MOHO_GRAV|GEOID|MAG_SEIS_MOHO|CTD|LAB|REVEAL_S80|SI|LITH_RHO|EMAG2_LOG|REVEAL_VP60VS70|SEDIMENT,0.301900182503243,0.03752551257857786
7,REVEAL_S90|REVEAL_VP50VS80|REVEAL_S100|MOHO_GRAV|GEOID|MAG_SEIS_MOHO|REVEAL_S80,0.2932471190683845,0.03775736381977819
12,REVEAL_S90|REVEAL_P150|FREE_AIR|MOHO|REVEAL_S100|CRUST_RHO|GEOID|MAG_SEIS_MOHO|LAB|REVEAL_S80|LITH_RHO|SEDIMENT,0.30614688889260566,0.03741120017947994
8,REVEAL_S70|DEM|FREE_AIR|REVEAL_S80|SI|LITH_RHO|EMAG2_LOG|REVEAL_VP90VS60,0.26114475040934726,0.03860535519662414
9,DEM|FREE_AIR|MOHO|REVEAL_VP50VS80|GEOID|LAB|EMAG2_LOG|REVEAL_VP60VS70|REVEAL_VP90VS60,0.2731772836077011,0.038289713534943884
12,REVEAL_S90|FREE_AIR|MOHO|REVEAL_VP50VS80|BOUGUER|REVEAL_S100|CRUST_RHO|GEOID|LAB|LITH_RHO|REVEAL_VP60VS70|SEDIMENT,0.31331853755359085,0.03721735736817221
8,REVEAL_S70|MOHO|BOUGUER|MAG_SEIS_MOHO|REVEAL_S80|SI|EMAG2_LOG|REVEAL_VP60VS70,0.2909736201254749,0.037818044437975026
17,REVEAL_S70|REVEAL_S90|REVEAL_P150|DEM|FREE_AIR|MOHO|REVEAL_VP50VS80|CRUST_RHO|MOHO_GRAV|MAG_SEIS_MOHO|CTD|LAB|REVEAL_S80|LITH_RHO|EMAG2_LOG|REVEAL_VP60VS70|REVEAL_VP90VS60,0.2835563227440342,0.03801534166661704
13,REVEAL_S90|REVEAL_P150|FREE_AIR|MOHO|REVEAL_S100|CRUST_RHO|GEOID|MAG_SEIS_MOHO|CTD|LAB|SI|REVEAL_VP60VS70|SEDIMENT,0.30453882189642145,0.03745452700130888
12,REVEAL_S90|REVEAL_P150|DEM|FREE_AIR|MOHO|REVEAL_S100|CRUST_RHO|MAG_SEIS_MOHO|CTD|LAB|LITH_RHO|REVEAL_VP60VS70,0.2937277990373228,0.03774452178125373
13,REVEAL_S70|REVEAL_S90|FREE_AIR|MOHO|REVEAL_VP50VS80|BOUGUER|GEOID|MAG_SEIS_MOHO|CTD|REVEAL_S80|LITH_RHO|SEDIMENT|REVEAL_VP90VS60,0.30104189020186667,0.03754857372555282
8,FREE_AIR|REVEAL_VP50VS80|BOUGUER|MOHO_GRAV|GEOID|REVEAL_S80|EMAG2_LOG|SEDIMENT,0.279351917194106,0.038126723840229575
12,REVEAL_P150|DEM|FREE_AIR|REVEAL_VP50VS80|BOUGUER|REVEAL_S100|MAG_SEIS_MOHO|LAB|REVEAL_S80|SI|REVEAL_VP60VS70|SEDIMENT,0.28460865316988115,0.03798741246385462
10,REVEAL_S90|FREE_AIR|BOUGUER|REVEAL_S100|GEOID|REVEAL_S80|SI|EMAG2_LOG|REVEAL_VP60VS70|SEDIMENT,0.29039220575639835,0.0378335469984498
13,REVEAL_S70|REVEAL_S90|REVEAL_P150|MOHO|REVEAL_S100|CRUST_RHO|MAG_SEIS_MOHO|CTD|LAB|SI|LITH_RHO|EMAG2_LOG|REVEAL_VP60VS70,0.3058255991277278,0.037419860834298824
5,REVEAL_P150|FREE_AIR|MOHO|REVEAL_S100|REVEAL_VP90VS60,0.2586596413956376,0.038670224452345484
18,REVEAL_S70|REVEAL_P150|DEM|FREE_AIR|MOHO|REVEAL_VP50VS80|BOUGUER|REVEAL_S100|CRUST_RHO|MOHO_GRAV|MAG_SEIS_MOHO|CTD|LAB|REVEAL_S80|LITH_RHO|EMAG2_LOG|REVEAL_VP60VS70|REVEAL_VP90VS60,0.2892900378758254,0.037862917265691326
21,REVEAL_S70|REVEAL_S90|REVEAL_P150|DEM|FREE_AIR|MOHO|REVEAL_VP50VS80|BOUGUER|REVEAL_S100|CRUST_RHO|MOHO_GRAV|MAG_SEIS_MOHO|CTD|LAB|REVEAL_S80|SI|LITH_RHO|EMAG2_LOG|REVEAL_VP60VS70|SEDIMENT|REVEAL_VP90VS60,0.29915301946739725,0.03759927529764061
18,REVEAL_S70|REVEAL_S90|REVEAL_P150|DEM|FREE_AIR|MOHO|BOUGUER|REVEAL_S100|CRUST_RHO|MOHO_GRAV|GEOID|MAG_SEIS_MOHO|LAB|LITH_RHO|EMAG2_LOG|REVEAL_VP60VS70|SEDIMENT|REVEAL_VP90VS60,0.3028297883968315,0.03750051933435844
13,REVEAL_S90|MOHO|REVEAL_VP50VS80|BOUGUER|REVEAL_S100|MOHO_GRAV|GEOID|MAG_SEIS_MOHO|CTD|REVEAL_S80|LITH_RHO|SEDIMENT|REVEAL_VP90VS60,0.3005089907649181,0.03756288488457535
17,REVEAL_S70|REVEAL_P150|DEM|MOHO|REVEAL_VP50VS80|BOUGUER|REVEAL_S100|CRUST_RHO|GEOID|MAG_SEIS_MOHO|CTD|LAB|SI|EMAG2_LOG|REVEAL_VP60VS70|SEDIMENT|REVEAL_VP90VS60,0.32217896530890977,0.03697646519827684
20,REVEAL_S70|REVEAL_S90|REVEAL_P150|DEM|FREE_AIR|MOHO|REVEAL_VP50VS80|BOUGUER|CRUST_RHO|MOHO_GRAV|GEOID|MAG_SEIS_MOHO|CTD|REVEAL_S80|SI|LITH_RHO|EMAG2_LOG|REVEAL_VP60VS70|SEDIMENT|REVEAL_VP90VS60,0.29882969430348416,0.03760794722633655
5,REVEAL_S90|DEM|MOHO_GRAV|CTD|LITH_RHO,0.25520672828662716,0.03876017625782804
17,REVEAL_S70|REVEAL_S90|REVEAL_P150|FREE_AIR|BOUGUER|REVEAL_S100|CRUST_RHO|MOHO_GRAV|MAG_SEIS_MOHO|CTD|LAB|REVEAL_S80|SI|LITH_RHO|EMAG2_LOG|SEDIMENT|REVEAL_VP90VS60,0.29309618742597754,0.03776139526900722
18,REVEAL_S70|REVEAL_S90|REVEAL_P150|DEM|FREE_AIR|MOHO|BOUGUER|REVEAL_S100|CRUST_RHO|MAG_SEIS_MOHO|CTD|LAB|REVEAL_S80|SI|EMAG2_LOG|REVEAL_VP60VS70|SEDIMENT|REVEAL_VP90VS60,0.2901335757918726,0.037840440945773934
21,REVEAL_S70|REVEAL_P150|DEM|FREE_AIR|MOHO|REVEAL_VP50VS80|BOUGUER|REVEAL_S100|CRUST_RHO|MOHO_GRAV|GEOID|MAG_SEIS_MOHO|CTD|LAB|REVEAL_S80|SI|LITH_RHO|EMAG2_LOG|REVEAL_VP60VS70|SEDIMENT|REVEAL_VP90VS60,0.3094347268866515,0.03732245803686647
14,REVEAL_S70|REVEAL_P150|DEM|FREE_AIR|MOHO|BOUGUER|CRUST_RHO|MOHO_GRAV|CTD|LAB|SI|LITH_RHO|SEDIMENT|REVEAL_VP90VS60,0.2920819427614366,0.037788475025240936
6,REVEAL_S90|REVEAL_S100|MAG_SEIS_MOHO|SI|SEDIMENT|REVEAL_VP90VS60,0.268011711817405,0.03842553626014813
19,REVEAL_S90|REVEAL_P150|DEM|FREE_AIR|MOHO|REVEAL_VP50VS80|BOUGUER|REVEAL_S100|MOHO_GRAV|GEOID|MAG_SEIS_MOHO|CTD|LAB|REVEAL_S80|SI|LITH_RHO|EMAG2_LOG|SEDIMENT|REVEAL_VP90VS60,0.3072914530121459,0.03738033111669796
8,BOUGUER|REVEAL_S100|CRUST_RHO|GEOID|MAG_SEIS_MOHO|LAB|REVEAL_S80|REVEAL_VP90VS60,0.30709885606806897,0.037385527268258584
7,REVEAL_S70|DEM|REVEAL_S100|GEOID|CTD|REVEAL_S80|REVEAL_VP60VS70,0.2884714322290466,0.03788471650842375
18,REVEAL_S70|REVEAL_S90|REVEAL_P150|FREE_AIR|MOHO|REVEAL_VP50VS80|BOUGUER|REVEAL_S100|CRUST_RHO|GEOID|MAG_SEIS_MOHO|CTD|LAB|SI|EMAG2_LOG|REVEAL_VP60VS70|SEDIMENT|REVEAL_VP90VS60,0.3162050545859857,0.037139052014299276
6,REVEAL_S70|BOUGUER|MOHO_GRAV|LITH_RHO|EMAG2_LOG|REVEAL_VP90VS60,0.23883557162352864,0.03918385070031711
20,REVEAL_S70|REVEAL_S90|REVEAL_P150|DEM|FREE_AIR|REVEAL_VP50VS80|BOUGUER|CRUST_RHO|MOHO_GRAV|GEOID|MAG_SEIS_MOHO|CTD|LAB|REVEAL_S80|SI|LITH_RHO|EMAG2_LOG|REVEAL_VP60VS70|SEDIMENT|REVEAL_VP90VS60,0.30770367123957476,0.037369207284774004
17,REVEAL_S70|REVEAL_P150|DEM|MOHO|REVEAL_VP50VS80|BOUGUER|REVEAL_S100|CRUST_RHO|GEOID|MAG_SEIS_MOHO|CTD|LAB|SI|EMAG2_LOG|REVEAL_VP60VS70|SEDIMENT|REVEAL_VP90VS60,0.32217896530890977,0.03697646519827684
17,REVEAL_S70|REVEAL_S90|REVEAL_P150|DEM|FREE_AIR|MOHO|REVEAL_VP50VS80|REVEAL_S100|MOHO_GRAV|GEOID|MAG_SEIS_MOHO|LAB|SI|LITH_RHO|EMAG2_LOG|REVEAL_VP60VS70|SEDIMENT,0.30479629228616345,0.03744759323946128
18,REVEAL_S70|REVEAL_S90|REVEAL_P150|DEM|FREE_AIR|MOHO|BOUGUER|REVEAL_S100|MOHO_GRAV|GEOID|MAG_SEIS_MOHO|CTD|LAB|REVEAL_S80|SI|LITH_RHO|REVEAL_VP60VS70|REVEAL_VP90VS60,0.30157609751214043,0.037534221966532264
8,REVEAL_S90|REVEAL_P150|FREE_AIR|GEOID|MAG_SEIS_MOHO|SI|SEDIMENT|REVEAL_VP90VS60,0.26851903532610455,0.03841221804379028
13,REVEAL_S70|REVEAL_S90|REVEAL_P150|FREE_AIR|MOHO|REVEAL_VP50VS80|BOUGUER|CRUST_RHO|MOHO_GRAV|MAG_SEIS_MOHO|LAB|LITH_RHO|SEDIMENT,0.2995905586226283,0.037587536841154276
21,REVEAL_S70|REVEAL_S90|REVEAL_P150|DEM|FREE_AIR|MOHO|REVEAL_VP50VS80|BOUGUER|REVEAL_S100|CRUST_RHO|MOHO_GRAV|GEOID|MAG_SEIS_MOHO|CTD|LAB|REVEAL_S80|SI|EMAG2_LOG|REVEAL_VP60VS70|SEDIMENT|REVEAL_VP90VS60,0.29247966709994433,0.03777785832487878
15,REVEAL_S70|REVEAL_S90|DEM|FREE_AIR|REVEAL_VP50VS80|BOUGUER|CRUST_RHO|MOHO_GRAV|GEOID|MAG_SEIS_MOHO|REVEAL_S80|SI|LITH_RHO|REVEAL_VP60VS70|REVEAL_VP90VS60,0.3070879119827532,0.037385822511518035
14,REVEAL_P150|DEM|MOHO|REVEAL_VP50VS80|BOUGUER|REVEAL_S100|MOHO_GRAV|CTD|REVEAL_S80|SI|LITH_RHO|EMAG2_LOG|SEDIMENT|REVEAL_VP90VS60,0.2952233504007479,0.037704538057105955
5,REVEAL_P150|MOHO|CRUST_RHO|SI|LITH_RHO,0.25463240377346796,0.038775117739177196
20,REVEAL_S70|REVEAL_P150|DEM|FREE_AIR|MOHO|REVEAL_VP50VS80|REVEAL_S100|CRUST_RHO|MOHO_GRAV|GEOID|MAG_SEIS_MOHO|CTD|LAB|REVEAL_S80|SI|LITH_RHO|EMAG2_LOG|REVEAL_VP60VS70|SEDIMENT|REVEAL_VP90VS60,0.31592836375855093,0.03714656522844871
14,REVEAL_S90|DEM|FREE_AIR|MOHO|REVEAL_VP50VS80|BOUGUER|REVEAL_S100|CTD|REVEAL_S80|SI|LITH_RHO|EMAG2_LOG|SEDIMENT|REVEAL_VP90VS60,0.27877419083781996,0.038142003420473324
19,REVEAL_S70|DEM|FREE_AIR|MOHO|REVEAL_VP50VS80|BOUGUER|REVEAL_S100|CRUST_RHO|MOHO_GRAV|GEOID|MAG_SEIS_MOHO|CTD|LAB|REVEAL_S80|LITH_RHO|EMAG2_LOG|REVEAL_VP60VS70|SEDIMENT|REVEAL_VP90VS60,0.2979203058180404,0.03763232728921773
14,REVEAL_S70|REVEAL_S90|REVEAL_P150|DEM|REVEAL_VP50VS80|BOUGUER|REVEAL_S100|MOHO_GRAV|MAG_SEIS_MOHO|CTD|REVEAL_S80|SI|LITH_RHO|REVEAL_VP60VS70,0.2922682889003291,0.03778350114457366
20,REVEAL_S70|REVEAL_S90|REVEAL_P150|DEM|FREE_AIR|MOHO|BOUGUER|REVEAL_S100|CRUST_RHO|MOHO_GRAV|GEOID|MAG_SEIS_MOHO|CTD|LAB|REVEAL_S80|SI|EMAG2_LOG|REVEAL_VP60VS70|SEDIMENT|REVEAL_VP90VS60,0.3035780377835501,0.0374803899075242
19,REVEAL_S70|REVEAL_S90|REVEAL_P150|DEM|FREE_AIR|MOHO|REVEAL_VP50VS80|BOUGUER|CRUST_RHO|MOHO_GRAV|GEOID|MAG_SEIS_MOHO|CTD|SI|LITH_RHO|EMAG2_LOG|REVEAL_VP60VS70|SEDIMENT|REVEAL_VP90VS60,0.2912737124475564,0.03781004042980837
7,REVEAL_S70|DEM|REVEAL_VP50VS80|REVEAL_S100|CRUST_RHO|MOHO_GRAV|CTD,0.26254254981131075,0.038568820240152867
17,REVEAL_S70|REVEAL_P150|DEM|MOHO|REVEAL_VP50VS80|BOUGUER|REVEAL_S100|MOHO_GRAV|GEOID|CTD|LAB|REVEAL_S80|SI|LITH_RHO|EMAG2_LOG|REVEAL_VP60VS70|REVEAL_VP90VS60,0.29778301591876966,0.03763600656232199
10,REVEAL_P150|DEM|REVEAL_VP50VS80|BOUGUER|REVEAL_S100|CRUST_RHO|MOHO_GRAV|MAG_SEIS_MOHO|EMAG2_LOG|REVEAL_VP60VS70,0.27648119160469775,0.03820258789937165
20,REVEAL_S90|REVEAL_P150|DEM|FREE_AIR|MOHO|REVEAL_VP50VS80|BOUGUER|REVEAL_S100|MOHO_GRAV|GEOID|MAG_SEIS_MOHO|CTD|LAB|REVEAL_S80|SI|LITH_RHO|EMAG2_LOG|REVEAL_VP60VS70|SEDIMENT|REVEAL_VP90VS60,0.30385050759172705,0.03747305723116791
21,REVEAL_S70|REVEAL_S90|REVEAL_P150|DEM|FREE_AIR|MOHO|REVEAL_VP50VS80|REVEAL_S100|CRUST_RHO|MOHO_GRAV|GEOID|MAG_SEIS_MOHO|CTD|LAB|REVEAL_S80|SI|LITH_RHO|EMAG2_LOG|REVEAL_VP60VS70|SEDIMENT|REVEAL_VP90VS60,0.2994100708629164,0.037592379475281434
6,BOUGUER|MOHO_GRAV|GEOID|REVEAL_S80|SEDIMENT|REVEAL_VP90VS60,0.2888136558234571,0.037875604714627274
16,REVEAL_S70|REVEAL_S90|DEM|FREE_AIR|REVEAL_VP50VS80|BOUGUER|REVEAL_S100|CRUST_RHO|MOHO_GRAV|MAG_SEIS_MOHO|CTD|LAB|REVEAL_S80|SI|LITH_RHO|SEDIMENT,0.28788657241793936,0.03790028348481095
19,REVEAL_S90|REVEAL_P150|DEM|FREE_AIR|MOHO|BOUGUER|REVEAL_S100|CRUST_RHO|MOHO_GRAV|GEOID|MAG_SEIS_MOHO|LAB|REVEAL_S80|SI|LITH_RHO|EMAG2_LOG|REVEAL_VP60VS70|SEDIMENT|REVEAL_VP90VS60,0.30322847787809637,0.037489795123489655
12,REVEAL_S70|REVEAL_P150|MOHO|REVEAL_VP50VS80|BOUGUER|REVEAL_S100|CRUST_RHO|MAG_SEIS_MOHO|REVEAL_S80|EMAG2_LOG|SEDIMENT|REVEAL_VP90VS60,0.28495335866234994,0.0379782593985254
10,REVEAL_S70|DEM|FREE_AIR|REVEAL_VP50VS80|REVEAL_S100|MOHO_GRAV|GEOID|CTD|REVEAL_S80|SI,0.3012518585222915,0.03754293347112925
15,REVEAL_S70|REVEAL_P150|FREE_AIR|MOHO|REVEAL_VP50VS80|BOUGUER|REVEAL_S100|CRUST_RHO|MOHO_GRAV|GEOID|MAG_SEIS_MOHO|LAB|REVEAL_S80|LITH_RHO|SEDIMENT,0.30499021951474226,0.03744236986794758
18,REVEAL_S70|REVEAL_S90|FREE_AIR|MOHO|REVEAL_VP50VS80|REVEAL_S100|CRUST_RHO|MOHO_GRAV|MAG_SEIS_MOHO|CTD|LAB|REVEAL_S80|SI|LITH_RHO|EMAG2_LOG|REVEAL_VP60VS70|SEDIMENT|REVEAL_VP90VS60,0.30068141481214505,0.03755825498674302
15,REVEAL_S70|REVEAL_P150|DEM|FREE_AIR|MOHO|REVEAL_S100|CRUST_RHO|CTD|LAB|REVEAL_S80|SI|LITH_RHO|EMAG2_LOG|REVEAL_VP60VS70|REVEAL_VP90VS60,0.2970968658972042,0.03765438951382288
15,REVEAL_S70|REVEAL_S90|DEM|FREE_AIR|MOHO|REVEAL_VP50VS80|REVEAL_S100|CRUST_RHO|MOHO_GRAV|MAG_SEIS_MOHO|LAB|REVEAL_S80|EMAG2_LOG|REVEAL_VP60VS70|SEDIMENT,0.29256526805807803,0.0377755729356559
20,REVEAL_S70|REVEAL_S90|REVEAL_P150|DEM|FREE_AIR|MOHO|REVEAL_VP50VS80|BOUGUER|REVEAL_S100|MOHO_GRAV|GEOID|MAG_SEIS_MOHO|CTD|LAB|REVEAL_S80|SI|LITH_RHO|EMAG2_LOG|REVEAL_VP60VS70|SEDIMENT,0.3076177211057507,0.03737152694800852
19,REVEAL_S70|REVEAL_S90|DEM|FREE_AIR|REVEAL_VP50VS80|BOUGUER|REVEAL_S100|CRUST_RHO|MOHO_GRAV|GEOID|MAG_SEIS_MOHO|CTD|LAB|REVEAL_S80|SI|LITH_RHO|EMAG2_LOG|REVEAL_VP60VS70|SEDIMENT,0.29700002492730304,0.0376569833008161
20,REVEAL_S70|REVEAL_S90|REVEAL_P150|DEM|FREE_AIR|MOHO|REVEAL_VP50VS80|REVEAL_S100|CRUST_RHO|MOHO_GRAV|GEOID|MAG_SEIS_MOHO|CTD|LAB|REVEAL_S80|SI|EMAG2_LOG|REVEAL_VP60VS70|SEDIMENT|REVEAL_VP90VS60,0.30333458867282126,0.0374869403688863
9,REVEAL_S90|MOHO|REVEAL_S100|CRUST_RHO|MAG_SEIS_MOHO|CTD|REVEAL_S80|REVEAL_VP60VS70|SEDIMENT,0.2838019541060225,0.038008824363902204
16,REVEAL_S70|REVEAL_P150|FREE_AIR|REVEAL_VP50VS80|BOUGUER|REVEAL_S100|CRUST_RHO|MOHO_GRAV|GEOID|MAG_SEIS_MOHO|LAB|REVEAL_S80|LITH_RHO|EMAG2_LOG|SEDIMENT|REVEAL_VP90VS60,0.287598082878211,0.037907959739581026
16,REVEAL_S70|REVEAL_P150|DEM|MOHO|REVEAL_VP50VS80|MOHO_GRAV|GEOID|MAG_SEIS_MOHO|CTD|LAB|REVEAL_S80|SI|LITH_RHO|EMAG2_LOG|REVEAL_VP60VS70|REVEAL_VP90VS60,0.31254891991978395,0.037238207729601916
14,REVEAL_S70|REVEAL_P150|FREE_AIR|MOHO|REVEAL_VP50VS80|BOUGUER|REVEAL_S100|CRUST_RHO|GEOID|LAB|REVEAL_S80|EMAG2_LOG|REVEAL_VP60VS70|REVEAL_VP90VS60,0.3152272698123877,0.03716559581034873
14,REVEAL_S90|REVEAL_P150|FREE_AIR|MOHO|REVEAL_VP50VS80|BOUGUER|CRUST_RHO|GEOID|MAG_SEIS_MOHO|CTD|SI|LITH_RHO|REVEAL_VP60VS70|REVEAL_VP90VS60,0.30193072476511695,0.037524691688398934
18,REVEAL_S70|REVEAL_S90|DEM|MOHO|REVEAL_VP50VS80|BOUGUER|REVEAL_S100|CRUST_RHO|MOHO_GRAV|GEOID|MAG_SEIS_MOHO|LAB|REVEAL_S80|SI|LITH_RHO|REVEAL_VP60VS70|SEDIMENT|REVEAL_VP90VS60,0.31679251456023627,0.03712309518784721
14,REVEAL_S70|REVEAL_S90|REVEAL_P150|MOHO|REVEAL_VP50VS80|BOUGUER|REVEAL_S100|CRUST_RHO|LAB|REVEAL_S80|SI|EMAG2_LOG|SEDIMENT|REVEAL_VP90VS60,0.30181820698361883,0.03752771576142852
9,REVEAL_S90|REVEAL_P150|REVEAL_VP50VS80|BOUGUER|MOHO_GRAV|GEOID|MAG_SEIS_MOHO|LITH_RHO|REVEAL_VP90VS60,0.29185976628196897,0.03779440442033499
5,REVEAL_S90|REVEAL_VP50VS80|CRUST_RHO|LITH_RHO|EMAG2_LOG,0.2520163173320209,0.03884310446721035
18,REVEAL_S70|REVEAL_P150|DEM|FREE_AIR|MOHO|REVEAL_VP50VS80|REVEAL_S100|CRUST_RHO|MOHO_GRAV|GEOID|MAG_SEIS_MOHO|REVEAL_S80|SI|LITH_RHO|EMAG2_LOG|REVEAL_VP60VS70|SEDIMENT|REVEAL_VP90VS60,0.3099128220477131,0.037309536176504045
9,REVEAL_S90|MOHO|REVEAL_VP50VS80|CRUST_RHO|MAG_SEIS_MOHO|CTD|REVEAL_S80|SI|EMAG2_LOG,0.27380074142875943,0.038273287835598774
16,REVEAL_S70|REVEAL_P150|DEM|FREE_AIR|REVEAL_VP50VS80|BOUGUER|REVEAL_S100|CRUST_RHO|MAG_SEIS_MOHO|CTD|LAB|REVEAL_S80|LITH_RHO|EMAG2_LOG|REVEAL_VP60VS70|REVEAL_VP90VS60,0.29079077086486427,0.03782292052996068
15,DEM|FREE_AIR|MOHO|BOUGUER|REVEAL_S100|CRUST_RHO|MOHO_GRAV|GEOID|MAG_SEIS_MOHO|CTD|LAB|REVEAL_S80|SI|LITH_RHO|REVEAL_VP60VS70,0.30403805120159166,0.03746800924514401
21,REVEAL_S70|REVEAL_S90|REVEAL_P150|DEM|FREE_AIR|MOHO|REVEAL_VP50VS80|REVEAL_S100|CRUST_RHO|MOHO_GRAV|GEOID|MAG_SEIS_MOHO|CTD|LAB|REVEAL_S80|SI|LITH_RHO|EMAG2_LOG|REVEAL_VP60VS70|SEDIMENT|REVEAL_VP90VS60,0.2994100708629164,0.037592379475281434
21,REVEAL_S70|REVEAL_S90|REVEAL_P150|DEM|FREE_AIR|MOHO|REVEAL_VP50VS80|BOUGUER|REVEAL_S100|CRUST_RHO|MOHO_GRAV|GEOID|MAG_SEIS_MOHO|LAB|REVEAL_S80|SI|LITH_RHO|EMAG2_LOG|REVEAL_VP60VS70|SEDIMENT|REVEAL_VP90VS60,0.30192337697062865,0.03752488917810876
20,REVEAL_S70|REVEAL_S90|REVEAL_P150|DEM|FREE_AIR|MOHO|REVEAL_VP50VS80|BOUGUER|CRUST_RHO|MOHO_GRAV|GEOID|MAG_SEIS_MOHO|CTD|LAB|REVEAL_S80|SI|EMAG2_LOG|REVEAL_VP60VS70|SEDIMENT|REVEAL_VP90VS60,0.305718747029311,0.03742274068466097
15,REVEAL_S90|REVEAL_P150|DEM|REVEAL_VP50VS80|BOUGUER|REVEAL_S100|CRUST_RHO|MOHO_GRAV|MAG_SEIS_MOHO|CTD|LAB|REVEAL_S80|SI|LITH_RHO|EMAG2_LOG,0.2957486777418724,0.03769048330862845
21,REVEAL_S70|REVEAL_S90|REVEAL_P150|DEM|FREE_AIR|MOHO|REVEAL_VP50VS80|BOUGUER|REVEAL_S100|MOHO_GRAV|GEOID|MAG_SEIS_MOHO|CTD|LAB|REVEAL_S80|SI|LITH_RHO|EMAG2_LOG|REVEAL_VP60VS70|SEDIMENT|REVEAL_VP90VS60,0.29171449345448797,0.0377982809254188
10,REVEAL_S70|FREE_AIR|REVEAL_VP50VS80|REVEAL_S100|CRUST_RHO|MAG_SEIS_MOHO|CTD|LAB|REVEAL_VP60VS70|SEDIMENT,0.27424524427526265,0.03826157260089337
18,REVEAL_S70|REVEAL_S90|REVEAL_P150|DEM|MOHO|REVEAL_VP50VS80|BOUGUER|REVEAL_S100|CRUST_RHO|MOHO_GRAV|GEOID|MAG_SEIS_MOHO|CTD|SI|EMAG2_LOG|REVEAL_VP60VS70|SEDIMENT|REVEAL_VP90VS60,0.29560951546404324,0.03769420700374822
20,REVEAL_S70|REVEAL_S90|REVEAL_P150|DEM|FREE_AIR|MOHO|REVEAL_VP50VS80|BOUGUER|REVEAL_S100|CRUST_RHO|MOHO_GRAV|GEOID|MAG_SEIS_MOHO|CTD|LAB|LITH_RHO|EMAG2_LOG|REVEAL_VP60VS70|SEDIMENT|REVEAL_VP90VS60,0.2993660085563504,0.037593561608250205
16,REVEAL_S70|REVEAL_S90|REVEAL_P150|FREE_AIR|MOHO|REVEAL_VP50VS80|BOUGUER|CRUST_RHO|MOHO_GRAV|CTD|SI|LITH_RHO|EMAG2_LOG|REVEAL_VP60VS70|SEDIMENT|REVEAL_VP90VS60,0.29504668665267075,0.03770926338934077
10,REVEAL_S70|REVEAL_S90|DEM|CRUST_RHO|MAG_SEIS_MOHO|LAB|SI|LITH_RHO|REVEAL_VP60VS70|SEDIMENT,0.29251024581794716,0.03777704194483653
10,REVEAL_S70|REVEAL_S90|REVEAL_P150|FREE_AIR|MOHO_GRAV|GEOID|CTD|LAB|EMAG2_LOG|REVEAL_VP60VS70,0.2904913624490816,0.03783090358015298
19,REVEAL_S70|REVEAL_S90|REVEAL_P150|DEM|MOHO|REVEAL_VP50VS80|BOUGUER|REVEAL_S100|MOHO_GRAV|GEOID|MAG_SEIS_MOHO|CTD|LAB|REVEAL_S80|SI|LITH_RHO|EMAG2_LOG|REVEAL_VP60VS70|SEDIMENT,0.3048468677364039,0.03744623107516745
20,REVEAL_S70|REVEAL_S90|REVEAL_P150|DEM|FREE_AIR|MOHO|REVEAL_VP50VS80|BOUGUER|REVEAL_S100|MOHO_GRAV|GEOID|MAG_SEIS_MOHO|CTD|LAB|REVEAL_S80|SI|EMAG2_LOG|REVEAL_VP60VS70|SEDIMENT|REVEAL_VP90VS60,0.31321520904614053,0.037220157406866954
20,REVEAL_S90|REVEAL_P150|DEM|FREE_AIR|MOHO|REVEAL_VP50VS80|BOUGUER|REVEAL_S100|CRUST_RHO|GEOID|MAG_SEIS_MOHO|CTD|LAB|REVEAL_S80|SI|LITH_RHO|EMAG2_LOG|REVEAL_VP60VS70|SEDIMENT|REVEAL_VP90VS60,0.30305591279838184,0.03749443726855967
14,REVEAL_S70|REVEAL_S90|REVEAL_P150|FREE_AIR|MOHO|REVEAL_VP50VS80|BOUGUER|MOHO_GRAV|GEOID|MAG_SEIS_MOHO|REVEAL_S80|LITH_RHO|REVEAL_VP60VS70|REVEAL_VP90VS60,0.2893094982807112,0.037862398887742954
12,REVEAL_P150|DEM|FREE_AIR|REVEAL_VP50VS80|BOUGUER|REVEAL_S100|CRUST_RHO|GEOID|MAG_SEIS_MOHO|REVEAL_S80|EMAG2_LOG|SEDIMENT,0.2804287056641278,0.03809822881963584
11,REVEAL_S70|DEM|MOHO|BOUGUER|REVEAL_S100|GEOID|SI|LITH_RHO|EMAG2_LOG|REVEAL_VP60VS70|SEDIMENT,0.3025902944064709,0.03750695992640555
14,REVEAL_S70|REVEAL_S90|REVEAL_P150|FREE_AIR|BOUGUER|REVEAL_S100|CRUST_RHO|GEOID|MAG_SEIS_MOHO|LAB|REVEAL_S80|LITH_RHO|EMAG2_LOG|REVEAL_VP90VS60,0.29474936685005815,0.03771721464556368
18,REVEAL_S70|REVEAL_S90|REVEAL_P150|DEM|MOHO|REVEAL_VP50VS80|BOUGUER|REVEAL_S100|CRUST_RHO|MOHO_GRAV|GEOID|CTD|LAB|REVEAL_S80|EMAG2_LOG|REVEAL_VP60VS70|SEDIMENT|REVEAL_VP90VS60,0.3125452152517527,0.03723830806765931
12,REVEAL_S70|REVEAL_P150|FREE_AIR|MOHO|REVEAL_VP50VS80|BOUGUER|MOHO_GRAV|LAB|LITH_RHO|EMAG2_LOG|REVEAL_VP60VS70|SEDIMENT,0.30621941046076984,0.03740924501796374
16,REVEAL_S90|REVEAL_P150|DEM|FREE_AIR|MOHO|REVEAL_VP50VS80|BOUGUER|REVEAL_S100|CRUST_RHO|MOHO_GRAV|MAG_SEIS_MOHO|CTD|LAB|SI|LITH_RHO|SEDIMENT,0.29172430224560564,0.03779801919711687
10,REVEAL_S70|REVEAL_P150|DEM|MOHO|BOUGUER|CRUST_RHO|CTD|REVEAL_S80|REVEAL_VP60VS70|SEDIMENT,0.29079266621414745,0.037822869989379525
12,REVEAL_S70|REVEAL_S90|DEM|MOHO|REVEAL_VP50VS80|MOHO_GRAV|GEOID|MAG_SEIS_MOHO|CTD|SI|LITH_RHO|SEDIMENT,0.3097332956368587,0.03731438890509128
15,REVEAL_S70|REVEAL_P150|DEM|FREE_AIR|REVEAL_VP50VS80|BOUGUER|REVEAL_S100|GEOID|CTD|LAB|REVEAL_S80|SI|LITH_RHO|EMAG2_LOG|REVEAL_VP60VS70,0.30588243731764875,0.03741832885566882
18,REVEAL_S70|REVEAL_S90|REVEAL_P150|FREE_AIR|MOHO|REVEAL_VP50VS80|BOUGUER|REVEAL_S100|CRUST_RHO|MOHO_GRAV|GEOID|REVEAL_S80|SI|LITH_RHO|EMAG2_LOG|REVEAL_VP60VS70|SEDIMENT|REVEAL_VP90VS60,0.2895204881050448,0.03785677817530102
14,REVEAL_S90|REVEAL_P150|DEM|MOHO|REVEAL_VP50VS80|BOUGUER|REVEAL_S100|CRUST_RHO|MAG_SEIS_MOHO|CTD|LAB|EMAG2_LOG|REVEAL_VP60VS70|SEDIMENT,0.3089743196498216,0.03733489760434045
5,FREE_AIR|MOHO|REVEAL_VP50VS80|REVEAL_S100|EMAG2_LOG,0.22037802744379542,0.039656091343993574
11,REVEAL_S90|DEM|MOHO|REVEAL_VP50VS80|MOHO_GRAV|CTD|LAB|REVEAL_S80|SI|REVEAL_VP60VS70|REVEAL_VP90VS60,0.30021198876764554,0.03757085858810369
7,REVEAL_P150|DEM|MOHO_GRAV|MAG_SEIS_MOHO|LAB|LITH_RHO|REVEAL_VP90VS60,0.25250993326502336,0.03883028551136999
9,REVEAL_P150|DEM|MOHO|REVEAL_VP50VS80|BOUGUER|REVEAL_S100|CRUST_RHO|MAG_SEIS_MOHO|REVEAL_VP90VS60,0.2895804798082364,0.03785517986000417
15,REVEAL_S70|REVEAL_P150|DEM|FREE_AIR|MOHO|REVEAL_VP50VS80|BOUGUER|CRUST_RHO|MOHO_GRAV|GEOID|CTD|REVEAL_S80|EMAG2_LOG|REVEAL_VP60VS70|REVEAL_VP90VS60,0.289049423981131,0.0378693260495253
16,REVEAL_S70|REVEAL_S90|DEM|REVEAL_VP50VS80|REVEAL_S100|CRUST_RHO|MOHO_GRAV|GEOID|MAG_SEIS_MOHO|CTD|SI|LITH_RHO|EMAG2_LOG|REVEAL_VP60VS70|SEDIMENT|REVEAL_VP90VS60,0.2860819925252339,0.03794827500693913
11,REVEAL_S90|MOHO|CRUST_RHO|MOHO_GRAV|GEOID|CTD|LAB|REVEAL_S80|REVEAL_VP60VS70|SEDIMENT|REVEAL_VP90VS60,0.2922567932710267,0.03778380800051381
8,REVEAL_S70|DEM|BOUGUER|MOHO_GRAV|MAG_SEIS_MOHO|CTD|REVEAL_S80|SEDIMENT,0.2671677095752819,0.038447682718052004
20,REVEAL_S70|REVEAL_S90|REVEAL_P150|DEM|FREE_AIR|MOHO|REVEAL_VP50VS80|REVEAL_S100|CRUST_RHO|MOHO_GRAV|GEOID|MAG_SEIS_MOHO|CTD|LAB|REVEAL_S80|SI|LITH_RHO|EMAG2_LOG|REVEAL_VP60VS70|SEDIMENT,0.3087988307868632,0.03733963798013282
18,REVEAL_S70|REVEAL_S90|REVEAL_P150|DEM|FREE_AIR|MOHO|REVEAL_VP50VS80|BOUGUER|REVEAL_S100|CRUST_RHO|MOHO_GRAV|GEOID|MAG_SEIS_MOHO|CTD|LAB|REVEAL_S80|SI|REVEAL_VP60VS70,0.30459331908464504,0.0374530594812943
15,REVEAL_S70|REVEAL_S90|DEM|FREE_AIR|MOHO|REVEAL_VP50VS80|REVEAL_S100|CRUST_RHO|MOHO_GRAV|GEOID|MAG_SEIS_MOHO|CTD|LAB|REVEAL_S80|REVEAL_VP90VS60,0.30054887408173747,0.037561813996047605
8,DEM|FREE_AIR|MOHO|CRUST_RHO|MOHO_GRAV|LAB|REVEAL_S80|SI,0.290288922427112,0.03783630023238268
7,REVEAL_S70|REVEAL_S90|DEM|MOHO|BOUGUER|REVEAL_S100|CTD,0.2720231206130893,0.03832010267894268
13,REVEAL_S70|REVEAL_S90|REVEAL_P150|DEM|FREE_AIR|MOHO|REVEAL_S100|MAG_SEIS_MOHO|LAB|SI|LITH_RHO|EMAG2_LOG|REVEAL_VP90VS60,0.3040127179561406,0.03746869116291185
18,REVEAL_P150|FREE_AIR|MOHO|REVEAL_VP50VS80|BOUGUER|REVEAL_S100|MOHO_GRAV|GEOID|MAG_SEIS_MOHO|CTD|LAB|REVEAL_S80|SI|LITH_RHO|EMAG2_LOG|REVEAL_VP60VS70|SEDIMENT|REVEAL_VP90VS60,0.32572991553984143,0.03687948236828429
17,REVEAL_S70|REVEAL_S90|FREE_AIR|MOHO|BOUGUER|REVEAL_S100|MOHO_GRAV|GEOID|MAG_SEIS_MOHO|CTD|LAB|REVEAL_S80|SI|EMAG2_LOG|REVEAL_VP60VS70|SEDIMENT|REVEAL_VP90VS60,0.3099933396819826,0.037307359521643095
15,REVEAL_S70|REVEAL_S90|REVEAL_P150|DEM|MOHO|REVEAL_VP50VS80|CRUST_RHO|MOHO_GRAV|GEOID|CTD|SI|EMAG2_LOG|REVEAL_VP60VS70|SEDIMENT|REVEAL_VP90VS60,0.2978291291653977,0.03763477079974074
18,REVEAL_S70|REVEAL_S90|REVEAL_P150|DEM|FREE_AIR|MOHO|REVEAL_VP50VS80|REVEAL_S100|CRUST_RHO|MOHO_GRAV|GEOID|MAG_SEIS_MOHO|LAB|REVEAL_S80|SI|LITH_RHO|EMAG2_LOG|REVEAL_VP90VS60,0.31233891825849547,0.037243895034914994
20,REVEAL_S70|REVEAL_S90|REVEAL_P150|DEM|FREE_AIR|MOHO|REVEAL_VP50VS80|BOUGUER|REVEAL_S100|CRUST_RHO|MOHO_GRAV|GEOID|MAG_SEIS_MOHO|CTD|LAB|REVEAL_S80|SI|LITH_RHO|EMAG2_LOG|SEDIMENT,0.29120948041456773,0.03781175375749413
12,REVEAL_S90|REVEAL_P150|DEM|MOHO|REVEAL_VP50VS80|BOUGUER|CRUST_RHO|LAB|SI|LITH_RHO|REVEAL_VP60VS70|SEDIMENT,0.2888914396234491,0.03787353339460996
9,REVEAL_S90|REVEAL_P150|BOUGUER|REVEAL_S100|MOHO_GRAV|GEOID|SI|REVEAL_VP60VS70|REVEAL_VP90VS60,0.29689220325777876,0.03765987098451542
13,REVEAL_S70|REVEAL_S90|REVEAL_P150|DEM|FREE_AIR|REVEAL_S100|GEOID|MAG_SEIS_MOHO|SI|EMAG2_LOG|REVEAL_VP60VS70|SEDIMENT|REVEAL_VP90VS60,0.28265770503347487,0.03803917505030381
10,REVEAL_P150|DEM|REVEAL_VP50VS80|BOUGUER|CRUST_RHO|MOHO_GRAV|SI|LITH_RHO|SEDIMENT|REVEAL_VP90VS60,0.2820529814180367,0.03805520529257038
15,REVEAL_S70|FREE_AIR|MOHO|REVEAL_VP50VS80|BOUGUER|CRUST_RHO|MOHO_GRAV|GEOID|MAG_SEIS_MOHO|CTD|LAB|SI|LITH_RHO|REVEAL_VP60VS70|REVEAL_VP90VS60,0.29716745644624354,0.03765249870509061
5,FREE_AIR|CRUST_RHO|MOHO_GRAV|GEOID|MAG_SEIS_MOHO,0.20811455177031457,0.039966770083851855
6,REVEAL_S90|FREE_AIR|REVEAL_VP50VS80|BOUGUER|SI|LITH_RHO,0.2601614221898726,0.03863103621666909
14,REVEAL_S70|REVEAL_S90|FREE_AIR|MOHO|REVEAL_VP50VS80|BOUGUER|CRUST_RHO|MOHO_GRAV|MAG_SEIS_MOHO|CTD|LAB|REVEAL_S80|SI|LITH_RHO,0.29860152812007756,0.0376140656855459
18,REVEAL_S70|REVEAL_S90|REVEAL_P150|DEM|FREE_AIR|MOHO|REVEAL_VP50VS80|BOUGUER|REVEAL_S100|CRUST_RHO|GEOID|MAG_SEIS_MOHO|CTD|LAB|SI|EMAG2_LOG|REVEAL_VP60VS70|REVEAL_VP90VS60,0.3010771137766426,0.03754762759470529
8,REVEAL_S90|FREE_AIR|REVEAL_S100|GEOID|CTD|LAB|SI|LITH_RHO,0.2677131962417436,0.03843337071052692
18,REVEAL_S70|REVEAL_S90|REVEAL_P150|DEM|FREE_AIR|MOHO|REVEAL_VP50VS80|BOUGUER|REVEAL_S100|CRUST_RHO|MOHO_GRAV|GEOID|LAB|REVEAL_S80|LITH_RHO|REVEAL_VP60VS70|SEDIMENT|REVEAL_VP90VS60,0.29914325180281764,0.037599537306210344
13,REVEAL_S70|REVEAL_P150|MOHO|REVEAL_VP50VS80|CRUST_RHO|GEOID|MAG_SEIS_MOHO|CTD|SI|LITH_RHO|REVEAL_VP60VS70|SEDIMENT|REVEAL_VP90VS60,0.31634291292852923,0.03713530806571575
13,REVEAL_S70|DEM|MOHO|CRUST_RHO|MOHO_GRAV|GEOID|MAG_SEIS_MOHO|CTD|REVEAL_S80|SI|LITH_RHO|SEDIMENT|REVEAL_VP90VS60,0.3044250613974506,0.03745759019993603
9,REVEAL_P150|DEM|FREE_AIR|REVEAL_VP50VS80|BOUGUER|REVEAL_S100|MOHO_GRAV|SI|EMAG2_LOG,0.2810472456890031,0.038081850772098864
10,MOHO|REVEAL_VP50VS80|REVEAL_S100|MOHO_GRAV|GEOID|MAG_SEIS_MOHO|CTD|SI|LITH_RHO|REVEAL_VP60VS70,0.30048924512204545,0.037563415054417536
6,REVEAL_S70|FREE_AIR|REVEAL_VP50VS80|REVEAL_S80|SI|REVEAL_VP60VS70,0.233515596988633,0.03932054529041657
13,REVEAL_S70|REVEAL_S90|DEM|MOHO|BOUGUER|MOHO_GRAV|GEOID|REVEAL_S80|SI|EMAG2_LOG|REVEAL_VP60VS70|SEDIMENT|REVEAL_VP90VS60,0.29196476908057756,0.03779160224558876
9,REVEAL_S70|REVEAL_S90|DEM|FREE_AIR|MOHO|REVEAL_VP50VS80|GEOID|CTD|LAB,0.2999166290448557,0.037578786523083024
20,REVEAL_S70|REVEAL_P150|DEM|FREE_AIR|MOHO|REVEAL_VP50VS80|BOUGUER|REVEAL_S100|CRUST_RHO|MOHO_GRAV|GEOID|MAG_SEIS_MOHO|CTD|LAB|REVEAL_S80|SI|LITH_RHO|EMAG2_LOG|REVEAL_VP60VS70|SEDIMENT,0.29937971188389,0.0375931939702157
18,REVEAL_S70|REVEAL_S90|REVEAL_P150|DEM|MOHO|BOUGUER|CRUST_RHO|MOHO_GRAV|GEOID|MAG_SEIS_MOHO|CTD|LAB|REVEAL_S80|LITH_RHO|EMAG2_LOG|REVEAL_VP60VS70|SEDIMENT|REVEAL_VP90VS60,0.30589724107995664,0.03741792983464584
16,REVEAL_S70|REVEAL_S90|DEM|FREE_AIR|MOHO|REVEAL_VP50VS80|BOUGUER|CRUST_RHO|MAG_SEIS_MOHO|CTD|REVEAL_S80|LITH_RHO|EMAG2_LOG|REVEAL_VP60VS70|SEDIMENT|REVEAL_VP90VS60,0.28904855104236093,0.0378693492983937
19,REVEAL_S70|REVEAL_S90|REVEAL_P150|FREE_AIR|MOHO|REVEAL_VP50VS80|BOUGUER|REVEAL_S100|MOHO_GRAV|GEOID|MAG_SEIS_MOHO|CTD|LAB|REVEAL_S80|SI|LITH_RHO|REVEAL_VP60VS70|SEDIMENT|REVEAL_VP90VS60,0.31968310036655556,0.0370444798059789
9,REVEAL_S70|MOHO|REVEAL_VP50VS80|CRUST_RHO|GEOID|MAG_SEIS_MOHO|CTD|REVEAL_S80|LITH_RHO,0.3074792224942715,0.03737526451173464
19,REVEAL_S70|REVEAL_S90|REVEAL_P150|FREE_AIR|MOHO|REVEAL_VP50VS80|BOUGUER|REVEAL_S100|CRUST_RHO|MOHO_GRAV|GEOID|MAG_SEIS_MOHO|CTD|LAB|REVEAL_S80|LITH_RHO|REVEAL_VP60VS70|SEDIMENT|REVEAL_VP90VS60,0.3092319486856122,0.037327937334547256
12,REVEAL_S90|REVEAL_P150|DEM|FREE_AIR|MOHO|CRUST_RHO|MOHO_GRAV|GEOID|MAG_SEIS_MOHO|REVEAL_S80|SI|REVEAL_VP90VS60,0.2985541709550006,0.03761533548119192
20,REVEAL_S70|REVEAL_P150|DEM|FREE_AIR|MOHO|REVEAL_VP50VS80|BOUGUER|REVEAL_S100|CRUST_RHO|MOHO_GRAV|GEOID|MAG_SEIS_MOHO|CTD|LAB|REVEAL_S80|SI|LITH_RHO|EMAG2_LOG|REVEAL_VP60VS70|REVEAL_VP90VS60,0.29326112387430614,0.037756989723551446
18,REVEAL_S70|REVEAL_P150|DEM|FREE_AIR|MOHO|REVEAL_VP50VS80|REVEAL_S100|CRUST_RHO|MOHO_GRAV|GEOID|MAG_SEIS_MOHO|LAB|REVEAL_S80|LITH_RHO|EMAG2_LOG|REVEAL_VP60VS70|SEDIMENT|REVEAL_VP90VS60,0.3040369207427731,0.037468039674986
20,REVEAL_S70|REVEAL_S90|REVEAL_P150|DEM|FREE_AIR|MOHO|REVEAL_VP50VS80|BOUGUER|CRUST_RHO|MOHO_GRAV|GEOID|MAG_SEIS_MOHO|CTD|LAB|REVEAL_S80|SI|LITH_RHO|EMAG2_LOG|SEDIMENT|REVEAL_VP90VS60,0.27890825787413853,0.038138458190288015
6,MOHO|REVEAL_VP50VS80|REVEAL_S100|MOHO_GRAV|REVEAL_S80|EMAG2_LOG,0.2766594767531084,0.03819788078353406
13,REVEAL_S70|REVEAL_S90|DEM|MOHO|REVEAL_VP50VS80|BOUGUER|REVEAL_S100|GEOID|MAG_SEIS_MOHO|CTD|LAB|REVEAL_VP60VS70|REVEAL_VP90VS60,0.3125812565242434,0.03723733190629626
9,REVEAL_P150|FREE_AIR|BOUGUER|GEOID|MAG_SEIS_MOHO|LAB|REVEAL_S80|LITH_RHO|SEDIMENT,0.2812391772307732,0.03807676726962731
20,REVEAL_S90|REVEAL_P150|DEM|FREE_AIR|MOHO|REVEAL_VP50VS80|BOUGUER|REVEAL_S100|CRUST_RHO|MOHO_GRAV|GEOID|MAG_SEIS_MOHO|CTD|LAB|REVEAL_S80|LITH_RHO|EMAG2_LOG|REVEAL_VP60VS70|SEDIMENT|REVEAL_VP90VS60,0.29918942037038954,0.03759829886099857
14,REVEAL_P150|DEM|FREE_AIR|MOHO|REVEAL_VP50VS80|MOHO_GRAV|GEOID|CTD|LAB|REVEAL_S80|SI|LITH_RHO|EMAG2_LOG|SEDIMENT,0.29366593131780083,0.03774617490900488
19,REVEAL_S70|REVEAL_S90|REVEAL_P150|FREE_AIR|MOHO|REVEAL_VP50VS80|BOUGUER|REVEAL_S100|MOHO_GRAV|MAG_SEIS_MOHO|CTD|LAB|REVEAL_S80|SI|LITH_RHO|EMAG2_LOG|REVEAL_VP60VS70|SEDIMENT|REVEAL_VP90VS60,0.2929560816270105,0.03776513717012738
11,REVEAL_S70|REVEAL_P150|MOHO|BOUGUER|CRUST_RHO|MOHO_GRAV|GEOID|MAG_SEIS_MOHO|LITH_RHO|SEDIMENT|REVEAL_VP90VS60,0.3103274062849659,0.037298327252499264
11,REVEAL_S70|REVEAL_S90|REVEAL_VP50VS80|BOUGUER|REVEAL_S100|MOHO_GRAV|CTD|REVEAL_S80|LITH_RHO|EMAG2_LOG|REVEAL_VP90VS60,0.2825299147308332,0.038042563126856666
15,REVEAL_S70|REVEAL_S90|DEM|FREE_AIR|MOHO|REVEAL_VP50VS80|MOHO_GRAV|GEOID|MAG_SEIS_MOHO|CTD|REVEAL_S80|LITH_RHO|EMAG2_LOG|REVEAL_VP60VS70|SEDIMENT,0.2962794735429213,0.03767627693037898
12,REVEAL_S70|REVEAL_P150|DEM|MOHO|REVEAL_VP50VS80|CRUST_RHO|MOHO_GRAV|GEOID|MAG_SEIS_MOHO|REVEAL_S80|LITH_RHO|REVEAL_VP60VS70,0.31255567340703416,0.03723802481594736
10,REVEAL_S90|REVEAL_P150|DEM|MOHO|REVEAL_VP50VS80|BOUGUER|REVEAL_S100|CRUST_RHO|LAB|REVEAL_VP60VS70,0.29458153408025234,0.03772170227573549
12,REVEAL_S70|REVEAL_S90|DEM|FREE_AIR|BOUGUER|MOHO_GRAV|GEOID|MAG_SEIS_MOHO|SI|EMAG2_LOG|REVEAL_VP60VS70|SEDIMENT,0.30083596586577555,0.037554104526029954
19,REVEAL_S90|REVEAL_P150|DEM|FREE_AIR|MOHO|REVEAL_VP50VS80|BOUGUER|REVEAL_S100|CRUST_RHO|GEOID|MAG_SEIS_MOHO|CTD|LAB|REVEAL_S80|SI|EMAG2_LOG|REVEAL_VP60VS70|SEDIMENT|REVEAL_VP90VS60,0.3050050549897104,0.03744197024889127
17,REVEAL_S90|REVEAL_P150|DEM|MOHO|REVEAL_VP50VS80|REVEAL_S100|CRUST_RHO|MOHO_GRAV|GEOID|MAG_SEIS_MOHO|CTD|LAB|REVEAL_S80|EMAG2_LOG|REVEAL_VP60VS70|SEDIMENT|REVEAL_VP90VS60,0.3007518487542675,0.037556363543682185
9,REVEAL_S90|FREE_AIR|BOUGUER|CRUST_RHO|MOHO_GRAV|LAB|REVEAL_S80|REVEAL_VP60VS70|REVEAL_VP90VS60,0.2741889508700579,0.038263056457821853
7,REVEAL_S90|FREE_AIR|REVEAL_VP50VS80|MOHO_GRAV|GEOID|MAG_SEIS_MOHO|EMAG2_LOG,0.27083934575063695,0.038351246489563263
9,REVEAL_S70|REVEAL_P150|REVEAL_VP50VS80|BOUGUER|REVEAL_S100|MOHO_GRAV|SI|EMAG2_LOG|REVEAL_VP60VS70,0.2678495144841254,0.03842979327791228
18,REVEAL_S70|REVEAL_P150|DEM|FREE_AIR|BOUGUER|REVEAL_S100|CRUST_RHO|MOHO_GRAV|GEOID|MAG_SEIS_MOHO|CTD|REVEAL_S80|SI|LITH_RHO|EMAG2_LOG|REVEAL_VP60VS70|SEDIMENT|REVEAL_VP90VS60,0.29356189999713156,0.037748954500152435
15,REVEAL_P150|DEM|FREE_AIR|MOHO|REVEAL_S100|CRUST_RHO|MOHO_GRAV|GEOID|MAG_SEIS_MOHO|LAB|REVEAL_S80|LITH_RHO|EMAG2_LOG|SEDIMENT|REVEAL_VP90VS60,0.29818360121654397,0.03762527015038039
