run,n_feats,r2,rmse,features
1,21,0.412481839559122,0.0344253622271912,"MOHO,MOHO_GRAV,SI,REVEAL_S80,REVEAL_S90,REVEAL_P150,REVEAL_VP60VS70,REVEAL_VP90VS60,LITH_RHO,CRUST_RHO,MAG_SEIS_MOHO,SEDIMENT,REVEAL_S_DIFF_200_220,CTD,REVEAL_VPVS_DIFF,REVEAL_S200,REVEAL_P40,REVEAL_P90,REVEAL_P120,REVEAL_P210,MOHO_U"
2,13,0.4049553423561982,0.0346451663665543,"DEM,LAB,REVEAL_S80,REVEAL_S90,REVEAL_VP90VS60,LITH_RHO,CRUST_RHO,SEDIMENT,REVEAL_S50,REVEAL_S140,REVEAL_S220,REVEAL_P120,REVEAL_P210"
3,12,0.4116939984377615,0.0344484360924613,"MOHO_GRAV,GEOID,REVEAL_VP60VS70,CRUST_RHO,MAG_SEIS_MOHO,REVEAL_S_DIFF_200_220,REVEAL_P_DIFF_40_60,REVEAL_S140,REVEAL_S220,REVEAL_P60,REVEAL_P90,MOHO_U"
4,20,0.4191131112169193,0.0342305327213964,"MOHO,DEM,FREE_AIR,BOUGUER,SI,REVEAL_S90,REVEAL_P180,REVEAL_P150,MAG_SEIS_MOHO,SEDIMENT,REVEAL_P_DIFF_40_60,EMAG2_LOG,REVEAL_VPVS_DIFF,REVEAL_S50,REVEAL_S100,REVEAL_S140,REVEAL_S220,REVEAL_P60,REVEAL_P90,REVEAL_P210"
5,23,0.4146575062520371,0.0343615620015791,"MOHO_GRAV,DEM,LAB,FREE_AIR,GEOID,REVEAL_P180,REVEAL_P150,REVEAL_VP60VS70,LITH_RHO,REVEAL_S_DIFF_200_220,REVEAL_P_DIFF_40_60,CTD,EMAG2_LOG,REVEAL_VPVS_DIFF,REVEAL_S50,REVEAL_S140,REVEAL_S200,REVEAL_S220,REVEAL_P40,REVEAL_P60,REVEAL_P90,REVEAL_P120,REVEAL_P210"
6,14,0.4168587496010146,0.0342968909705091,"MOHO,MOHO_GRAV,DEM,LAB,BOUGUER,REVEAL_P180,REVEAL_VP60VS70,CRUST_RHO,SEDIMENT,REVEAL_S220,REVEAL_P90,REVEAL_P120,REVEAL_P210,MOHO_GRAV_U"
7,26,0.4165608533507506,0.0343056500925233,"MOHO,LAB,FREE_AIR,BOUGUER,SI,GEOID,REVEAL_S80,REVEAL_S90,REVEAL_P180,REVEAL_P150,REVEAL_VP60VS70,REVEAL_VP90VS60,LITH_RHO,MAG_SEIS_MOHO,REVEAL_S_DIFF_200_220,REVEAL_P_DIFF_40_60,CTD,EMAG2_LOG,REVEAL_VPVS_DIFF,REVEAL_S100,REVEAL_S140,REVEAL_S220,REVEAL_P60,REVEAL_P120,REVEAL_P210,MOHO_U"
8,33,0.4186196016012814,0.0342450704144382,"MOHO,MOHO_GRAV,DEM,LAB,FREE_AIR,BOUGUER,SI,GEOID,REVEAL_S80,REVEAL_S90,REVEAL_P180,REVEAL_P150,REVEAL_VP60VS70,REVEAL_VP90VS60,LITH_RHO,CRUST_RHO,MAG_SEIS_MOHO,SEDIMENT,REVEAL_S_DIFF_200_220,REVEAL_P_DIFF_40_60,CTD,EMAG2_LOG,REVEAL_VPVS_DIFF,REVEAL_S100,REVEAL_S140,REVEAL_S200,REVEAL_S220,REVEAL_P60,REVEAL_P90,REVEAL_P120,REVEAL_P210,MOHO_GRAV_U,MOHO_U"
9,20,0.4217298631598067,0.0341533456489752,"MOHO_GRAV,DEM,LAB,SI,GEOID,REVEAL_S80,REVEAL_VP90VS60,SEDIMENT,EMAG2_LOG,REVEAL_S50,REVEAL_S100,REVEAL_S140,REVEAL_S200,REVEAL_S220,REVEAL_P40,REVEAL_P60,REVEAL_P90,REVEAL_P120,REVEAL_P210,MOHO_GRAV_U"
10,17,0.4159345775433695,0.0343240573560459,"LAB,BOUGUER,REVEAL_S80,REVEAL_S90,REVEAL_P180,REVEAL_P150,LITH_RHO,SEDIMENT,REVEAL_S_DIFF_200_220,REVEAL_P_DIFF_40_60,EMAG2_LOG,REVEAL_S50,REVEAL_S100,REVEAL_P40,REVEAL_P90,REVEAL_P120,MOHO_U"
11,23,0.419238340429413,0.0342268427657473,"MOHO,MOHO_GRAV,DEM,LAB,BOUGUER,SI,GEOID,REVEAL_VP90VS60,LITH_RHO,MAG_SEIS_MOHO,REVEAL_S_DIFF_200_220,CTD,REVEAL_VPVS_DIFF,REVEAL_S50,REVEAL_S100,REVEAL_S200,REVEAL_S220,REVEAL_P40,REVEAL_P90,REVEAL_P120,REVEAL_P210,MOHO_GRAV_U,MOHO_U"
12,12,0.4099777420637192,0.0344986474547934,"MOHO,MOHO_GRAV,LAB,FREE_AIR,GEOID,REVEAL_P150,CRUST_RHO,SEDIMENT,EMAG2_LOG,REVEAL_S50,REVEAL_P120,MOHO_U"
13,10,0.4057632332559721,0.0346216395429367,"FREE_AIR,GEOID,REVEAL_P_DIFF_40_60,EMAG2_LOG,REVEAL_VPVS_DIFF,REVEAL_S50,REVEAL_S100,REVEAL_S200,REVEAL_P90,REVEAL_P120"
14,12,0.406187444357692,0.0346092795655979,"MOHO_GRAV,DEM,FREE_AIR,BOUGUER,SI,REVEAL_S80,REVEAL_P180,REVEAL_VP90VS60,MAG_SEIS_MOHO,REVEAL_P40,REVEAL_P60,REVEAL_P90"
15,19,0.4085352952954887,0.0345407917002009,"FREE_AIR,BOUGUER,SI,REVEAL_S80,REVEAL_S90,REVEAL_P150,REVEAL_VP60VS70,LITH_RHO,CRUST_RHO,MAG_SEIS_MOHO,REVEAL_P_DIFF_40_60,CTD,EMAG2_LOG,REVEAL_S50,REVEAL_S200,REVEAL_S220,REVEAL_P90,REVEAL_P120,MOHO_GRAV_U"
16,14,0.4108098575068342,0.0344743119441606,"MOHO_GRAV,LAB,FREE_AIR,BOUGUER,SI,GEOID,REVEAL_S80,REVEAL_VP90VS60,CRUST_RHO,REVEAL_S140,REVEAL_S200,REVEAL_S220,REVEAL_P40,MOHO_GRAV_U"
17,25,0.4116561523184235,0.0344495441201314,"LAB,FREE_AIR,BOUGUER,SI,REVEAL_S80,REVEAL_S90,REVEAL_P150,REVEAL_VP60VS70,REVEAL_VP90VS60,LITH_RHO,CRUST_RHO,MAG_SEIS_MOHO,SEDIMENT,REVEAL_P_DIFF_40_60,CTD,EMAG2_LOG,REVEAL_VPVS_DIFF,REVEAL_S100,REVEAL_S200,REVEAL_S220,REVEAL_P40,REVEAL_P60,REVEAL_P90,REVEAL_P120,MOHO_U"
18,25,0.4191634731898123,0.0342290488227569,"MOHO,DEM,LAB,FREE_AIR,BOUGUER,GEOID,REVEAL_P180,REVEAL_VP60VS70,REVEAL_VP90VS60,LITH_RHO,CRUST_RHO,MAG_SEIS_MOHO,SEDIMENT,REVEAL_S_DIFF_200_220,REVEAL_P_DIFF_40_60,CTD,EMAG2_LOG,REVEAL_S50,REVEAL_S140,REVEAL_S220,REVEAL_P40,REVEAL_P60,REVEAL_P90,REVEAL_P210,MOHO_U"
19,12,0.4017390982071841,0.0347386695602,"LAB,FREE_AIR,BOUGUER,SI,REVEAL_P150,SEDIMENT,REVEAL_P_DIFF_40_60,REVEAL_S140,REVEAL_P40,REVEAL_P60,REVEAL_P120,REVEAL_P210"
20,21,0.4193861469637401,0.0342224870435251,"MOHO,DEM,BOUGUER,SI,GEOID,REVEAL_S90,REVEAL_P180,REVEAL_VP60VS70,REVEAL_VP90VS60,MAG_SEIS_MOHO,SEDIMENT,REVEAL_S_DIFF_200_220,REVEAL_P_DIFF_40_60,CTD,EMAG2_LOG,REVEAL_VPVS_DIFF,REVEAL_S50,REVEAL_S100,REVEAL_S200,REVEAL_P120,REVEAL_P210"
21,25,0.417125649819494,0.0342890413325853,"MOHO,MOHO_GRAV,DEM,LAB,FREE_AIR,SI,GEOID,REVEAL_S80,REVEAL_S90,REVEAL_P180,REVEAL_VP60VS70,REVEAL_VP90VS60,LITH_RHO,REVEAL_P_DIFF_40_60,EMAG2_LOG,REVEAL_VPVS_DIFF,REVEAL_S50,REVEAL_S100,REVEAL_S200,REVEAL_S220,REVEAL_P40,REVEAL_P60,REVEAL_P90,REVEAL_P120,REVEAL_P210"
22,30,0.4215448049944715,0.0341588100932753,"MOHO,MOHO_GRAV,DEM,LAB,FREE_AIR,BOUGUER,SI,GEOID,REVEAL_S80,REVEAL_S90,REVEAL_P180,REVEAL_P150,REVEAL_VP60VS70,REVEAL_VP90VS60,CRUST_RHO,MAG_SEIS_MOHO,SEDIMENT,REVEAL_S_DIFF_200_220,REVEAL_P_DIFF_40_60,CTD,EMAG2_LOG,REVEAL_VPVS_DIFF,REVEAL_S50,REVEAL_S100,REVEAL_S140,REVEAL_S220,REVEAL_P40,REVEAL_P90,REVEAL_P210,MOHO_GRAV_U"
23,13,0.4007462081824031,0.0347674842290249,"MOHO_GRAV,REVEAL_S80,REVEAL_VP60VS70,REVEAL_VP90VS60,CRUST_RHO,REVEAL_S50,REVEAL_S100,REVEAL_S140,REVEAL_S220,REVEAL_P40,REVEAL_P120,MOHO_GRAV_U,MOHO_U"
24,15,0.420376210651581,0.0341932964739417,"MOHO,DEM,BOUGUER,GEOID,REVEAL_S80,REVEAL_S90,REVEAL_P180,REVEAL_P150,REVEAL_VP90VS60,LITH_RHO,CTD,EMAG2_LOG,REVEAL_P60,REVEAL_P90,MOHO_U"
25,23,0.4159940995824203,0.034322308331144,"MOHO,MOHO_GRAV,DEM,BOUGUER,SI,GEOID,REVEAL_VP60VS70,REVEAL_VP90VS60,LITH_RHO,CRUST_RHO,REVEAL_S_DIFF_200_220,CTD,REVEAL_VPVS_DIFF,REVEAL_S100,REVEAL_S140,REVEAL_S200,REVEAL_S220,REVEAL_P40,REVEAL_P60,REVEAL_P90,REVEAL_P210,MOHO_GRAV_U,MOHO_U"
26,11,0.4033365815971811,0.0346922587530815,"LAB,LITH_RHO,CRUST_RHO,REVEAL_VPVS_DIFF,REVEAL_S50,REVEAL_S100,REVEAL_S140,REVEAL_P90,REVEAL_P120,MOHO_GRAV_U,MOHO_U"
27,27,0.4216402001975692,0.0341559933487702,"MOHO,MOHO_GRAV,DEM,LAB,FREE_AIR,BOUGUER,REVEAL_S80,REVEAL_S90,REVEAL_P180,REVEAL_VP60VS70,REVEAL_VP90VS60,LITH_RHO,MAG_SEIS_MOHO,SEDIMENT,REVEAL_S_DIFF_200_220,REVEAL_P_DIFF_40_60,CTD,REVEAL_S50,REVEAL_S140,REVEAL_S200,REVEAL_P40,REVEAL_P60,REVEAL_P90,REVEAL_P120,REVEAL_P210,MOHO_GRAV_U,MOHO_U"
28,17,0.4136819984652327,0.0343901828667394,"MOHO,MOHO_GRAV,FREE_AIR,BOUGUER,REVEAL_P180,REVEAL_P150,REVEAL_VP60VS70,LITH_RHO,CRUST_RHO,SEDIMENT,REVEAL_VPVS_DIFF,REVEAL_S220,REVEAL_P60,REVEAL_P120,REVEAL_P210,MOHO_GRAV_U,MOHO_U"
29,32,0.4211173655862955,0.0341714282920888,"MOHO,MOHO_GRAV,DEM,LAB,FREE_AIR,BOUGUER,SI,GEOID,REVEAL_S80,REVEAL_S90,REVEAL_P180,REVEAL_P150,REVEAL_VP90VS60,CRUST_RHO,MAG_SEIS_MOHO,SEDIMENT,REVEAL_S_DIFF_200_220,REVEAL_P_DIFF_40_60,CTD,EMAG2_LOG,REVEAL_VPVS_DIFF,REVEAL_S50,REVEAL_S100,REVEAL_S140,REVEAL_S200,REVEAL_S220,REVEAL_P40,REVEAL_P60,REVEAL_P90,REVEAL_P120,REVEAL_P210,MOHO_GRAV_U"
30,22,0.4236271686002368,0.0340972710192889,"MOHO,MOHO_GRAV,DEM,BOUGUER,GEOID,REVEAL_S80,REVEAL_S90,REVEAL_P180,REVEAL_VP90VS60,LITH_RHO,MAG_SEIS_MOHO,REVEAL_P_DIFF_40_60,CTD,EMAG2_LOG,REVEAL_VPVS_DIFF,REVEAL_S220,REVEAL_P40,REVEAL_P60,REVEAL_P90,REVEAL_P120,MOHO_GRAV_U,MOHO_U"
31,32,0.4218198230683393,0.0341506889742166,"MOHO,MOHO_GRAV,DEM,LAB,FREE_AIR,BOUGUER,SI,GEOID,REVEAL_S80,REVEAL_P180,REVEAL_P150,REVEAL_VP60VS70,REVEAL_VP90VS60,LITH_RHO,MAG_SEIS_MOHO,SEDIMENT,REVEAL_S_DIFF_200_220,REVEAL_P_DIFF_40_60,EMAG2_LOG,REVEAL_VPVS_DIFF,REVEAL_S50,REVEAL_S100,REVEAL_S140,REVEAL_S200,REVEAL_S220,REVEAL_P40,REVEAL_P60,REVEAL_P90,REVEAL_P120,REVEAL_P210,MOHO_GRAV_U,MOHO_U"
32,21,0.4185243960732325,0.0342478742469687,"MOHO,DEM,BOUGUER,SI,GEOID,REVEAL_S80,REVEAL_S90,REVEAL_VP60VS70,CRUST_RHO,SEDIMENT,REVEAL_S_DIFF_200_220,REVEAL_P_DIFF_40_60,CTD,REVEAL_S50,REVEAL_S200,REVEAL_S220,REVEAL_P60,REVEAL_P90,REVEAL_P210,MOHO_GRAV_U,MOHO_U"
33,31,0.4186217322792396,0.0342450076626807,"MOHO,MOHO_GRAV,DEM,FREE_AIR,BOUGUER,SI,GEOID,REVEAL_S80,REVEAL_S90,REVEAL_P180,REVEAL_P150,REVEAL_VP60VS70,REVEAL_VP90VS60,CRUST_RHO,MAG_SEIS_MOHO,SEDIMENT,REVEAL_P_DIFF_40_60,CTD,EMAG2_LOG,REVEAL_VPVS_DIFF,REVEAL_S50,REVEAL_S100,REVEAL_S140,REVEAL_S200,REVEAL_S220,REVEAL_P40,REVEAL_P60,REVEAL_P90,REVEAL_P120,MOHO_GRAV_U,MOHO_U"
34,11,0.4022167525458971,0.0347247990318842,"MOHO_GRAV,DEM,REVEAL_S80,REVEAL_P180,REVEAL_VP90VS60,CTD,EMAG2_LOG,REVEAL_VPVS_DIFF,REVEAL_S200,MOHO_GRAV_U,MOHO_U"
35,23,0.4153058443319432,0.0343425269224061,"DEM,LAB,FREE_AIR,SI,REVEAL_S80,REVEAL_S90,REVEAL_P180,REVEAL_VP90VS60,CRUST_RHO,REVEAL_S_DIFF_200_220,REVEAL_P_DIFF_40_60,EMAG2_LOG,REVEAL_VPVS_DIFF,REVEAL_S50,REVEAL_S100,REVEAL_S140,REVEAL_S220,REVEAL_P60,REVEAL_P90,REVEAL_P120,REVEAL_P210,MOHO_GRAV_U,MOHO_U"
36,30,0.4173087898429833,0.0342836540744368,"MOHO,MOHO_GRAV,DEM,FREE_AIR,BOUGUER,SI,GEOID,REVEAL_S80,REVEAL_P180,REVEAL_P150,REVEAL_VP60VS70,REVEAL_VP90VS60,LITH_RHO,CRUST_RHO,MAG_SEIS_MOHO,SEDIMENT,REVEAL_P_DIFF_40_60,CTD,REVEAL_VPVS_DIFF,REVEAL_S50,REVEAL_S100,REVEAL_S140,REVEAL_S200,REVEAL_S220,REVEAL_P40,REVEAL_P60,REVEAL_P90,REVEAL_P210,MOHO_GRAV_U,MOHO_U"
37,32,0.4221098761227175,0.0341421217881849,"MOHO,MOHO_GRAV,DEM,LAB,FREE_AIR,BOUGUER,SI,GEOID,REVEAL_S90,REVEAL_P150,REVEAL_VP60VS70,LITH_RHO,CRUST_RHO,MAG_SEIS_MOHO,SEDIMENT,REVEAL_S_DIFF_200_220,REVEAL_P_DIFF_40_60,CTD,EMAG2_LOG,REVEAL_VPVS_DIFF,REVEAL_S50,REVEAL_S100,REVEAL_S140,REVEAL_S200,REVEAL_S220,REVEAL_P40,REVEAL_P60,REVEAL_P90,REVEAL_P120,REVEAL_P210,MOHO_GRAV_U,MOHO_U"
38,26,0.4173135117177786,0.034283515164284,"MOHO,MOHO_GRAV,LAB,FREE_AIR,BOUGUER,REVEAL_S80,REVEAL_P180,REVEAL_P150,REVEAL_VP90VS60,LITH_RHO,CRUST_RHO,MAG_SEIS_MOHO,SEDIMENT,REVEAL_S_DIFF_200_220,CTD,EMAG2_LOG,REVEAL_S50,REVEAL_S100,REVEAL_S140,REVEAL_S200,REVEAL_S220,REVEAL_P40,REVEAL_P60,REVEAL_P120,REVEAL_P210,MOHO_GRAV_U"
39,11,0.4049048283577511,0.0346466368685729,"MOHO,BOUGUER,SI,REVEAL_S80,CRUST_RHO,SEDIMENT,CTD,EMAG2_LOG,REVEAL_S50,REVEAL_S100,REVEAL_S220"
40,24,0.4155569966498468,0.0343351503037221,"MOHO,MOHO_GRAV,DEM,LAB,BOUGUER,SI,GEOID,REVEAL_S90,REVEAL_P150,REVEAL_VP60VS70,REVEAL_VP90VS60,LITH_RHO,CRUST_RHO,MAG_SEIS_MOHO,CTD,EMAG2_LOG,REVEAL_VPVS_DIFF,REVEAL_S50,REVEAL_S100,REVEAL_S200,REVEAL_S220,REVEAL_P40,REVEAL_P210,MOHO_GRAV_U"
41,34,0.4215025233819464,0.0341600584727469,"MOHO,MOHO_GRAV,DEM,LAB,FREE_AIR,BOUGUER,SI,GEOID,REVEAL_S80,REVEAL_S90,REVEAL_P180,REVEAL_P150,REVEAL_VP60VS70,REVEAL_VP90VS60,LITH_RHO,CRUST_RHO,MAG_SEIS_MOHO,SEDIMENT,REVEAL_S_DIFF_200_220,REVEAL_P_DIFF_40_60,CTD,EMAG2_LOG,REVEAL_VPVS_DIFF,REVEAL_S50,REVEAL_S100,REVEAL_S140,REVEAL_S200,REVEAL_P40,REVEAL_P60,REVEAL_P90,REVEAL_P120,REVEAL_P210,MOHO_GRAV_U,MOHO_U"
42,12,0.4091786258673322,0.0345220017429803,"DEM,BOUGUER,REVEAL_S80,REVEAL_VP90VS60,CRUST_RHO,EMAG2_LOG,REVEAL_S50,REVEAL_S200,REVEAL_P60,REVEAL_P120,MOHO_GRAV_U,MOHO_U"
43,24,0.4224361943112776,0.0341324808823287,"MOHO,MOHO_GRAV,DEM,FREE_AIR,SI,GEOID,REVEAL_S80,REVEAL_P180,REVEAL_P150,REVEAL_VP60VS70,LITH_RHO,CRUST_RHO,MAG_SEIS_MOHO,SEDIMENT,REVEAL_S_DIFF_200_220,REVEAL_P_DIFF_40_60,EMAG2_LOG,REVEAL_S100,REVEAL_S200,REVEAL_P40,REVEAL_P90,REVEAL_P120,REVEAL_P210,MOHO_U"
44,27,0.4221983800217002,0.034139507254318,"MOHO,MOHO_GRAV,DEM,LAB,FREE_AIR,BOUGUER,SI,GEOID,REVEAL_S80,REVEAL_S90,REVEAL_VP60VS70,REVEAL_VP90VS60,LITH_RHO,MAG_SEIS_MOHO,SEDIMENT,REVEAL_P_DIFF_40_60,EMAG2_LOG,REVEAL_VPVS_DIFF,REVEAL_S50,REVEAL_S100,REVEAL_S200,REVEAL_P40,REVEAL_P60,REVEAL_P120,REVEAL_P210,MOHO_GRAV_U,MOHO_U"
45,16,0.4148705145502255,0.0343553092829363,"MOHO,FREE_AIR,BOUGUER,SI,REVEAL_S80,REVEAL_S90,REVEAL_VP90VS60,MAG_SEIS_MOHO,SEDIMENT,REVEAL_S140,REVEAL_S200,REVEAL_P40,REVEAL_P90,REVEAL_P120,REVEAL_P210,MOHO_GRAV_U"
46,11,0.4126714173836813,0.0344198076654147,"DEM,FREE_AIR,REVEAL_S90,CRUST_RHO,MAG_SEIS_MOHO,REVEAL_S_DIFF_200_220,EMAG2_LOG,REVEAL_S50,REVEAL_S140,REVEAL_P120,MOHO_U"
47,17,0.4115615682680731,0.0344523131186364,"DEM,FREE_AIR,REVEAL_S90,REVEAL_P150,REVEAL_VP60VS70,REVEAL_VP90VS60,LITH_RHO,REVEAL_S_DIFF_200_220,REVEAL_P_DIFF_40_60,CTD,EMAG2_LOG,REVEAL_VPVS_DIFF,REVEAL_S50,REVEAL_S100,REVEAL_P90,REVEAL_P210,MOHO_GRAV_U"
48,16,0.4096457751171873,0.0345083511567075,"MOHO,MOHO_GRAV,SI,REVEAL_S80,REVEAL_P180,REVEAL_P150,REVEAL_VP90VS60,REVEAL_S_DIFF_200_220,REVEAL_P_DIFF_40_60,REVEAL_VPVS_DIFF,REVEAL_S220,REVEAL_P40,REVEAL_P60,REVEAL_P210,MOHO_GRAV_U,MOHO_U"
49,34,0.420871303289047,0.0341786900463019,"MOHO,MOHO_GRAV,DEM,LAB,FREE_AIR,BOUGUER,SI,GEOID,REVEAL_S80,REVEAL_S90,REVEAL_P180,REVEAL_P150,REVEAL_VP60VS70,REVEAL_VP90VS60,LITH_RHO,CRUST_RHO,MAG_SEIS_MOHO,SEDIMENT,REVEAL_S_DIFF_200_220,REVEAL_P_DIFF_40_60,CTD,EMAG2_LOG,REVEAL_VPVS_DIFF,REVEAL_S50,REVEAL_S140,REVEAL_S200,REVEAL_S220,REVEAL_P40,REVEAL_P60,REVEAL_P90,REVEAL_P120,REVEAL_P210,MOHO_GRAV_U,MOHO_U"
50,18,0.4143824675479168,0.034369633899377,"MOHO,FREE_AIR,BOUGUER,SI,REVEAL_P180,REVEAL_VP90VS60,LITH_RHO,CRUST_RHO,SEDIMENT,CTD,EMAG2_LOG,REVEAL_VPVS_DIFF,REVEAL_S140,REVEAL_P60,REVEAL_P90,REVEAL_P120,REVEAL_P210,MOHO_U"
51,32,0.4207005450824473,0.03418372853058,"MOHO,MOHO_GRAV,DEM,LAB,FREE_AIR,BOUGUER,SI,GEOID,REVEAL_S80,REVEAL_S90,REVEAL_P150,REVEAL_VP90VS60,LITH_RHO,CRUST_RHO,MAG_SEIS_MOHO,SEDIMENT,REVEAL_S_DIFF_200_220,REVEAL_P_DIFF_40_60,CTD,EMAG2_LOG,REVEAL_VPVS_DIFF,REVEAL_S50,REVEAL_S100,REVEAL_S140,REVEAL_S200,REVEAL_S220,REVEAL_P40,REVEAL_P60,REVEAL_P90,REVEAL_P120,MOHO_GRAV_U,MOHO_U"
52,19,0.4104206027214838,0.034485697975817,"MOHO,FREE_AIR,SI,GEOID,REVEAL_S80,REVEAL_S90,REVEAL_P150,REVEAL_VP60VS70,REVEAL_VP90VS60,LITH_RHO,CRUST_RHO,SEDIMENT,REVEAL_P_DIFF_40_60,CTD,REVEAL_S50,REVEAL_S140,REVEAL_S200,REVEAL_P120,REVEAL_P210"
53,16,0.4092469128194699,0.0345200066641757,"DEM,FREE_AIR,BOUGUER,SI,REVEAL_P150,REVEAL_VP90VS60,CRUST_RHO,MAG_SEIS_MOHO,REVEAL_S_DIFF_200_220,CTD,REVEAL_VPVS_DIFF,REVEAL_S50,REVEAL_S100,REVEAL_S200,REVEAL_P210,MOHO_U"
54,31,0.4171339390406321,0.0342887975146366,"MOHO,MOHO_GRAV,LAB,FREE_AIR,BOUGUER,SI,GEOID,REVEAL_S80,REVEAL_S90,REVEAL_P180,REVEAL_P150,REVEAL_VP60VS70,REVEAL_VP90VS60,LITH_RHO,CRUST_RHO,MAG_SEIS_MOHO,SEDIMENT,REVEAL_S_DIFF_200_220,REVEAL_P_DIFF_40_60,CTD,EMAG2_LOG,REVEAL_VPVS_DIFF,REVEAL_S50,REVEAL_S200,REVEAL_S220,REVEAL_P40,REVEAL_P90,REVEAL_P120,REVEAL_P210,MOHO_GRAV_U,MOHO_U"
55,23,0.4179617241980191,0.034264440424432,"MOHO_GRAV,FREE_AIR,BOUGUER,SI,GEOID,REVEAL_S90,REVEAL_P180,REVEAL_P150,REVEAL_VP60VS70,REVEAL_VP90VS60,LITH_RHO,CRUST_RHO,MAG_SEIS_MOHO,SEDIMENT,REVEAL_S_DIFF_200_220,REVEAL_S50,REVEAL_S140,REVEAL_S220,REVEAL_P40,REVEAL_P90,REVEAL_P120,REVEAL_P210,MOHO_GRAV_U"
56,29,0.4207271798140759,0.0341829426806251,"MOHO,MOHO_GRAV,DEM,LAB,FREE_AIR,BOUGUER,GEOID,REVEAL_S80,REVEAL_S90,REVEAL_P180,REVEAL_VP60VS70,REVEAL_VP90VS60,LITH_RHO,CRUST_RHO,MAG_SEIS_MOHO,SEDIMENT,REVEAL_S_DIFF_200_220,EMAG2_LOG,REVEAL_VPVS_DIFF,REVEAL_S100,REVEAL_S200,REVEAL_S220,REVEAL_P40,REVEAL_P60,REVEAL_P90,REVEAL_P120,REVEAL_P210,MOHO_GRAV_U,MOHO_U"
57,18,0.4149665846732627,0.0343524888351911,"MOHO,MOHO_GRAV,DEM,FREE_AIR,GEOID,REVEAL_S80,REVEAL_S90,REVEAL_P150,REVEAL_VP60VS70,REVEAL_VP90VS60,CRUST_RHO,SEDIMENT,REVEAL_VPVS_DIFF,REVEAL_S50,REVEAL_S200,REVEAL_P90,MOHO_GRAV_U,MOHO_U"
58,15,0.4034258058473636,0.0346896647390967,"MOHO_GRAV,SI,REVEAL_P180,REVEAL_P150,REVEAL_VP60VS70,CRUST_RHO,SEDIMENT,REVEAL_S_DIFF_200_220,REVEAL_P_DIFF_40_60,REVEAL_S140,REVEAL_S200,REVEAL_S220,REVEAL_P40,REVEAL_P60,MOHO_U"
59,30,0.4167959093658385,0.03429873886468,"MOHO,MOHO_GRAV,DEM,FREE_AIR,BOUGUER,SI,GEOID,REVEAL_S80,REVEAL_S90,REVEAL_P180,REVEAL_P150,REVEAL_VP60VS70,REVEAL_VP90VS60,CRUST_RHO,MAG_SEIS_MOHO,SEDIMENT,REVEAL_S_DIFF_200_220,CTD,REVEAL_VPVS_DIFF,REVEAL_S50,REVEAL_S100,REVEAL_S140,REVEAL_S200,REVEAL_S220,REVEAL_P40,REVEAL_P60,REVEAL_P90,REVEAL_P120,REVEAL_P210,MOHO_U"
60,27,0.4141535243418199,0.0343763515306282,"MOHO_GRAV,LAB,FREE_AIR,BOUGUER,SI,GEOID,REVEAL_S80,REVEAL_P180,REVEAL_P150,REVEAL_VP90VS60,LITH_RHO,CRUST_RHO,MAG_SEIS_MOHO,SEDIMENT,REVEAL_S_DIFF_200_220,REVEAL_P_DIFF_40_60,CTD,REVEAL_VPVS_DIFF,REVEAL_S100,REVEAL_S200,REVEAL_S220,REVEAL_P40,REVEAL_P90,REVEAL_P120,REVEAL_P210,MOHO_GRAV_U,MOHO_U"
61,20,0.4169384710441294,0.0342945465204335,"DEM,SI,GEOID,REVEAL_S80,REVEAL_S90,REVEAL_P150,REVEAL_VP60VS70,REVEAL_VP90VS60,LITH_RHO,CRUST_RHO,MAG_SEIS_MOHO,SEDIMENT,REVEAL_S_DIFF_200_220,EMAG2_LOG,REVEAL_S50,REVEAL_S100,REVEAL_S220,REVEAL_P60,REVEAL_P120,MOHO_U"
62,33,0.4222912301900793,0.0341367641100942,"MOHO,MOHO_GRAV,DEM,LAB,FREE_AIR,BOUGUER,SI,GEOID,REVEAL_S80,REVEAL_S90,REVEAL_P150,REVEAL_VP60VS70,REVEAL_VP90VS60,LITH_RHO,CRUST_RHO,MAG_SEIS_MOHO,SEDIMENT,REVEAL_S_DIFF_200_220,REVEAL_P_DIFF_40_60,EMAG2_LOG,REVEAL_VPVS_DIFF,REVEAL_S50,REVEAL_S100,REVEAL_S140,REVEAL_S200,REVEAL_S220,REVEAL_P40,REVEAL_P60,REVEAL_P90,REVEAL_P120,REVEAL_P210,MOHO_GRAV_U,MOHO_U"
63,21,0.4180645078048816,0.0342614148688835,"MOHO,DEM,SI,GEOID,REVEAL_P180,REVEAL_P150,REVEAL_VP60VS70,REVEAL_VP90VS60,LITH_RHO,SEDIMENT,REVEAL_S_DIFF_200_220,REVEAL_P_DIFF_40_60,EMAG2_LOG,REVEAL_VPVS_DIFF,REVEAL_S100,REVEAL_S200,REVEAL_S220,REVEAL_P60,REVEAL_P90,REVEAL_P120,MOHO_GRAV_U"
64,25,0.4227153817600612,0.0341242302682515,"MOHO,DEM,FREE_AIR,BOUGUER,SI,REVEAL_S80,REVEAL_S90,REVEAL_P150,REVEAL_VP60VS70,LITH_RHO,CRUST_RHO,MAG_SEIS_MOHO,SEDIMENT,REVEAL_P_DIFF_40_60,CTD,EMAG2_LOG,REVEAL_VPVS_DIFF,REVEAL_S50,REVEAL_S200,REVEAL_S220,REVEAL_P40,REVEAL_P90,REVEAL_P120,MOHO_GRAV_U,MOHO_U"
65,27,0.4191931163437529,0.0342281753670919,"MOHO,MOHO_GRAV,DEM,LAB,FREE_AIR,BOUGUER,SI,GEOID,REVEAL_P180,REVEAL_P150,REVEAL_VP60VS70,REVEAL_VP90VS60,CRUST_RHO,REVEAL_S_DIFF_200_220,REVEAL_P_DIFF_40_60,CTD,EMAG2_LOG,REVEAL_VPVS_DIFF,REVEAL_S50,REVEAL_S200,REVEAL_S220,REVEAL_P60,REVEAL_P90,REVEAL_P120,REVEAL_P210,MOHO_GRAV_U,MOHO_U"
66,22,0.420691503479267,0.0341839952963261,"MOHO,MOHO_GRAV,DEM,LAB,FREE_AIR,BOUGUER,SI,GEOID,REVEAL_S90,REVEAL_P180,REVEAL_P150,REVEAL_VP90VS60,LITH_RHO,SEDIMENT,REVEAL_S_DIFF_200_220,EMAG2_LOG,REVEAL_S140,REVEAL_S200,REVEAL_P60,REVEAL_P120,REVEAL_P210,MOHO_GRAV_U"
67,18,0.4150560433717505,0.0343498622788705,"MOHO_GRAV,DEM,FREE_AIR,SI,REVEAL_S80,CRUST_RHO,MAG_SEIS_MOHO,REVEAL_P_DIFF_40_60,CTD,REVEAL_S50,REVEAL_S140,REVEAL_S200,REVEAL_S220,REVEAL_P40,REVEAL_P120,REVEAL_P210,MOHO_GRAV_U,MOHO_U"
68,14,0.4116110107497883,0.0344508656913844,"MOHO_GRAV,LAB,BOUGUER,GEOID,REVEAL_S90,LITH_RHO,CRUST_RHO,REVEAL_S100,REVEAL_S140,REVEAL_S200,REVEAL_P40,REVEAL_P60,REVEAL_P210,MOHO_U"
69,19,0.4088296610709474,0.0345321953357449,"DEM,LAB,FREE_AIR,REVEAL_S80,REVEAL_S90,REVEAL_P180,REVEAL_P150,REVEAL_VP90VS60,LITH_RHO,CRUST_RHO,MAG_SEIS_MOHO,REVEAL_P_DIFF_40_60,CTD,REVEAL_VPVS_DIFF,REVEAL_S100,REVEAL_S220,REVEAL_P60,REVEAL_P90,REVEAL_P210"
70,13,0.4063851630968315,0.0346035172482137,"MOHO,LAB,GEOID,REVEAL_S80,REVEAL_S90,REVEAL_P180,REVEAL_P150,REVEAL_VP60VS70,REVEAL_S_DIFF_200_220,CTD,EMAG2_LOG,REVEAL_P60,REVEAL_P120"
71,28,0.4202220296408079,0.0341978439119247,"MOHO_GRAV,DEM,LAB,BOUGUER,SI,GEOID,REVEAL_S90,REVEAL_P180,REVEAL_P150,REVEAL_VP90VS60,LITH_RHO,CRUST_RHO,MAG_SEIS_MOHO,SEDIMENT,REVEAL_S_DIFF_200_220,REVEAL_P_DIFF_40_60,EMAG2_LOG,REVEAL_VPVS_DIFF,REVEAL_S50,REVEAL_S100,REVEAL_S140,REVEAL_S200,REVEAL_S220,REVEAL_P40,REVEAL_P60,REVEAL_P90,REVEAL_P210,MOHO_U"
72,30,0.4216201756584334,0.0341565846347705,"MOHO_GRAV,DEM,LAB,BOUGUER,GEOID,REVEAL_S80,REVEAL_S90,REVEAL_P180,REVEAL_VP60VS70,REVEAL_VP90VS60,LITH_RHO,CRUST_RHO,MAG_SEIS_MOHO,SEDIMENT,REVEAL_S_DIFF_200_220,REVEAL_P_DIFF_40_60,CTD,EMAG2_LOG,REVEAL_VPVS_DIFF,REVEAL_S50,REVEAL_S100,REVEAL_S140,REVEAL_S200,REVEAL_S220,REVEAL_P40,REVEAL_P90,REVEAL_P120,REVEAL_P210,MOHO_GRAV_U,MOHO_U"
73,26,0.4146880465179947,0.034360665582011,"MOHO,MOHO_GRAV,LAB,FREE_AIR,BOUGUER,SI,REVEAL_S80,REVEAL_S90,REVEAL_P180,REVEAL_P150,REVEAL_VP60VS70,REVEAL_VP90VS60,CRUST_RHO,MAG_SEIS_MOHO,CTD,EMAG2_LOG,REVEAL_VPVS_DIFF,REVEAL_S50,REVEAL_S100,REVEAL_S140,REVEAL_S200,REVEAL_S220,REVEAL_P40,REVEAL_P120,REVEAL_P210,MOHO_GRAV_U"
74,23,0.421016222133488,0.0341744134095231,"MOHO,DEM,BOUGUER,SI,GEOID,REVEAL_P180,REVEAL_P150,REVEAL_VP90VS60,LITH_RHO,MAG_SEIS_MOHO,REVEAL_S_DIFF_200_220,REVEAL_VPVS_DIFF,REVEAL_S50,REVEAL_S100,REVEAL_S140,REVEAL_S200,REVEAL_S220,REVEAL_P40,REVEAL_P60,REVEAL_P120,REVEAL_P210,MOHO_GRAV_U,MOHO_U"
75,18,0.4149179960238854,0.0343539153403584,"MOHO,MOHO_GRAV,LAB,FREE_AIR,BOUGUER,SI,REVEAL_S90,REVEAL_P150,CRUST_RHO,MAG_SEIS_MOHO,REVEAL_S_DIFF_200_220,REVEAL_VPVS_DIFF,REVEAL_S50,REVEAL_S200,REVEAL_S220,REVEAL_P60,REVEAL_P120,MOHO_GRAV_U"
76,21,0.4169548695783894,0.0342940642520772,"MOHO,LAB,FREE_AIR,BOUGUER,GEOID,REVEAL_P180,REVEAL_VP90VS60,CRUST_RHO,SEDIMENT,REVEAL_S_DIFF_200_220,REVEAL_P_DIFF_40_60,CTD,REVEAL_S50,REVEAL_S100,REVEAL_S140,REVEAL_P40,REVEAL_P60,REVEAL_P90,REVEAL_P120,REVEAL_P210,MOHO_U"
77,26,0.4190802112140224,0.03423150207421,"MOHO,MOHO_GRAV,DEM,LAB,FREE_AIR,SI,REVEAL_P180,REVEAL_VP60VS70,REVEAL_VP90VS60,CRUST_RHO,SEDIMENT,REVEAL_S_DIFF_200_220,REVEAL_P_DIFF_40_60,CTD,EMAG2_LOG,REVEAL_VPVS_DIFF,REVEAL_S50,REVEAL_S100,REVEAL_S140,REVEAL_S200,REVEAL_P40,REVEAL_P60,REVEAL_P90,REVEAL_P210,MOHO_GRAV_U,MOHO_U"
78,10,0.4007750418767168,0.0347666477828605,"MOHO_GRAV,BOUGUER,REVEAL_S80,REVEAL_VP90VS60,CRUST_RHO,MAG_SEIS_MOHO,REVEAL_P_DIFF_40_60,CTD,REVEAL_P90,REVEAL_P120"
79,10,0.4141232057818107,0.0343772410366984,"BOUGUER,GEOID,LITH_RHO,CTD,REVEAL_VPVS_DIFF,REVEAL_S100,REVEAL_S140,REVEAL_P60,REVEAL_P90,MOHO_U"
80,22,0.4205366530705303,0.0341885637188404,"DEM,FREE_AIR,GEOID,REVEAL_S80,REVEAL_S90,REVEAL_P150,REVEAL_VP60VS70,LITH_RHO,CRUST_RHO,MAG_SEIS_MOHO,REVEAL_P_DIFF_40_60,EMAG2_LOG,REVEAL_VPVS_DIFF,REVEAL_S50,REVEAL_S100,REVEAL_S140,REVEAL_S200,REVEAL_S220,REVEAL_P90,REVEAL_P120,MOHO_GRAV_U,MOHO_U"
81,14,0.4209701938505077,0.0341757717880908,"DEM,LAB,SI,GEOID,REVEAL_S90,REVEAL_P150,MAG_SEIS_MOHO,REVEAL_S_DIFF_200_220,REVEAL_P_DIFF_40_60,REVEAL_VPVS_DIFF,REVEAL_S100,REVEAL_S140,REVEAL_P40,REVEAL_P60"
82,12,0.404987427981208,0.0346442322964913,"LAB,SI,GEOID,REVEAL_S80,REVEAL_P180,REVEAL_VP90VS60,CTD,REVEAL_S140,REVEAL_S200,REVEAL_P40,REVEAL_P210,MOHO_GRAV_U"
83,30,0.4195646973436491,0.0342172245890781,"MOHO,MOHO_GRAV,DEM,LAB,FREE_AIR,BOUGUER,SI,GEOID,REVEAL_S80,REVEAL_P180,REVEAL_P150,REVEAL_VP60VS70,REVEAL_VP90VS60,LITH_RHO,CRUST_RHO,MAG_SEIS_MOHO,SEDIMENT,REVEAL_S_DIFF_200_220,REVEAL_P_DIFF_40_60,EMAG2_LOG,REVEAL_VPVS_DIFF,REVEAL_S50,REVEAL_S100,REVEAL_S140,REVEAL_S200,REVEAL_S220,REVEAL_P60,REVEAL_P210,MOHO_GRAV_U,MOHO_U"
84,26,0.4144092894229184,0.0343688468083757,"MOHO,MOHO_GRAV,DEM,FREE_AIR,BOUGUER,SI,GEOID,REVEAL_S80,REVEAL_S90,REVEAL_P150,REVEAL_VP60VS70,REVEAL_VP90VS60,LITH_RHO,CRUST_RHO,SEDIMENT,REVEAL_P_DIFF_40_60,CTD,REVEAL_VPVS_DIFF,REVEAL_S100,REVEAL_S200,REVEAL_S220,REVEAL_P40,REVEAL_P60,REVEAL_P90,REVEAL_P210,MOHO_GRAV_U"
85,32,0.419166029684427,0.0342289734947849,"DEM,LAB,FREE_AIR,BOUGUER,SI,GEOID,REVEAL_S80,REVEAL_S90,REVEAL_P180,REVEAL_P150,REVEAL_VP60VS70,REVEAL_VP90VS60,LITH_RHO,CRUST_RHO,MAG_SEIS_MOHO,SEDIMENT,REVEAL_S_DIFF_200_220,REVEAL_P_DIFF_40_60,CTD,EMAG2_LOG,REVEAL_S50,REVEAL_S100,REVEAL_S140,REVEAL_S200,REVEAL_S220,REVEAL_P40,REVEAL_P60,REVEAL_P90,REVEAL_P120,REVEAL_P210,MOHO_GRAV_U,MOHO_U"
86,12,0.4083227778231136,0.0345469965188744,"MOHO,LAB,GEOID,REVEAL_VP60VS70,LITH_RHO,CRUST_RHO,REVEAL_P_DIFF_40_60,REVEAL_S50,REVEAL_S140,REVEAL_S200,REVEAL_P60,REVEAL_P90"
87,14,0.4131643526703172,0.0344053606422908,"MOHO,MOHO_GRAV,DEM,LAB,FREE_AIR,BOUGUER,GEOID,REVEAL_S80,REVEAL_S90,REVEAL_P150,REVEAL_VP90VS60,CRUST_RHO,REVEAL_S200,MOHO_U"
88,27,0.4160594539776392,0.0343203878227549,"MOHO_GRAV,LAB,FREE_AIR,BOUGUER,SI,GEOID,REVEAL_S80,REVEAL_S90,REVEAL_P180,REVEAL_P150,REVEAL_VP90VS60,LITH_RHO,CRUST_RHO,MAG_SEIS_MOHO,SEDIMENT,REVEAL_S_DIFF_200_220,REVEAL_P_DIFF_40_60,CTD,REVEAL_VPVS_DIFF,REVEAL_S100,REVEAL_S140,REVEAL_S220,REVEAL_P60,REVEAL_P90,REVEAL_P120,REVEAL_P210,MOHO_U"
89,22,0.4171427619057457,0.0342885379982567,"MOHO,MOHO_GRAV,BOUGUER,GEOID,REVEAL_S80,REVEAL_S90,REVEAL_P180,REVEAL_P150,REVEAL_VP60VS70,LITH_RHO,MAG_SEIS_MOHO,REVEAL_P_DIFF_40_60,CTD,REVEAL_VPVS_DIFF,REVEAL_S50,REVEAL_S100,REVEAL_S200,REVEAL_S220,REVEAL_P40,REVEAL_P90,REVEAL_P210,MOHO_GRAV_U"
90,33,0.4227845322766842,0.0341221864074358,"MOHO,MOHO_GRAV,DEM,LAB,FREE_AIR,BOUGUER,SI,GEOID,REVEAL_S90,REVEAL_P180,REVEAL_P150,REVEAL_VP60VS70,REVEAL_VP90VS60,LITH_RHO,CRUST_RHO,MAG_SEIS_MOHO,SEDIMENT,REVEAL_S_DIFF_200_220,REVEAL_P_DIFF_40_60,CTD,EMAG2_LOG,REVEAL_VPVS_DIFF,REVEAL_S50,REVEAL_S100,REVEAL_S140,REVEAL_S200,REVEAL_S220,REVEAL_P40,REVEAL_P60,REVEAL_P90,REVEAL_P120,MOHO_GRAV_U,MOHO_U"
91,13,0.4082674441268713,0.0345486118999034,"MOHO,MOHO_GRAV,DEM,FREE_AIR,BOUGUER,SI,REVEAL_S80,REVEAL_P180,REVEAL_VP90VS60,LITH_RHO,CRUST_RHO,MAG_SEIS_MOHO,REVEAL_P120"
92,16,0.4149279811784372,0.034353622192889,"MOHO,MOHO_GRAV,DEM,SI,REVEAL_S90,REVEAL_VP60VS70,REVEAL_VP90VS60,LITH_RHO,SEDIMENT,REVEAL_P_DIFF_40_60,EMAG2_LOG,REVEAL_S100,REVEAL_S200,REVEAL_P60,REVEAL_P90,MOHO_GRAV_U"
93,22,0.4139144936598756,0.0343833637472314,"MOHO,MOHO_GRAV,LAB,FREE_AIR,GEOID,REVEAL_S80,REVEAL_S90,REVEAL_P180,REVEAL_P150,REVEAL_VP60VS70,CRUST_RHO,MAG_SEIS_MOHO,REVEAL_S_DIFF_200_220,EMAG2_LOG,REVEAL_VPVS_DIFF,REVEAL_S50,REVEAL_P40,REVEAL_P60,REVEAL_P90,REVEAL_P120,REVEAL_P210,MOHO_U"
94,25,0.4210432104471155,0.034173616910061,"MOHO,MOHO_GRAV,LAB,FREE_AIR,BOUGUER,SI,GEOID,REVEAL_S90,REVEAL_P180,REVEAL_P150,REVEAL_VP60VS70,REVEAL_VP90VS60,LITH_RHO,MAG_SEIS_MOHO,SEDIMENT,REVEAL_S_DIFF_200_220,REVEAL_P_DIFF_40_60,EMAG2_LOG,REVEAL_S50,REVEAL_S100,REVEAL_S140,REVEAL_S200,REVEAL_S220,MOHO_GRAV_U,MOHO_U"
95,21,0.4190035222390929,0.0342337615016054,"MOHO_GRAV,DEM,FREE_AIR,GEOID,REVEAL_S80,REVEAL_S90,REVEAL_P180,REVEAL_VP60VS70,MAG_SEIS_MOHO,CTD,EMAG2_LOG,REVEAL_S50,REVEAL_S100,REVEAL_S220,REVEAL_P40,REVEAL_P60,REVEAL_P90,REVEAL_P120,REVEAL_P210,MOHO_GRAV_U,MOHO_U"
96,20,0.4125817204022366,0.0344224358662843,"MOHO,MOHO_GRAV,FREE_AIR,REVEAL_P180,REVEAL_P150,REVEAL_VP90VS60,LITH_RHO,CRUST_RHO,SEDIMENT,REVEAL_S_DIFF_200_220,REVEAL_P_DIFF_40_60,CTD,REVEAL_S140,REVEAL_S200,REVEAL_P40,REVEAL_P60,REVEAL_P120,REVEAL_P210,MOHO_GRAV_U,MOHO_U"
97,12,0.4085750991914006,0.0345396294320229,"BOUGUER,GEOID,REVEAL_VP90VS60,LITH_RHO,CRUST_RHO,MAG_SEIS_MOHO,REVEAL_S_DIFF_200_220,CTD,REVEAL_S50,REVEAL_S220,REVEAL_P210,MOHO_U"
98,28,0.4182335137285111,0.0342564394011429,"MOHO,MOHO_GRAV,LAB,BOUGUER,SI,GEOID,REVEAL_S80,REVEAL_S90,REVEAL_P150,REVEAL_VP60VS70,REVEAL_VP90VS60,CRUST_RHO,SEDIMENT,REVEAL_S_DIFF_200_220,REVEAL_P_DIFF_40_60,CTD,EMAG2_LOG,REVEAL_VPVS_DIFF,REVEAL_S50,REVEAL_S100,REVEAL_S140,REVEAL_S200,REVEAL_P60,REVEAL_P90,REVEAL_P120,REVEAL_P210,MOHO_GRAV_U,MOHO_U"
99,21,0.4177004601888423,0.0342721298334274,"MOHO,LAB,BOUGUER,SI,REVEAL_S80,REVEAL_S90,REVEAL_P180,REVEAL_P150,REVEAL_VP60VS70,REVEAL_VP90VS60,LITH_RHO,CRUST_RHO,MAG_SEIS_MOHO,SEDIMENT,REVEAL_P_DIFF_40_60,EMAG2_LOG,REVEAL_S50,REVEAL_S140,REVEAL_P60,REVEAL_P210,MOHO_U"
100,28,0.4233777223160005,0.0341046486375899,"MOHO,MOHO_GRAV,DEM,LAB,BOUGUER,SI,GEOID,REVEAL_S80,REVEAL_S90,REVEAL_P180,REVEAL_P150,REVEAL_VP90VS60,LITH_RHO,CRUST_RHO,REVEAL_S_DIFF_200_220,REVEAL_P_DIFF_40_60,REVEAL_VPVS_DIFF,REVEAL_S50,REVEAL_S100,REVEAL_S140,REVEAL_S200,REVEAL_S220,REVEAL_P40,REVEAL_P60,REVEAL_P90,REVEAL_P210,MOHO_GRAV_U,MOHO_U"
101,31,0.4198907771959054,0.0342076118768916,"DEM,LAB,FREE_AIR,BOUGUER,SI,GEOID,REVEAL_S80,REVEAL_S90,REVEAL_P180,REVEAL_VP60VS70,REVEAL_VP90VS60,LITH_RHO,CRUST_RHO,MAG_SEIS_MOHO,SEDIMENT,REVEAL_S_DIFF_200_220,REVEAL_P_DIFF_40_60,CTD,EMAG2_LOG,REVEAL_VPVS_DIFF,REVEAL_S100,REVEAL_S140,REVEAL_S200,REVEAL_S220,REVEAL_P40,REVEAL_P60,REVEAL_P90,REVEAL_P120,REVEAL_P210,MOHO_GRAV_U,MOHO_U"
102,19,0.4083547378211293,0.0345460634621255,"MOHO,MOHO_GRAV,LAB,FREE_AIR,REVEAL_S80,REVEAL_S90,REVEAL_P180,REVEAL_VP60VS70,REVEAL_VP90VS60,LITH_RHO,SEDIMENT,REVEAL_S_DIFF_200_220,REVEAL_P_DIFF_40_60,CTD,REVEAL_S50,REVEAL_S100,REVEAL_P60,REVEAL_P120,MOHO_U"
103,13,0.4014173825026396,0.0347480086908772,"MOHO_GRAV,FREE_AIR,BOUGUER,REVEAL_S80,REVEAL_P180,CRUST_RHO,REVEAL_S_DIFF_200_220,REVEAL_P_DIFF_40_60,CTD,REVEAL_S140,REVEAL_P60,REVEAL_P210,MOHO_U"
104,25,0.4204132362313557,0.0341922043458508,"MOHO,MOHO_GRAV,DEM,FREE_AIR,SI,GEOID,REVEAL_P180,REVEAL_P150,REVEAL_VP60VS70,LITH_RHO,CRUST_RHO,MAG_SEIS_MOHO,SEDIMENT,REVEAL_S_DIFF_200_220,REVEAL_P_DIFF_40_60,CTD,EMAG2_LOG,REVEAL_VPVS_DIFF,REVEAL_S50,REVEAL_S100,REVEAL_S220,REVEAL_P90,REVEAL_P120,REVEAL_P210,MOHO_GRAV_U"
105,31,0.4192319564458864,0.0342270308833652,"MOHO,MOHO_GRAV,DEM,LAB,FREE_AIR,BOUGUER,SI,REVEAL_S80,REVEAL_S90,REVEAL_P180,REVEAL_P150,REVEAL_VP60VS70,REVEAL_VP90VS60,LITH_RHO,CRUST_RHO,MAG_SEIS_MOHO,SEDIMENT,REVEAL_S_DIFF_200_220,CTD,EMAG2_LOG,REVEAL_VPVS_DIFF,REVEAL_S50,REVEAL_S100,REVEAL_S140,REVEAL_S200,REVEAL_S220,REVEAL_P40,REVEAL_P60,REVEAL_P90,REVEAL_P120,MOHO_U"
106,14,0.4096121035538094,0.0345093352553353,"DEM,LAB,GEOID,REVEAL_P180,REVEAL_VP90VS60,LITH_RHO,REVEAL_S_DIFF_200_220,REVEAL_S50,REVEAL_S140,REVEAL_S200,REVEAL_S220,REVEAL_P120,REVEAL_P210,MOHO_GRAV_U"
107,18,0.410546514184742,0.0344820153704147,"MOHO_GRAV,REVEAL_S80,REVEAL_S90,REVEAL_P150,REVEAL_VP60VS70,REVEAL_VP90VS60,MAG_SEIS_MOHO,SEDIMENT,REVEAL_S_DIFF_200_220,REVEAL_P_DIFF_40_60,REVEAL_S50,REVEAL_S100,REVEAL_S140,REVEAL_P40,REVEAL_P60,REVEAL_P90,MOHO_GRAV_U,MOHO_U"
108,18,0.4133722403709398,0.0343992660186084,"MOHO,MOHO_GRAV,LAB,FREE_AIR,GEOID,REVEAL_S80,REVEAL_S90,REVEAL_P150,REVEAL_VP60VS70,CRUST_RHO,SEDIMENT,REVEAL_S_DIFF_200_220,EMAG2_LOG,REVEAL_S50,REVEAL_S100,REVEAL_S140,REVEAL_S220,REVEAL_P40"
109,34,0.4212240328397167,0.0341682798643165,"MOHO,MOHO_GRAV,DEM,LAB,FREE_AIR,BOUGUER,SI,GEOID,REVEAL_S80,REVEAL_S90,REVEAL_P180,REVEAL_VP60VS70,REVEAL_VP90VS60,LITH_RHO,CRUST_RHO,MAG_SEIS_MOHO,SEDIMENT,REVEAL_S_DIFF_200_220,REVEAL_P_DIFF_40_60,CTD,EMAG2_LOG,REVEAL_VPVS_DIFF,REVEAL_S50,REVEAL_S100,REVEAL_S140,REVEAL_S200,REVEAL_S220,REVEAL_P40,REVEAL_P60,REVEAL_P90,REVEAL_P120,REVEAL_P210,MOHO_GRAV_U,MOHO_U"
110,25,0.4225652563702171,0.0341286670574839,"MOHO,MOHO_GRAV,DEM,LAB,BOUGUER,GEOID,REVEAL_S80,REVEAL_S90,REVEAL_P180,REVEAL_VP60VS70,REVEAL_VP90VS60,LITH_RHO,CRUST_RHO,MAG_SEIS_MOHO,REVEAL_S_DIFF_200_220,REVEAL_P_DIFF_40_60,CTD,REVEAL_VPVS_DIFF,REVEAL_S50,REVEAL_S100,REVEAL_S140,REVEAL_P60,REVEAL_P90,REVEAL_P210,MOHO_GRAV_U"
111,21,0.4126555515628609,0.0344202725626028,"DEM,LAB,FREE_AIR,BOUGUER,REVEAL_S80,REVEAL_S90,REVEAL_P180,REVEAL_VP60VS70,REVEAL_VP90VS60,CRUST_RHO,SEDIMENT,CTD,EMAG2_LOG,REVEAL_VPVS_DIFF,REVEAL_S50,REVEAL_S100,REVEAL_P40,REVEAL_P60,REVEAL_P90,REVEAL_P210,MOHO_U"
112,13,0.4041640288551459,0.0346681949570558,"DEM,BOUGUER,SI,REVEAL_S80,REVEAL_S90,REVEAL_VP60VS70,REVEAL_VP90VS60,CTD,EMAG2_LOG,REVEAL_S50,REVEAL_P120,REVEAL_P210,MOHO_U"
113,28,0.418000766146299,0.0342632912105395,"MOHO,MOHO_GRAV,FREE_AIR,SI,GEOID,REVEAL_S80,REVEAL_P180,REVEAL_P150,REVEAL_VP60VS70,REVEAL_VP90VS60,LITH_RHO,CRUST_RHO,MAG_SEIS_MOHO,REVEAL_S_DIFF_200_220,REVEAL_P_DIFF_40_60,CTD,EMAG2_LOG,REVEAL_VPVS_DIFF,REVEAL_S50,REVEAL_S100,REVEAL_S140,REVEAL_S200,REVEAL_P40,REVEAL_P60,REVEAL_P90,REVEAL_P120,MOHO_GRAV_U,MOHO_U"
114,27,0.4244529015753597,0.0340728377611642,"MOHO,DEM,LAB,BOUGUER,SI,GEOID,REVEAL_S90,REVEAL_P180,REVEAL_VP60VS70,LITH_RHO,CRUST_RHO,SEDIMENT,REVEAL_S_DIFF_200_220,REVEAL_P_DIFF_40_60,CTD,EMAG2_LOG,REVEAL_VPVS_DIFF,REVEAL_S50,REVEAL_S100,REVEAL_S140,REVEAL_S220,REVEAL_P40,REVEAL_P60,REVEAL_P90,REVEAL_P120,REVEAL_P210,MOHO_GRAV_U"
115,27,0.4236197383493235,0.034097490799307,"MOHO,MOHO_GRAV,DEM,LAB,BOUGUER,GEOID,REVEAL_S80,REVEAL_P180,REVEAL_P150,REVEAL_VP60VS70,LITH_RHO,CRUST_RHO,MAG_SEIS_MOHO,SEDIMENT,REVEAL_S_DIFF_200_220,REVEAL_P_DIFF_40_60,CTD,EMAG2_LOG,REVEAL_VPVS_DIFF,REVEAL_S50,REVEAL_S140,REVEAL_S200,REVEAL_S220,REVEAL_P60,REVEAL_P90,REVEAL_P120,MOHO_GRAV_U"
116,25,0.4174641442967834,0.0342790834945878,"MOHO,DEM,FREE_AIR,BOUGUER,SI,REVEAL_S90,REVEAL_P180,REVEAL_P150,REVEAL_VP60VS70,REVEAL_VP90VS60,LITH_RHO,CRUST_RHO,MAG_SEIS_MOHO,SEDIMENT,REVEAL_S_DIFF_200_220,EMAG2_LOG,REVEAL_VPVS_DIFF,REVEAL_S50,REVEAL_S200,REVEAL_S220,REVEAL_P60,REVEAL_P90,REVEAL_P120,MOHO_GRAV_U,MOHO_U"
117,13,0.4052779316599967,0.0346357740670961,"MOHO,LAB,GEOID,REVEAL_P180,REVEAL_VP60VS70,REVEAL_VP90VS60,CRUST_RHO,MAG_SEIS_MOHO,SEDIMENT,REVEAL_S100,REVEAL_S200,REVEAL_P120,REVEAL_P210"
118,14,0.415433820526502,0.0343387683193967,"MOHO,DEM,FREE_AIR,BOUGUER,REVEAL_P150,SEDIMENT,CTD,EMAG2_LOG,REVEAL_S100,REVEAL_S140,REVEAL_P40,REVEAL_P60,REVEAL_P90,REVEAL_P120"
119,25,0.4156895744179897,0.0343312557102777,"DEM,FREE_AIR,BOUGUER,GEOID,REVEAL_S80,REVEAL_P180,REVEAL_P150,REVEAL_VP90VS60,LITH_RHO,CRUST_RHO,SEDIMENT,REVEAL_P_DIFF_40_60,CTD,EMAG2_LOG,REVEAL_VPVS_DIFF,REVEAL_S50,REVEAL_S100,REVEAL_S200,REVEAL_S220,REVEAL_P40,REVEAL_P60,REVEAL_P90,REVEAL_P120,REVEAL_P210,MOHO_GRAV_U"
120,18,0.4173953990877136,0.0342811060767337,"MOHO,MOHO_GRAV,DEM,BOUGUER,REVEAL_S80,REVEAL_S90,REVEAL_P180,REVEAL_P150,MAG_SEIS_MOHO,REVEAL_S50,REVEAL_S100,REVEAL_S200,REVEAL_S220,REVEAL_P40,REVEAL_P60,REVEAL_P120,REVEAL_P210,MOHO_GRAV_U"
121,28,0.4200130088468878,0.034204007837353,"MOHO,MOHO_GRAV,BOUGUER,SI,GEOID,REVEAL_S80,REVEAL_P180,REVEAL_P150,REVEAL_VP90VS60,LITH_RHO,CRUST_RHO,MAG_SEIS_MOHO,REVEAL_S_DIFF_200_220,CTD,EMAG2_LOG,REVEAL_VPVS_DIFF,REVEAL_S50,REVEAL_S100,REVEAL_S140,REVEAL_S200,REVEAL_S220,REVEAL_P40,REVEAL_P60,REVEAL_P90,REVEAL_P120,REVEAL_P210,MOHO_GRAV_U,MOHO_U"
122,30,0.420517401316973,0.0341891316446117,"MOHO,MOHO_GRAV,DEM,LAB,FREE_AIR,BOUGUER,SI,GEOID,REVEAL_S80,REVEAL_P180,REVEAL_P150,REVEAL_VP60VS70,REVEAL_VP90VS60,LITH_RHO,CRUST_RHO,MAG_SEIS_MOHO,SEDIMENT,REVEAL_S_DIFF_200_220,CTD,EMAG2_LOG,REVEAL_VPVS_DIFF,REVEAL_S50,REVEAL_S140,REVEAL_S200,REVEAL_S220,REVEAL_P40,REVEAL_P60,REVEAL_P120,REVEAL_P210,MOHO_U"
123,28,0.4217613159237122,0.0341524168168809,"MOHO,MOHO_GRAV,DEM,BOUGUER,SI,GEOID,REVEAL_S80,REVEAL_S90,REVEAL_P150,REVEAL_VP60VS70,REVEAL_VP90VS60,LITH_RHO,CRUST_RHO,SEDIMENT,REVEAL_S_DIFF_200_220,REVEAL_P_DIFF_40_60,EMAG2_LOG,REVEAL_VPVS_DIFF,REVEAL_S50,REVEAL_S100,REVEAL_S140,REVEAL_S200,REVEAL_P40,REVEAL_P90,REVEAL_P120,REVEAL_P210,MOHO_GRAV_U,MOHO_U"
124,18,0.4080680689688714,0.0345544317206763,"MOHO_GRAV,LAB,FREE_AIR,SI,REVEAL_P180,REVEAL_VP60VS70,REVEAL_VP90VS60,LITH_RHO,MAG_SEIS_MOHO,SEDIMENT,REVEAL_P_DIFF_40_60,EMAG2_LOG,REVEAL_VPVS_DIFF,REVEAL_S140,REVEAL_S200,REVEAL_P120,REVEAL_P210,MOHO_U"
125,20,0.4159029828832117,0.0343249857128877,"DEM,FREE_AIR,BOUGUER,SI,GEOID,REVEAL_P180,REVEAL_VP60VS70,REVEAL_VP90VS60,SEDIMENT,REVEAL_S_DIFF_200_220,CTD,REVEAL_VPVS_DIFF,REVEAL_S50,REVEAL_S140,REVEAL_S220,REVEAL_P40,REVEAL_P60,REVEAL_P120,REVEAL_P210,MOHO_U"
126,28,0.4246084825790455,0.0340682321914327,"MOHO_GRAV,DEM,LAB,SI,GEOID,REVEAL_S80,REVEAL_P180,REVEAL_P150,REVEAL_VP60VS70,LITH_RHO,CRUST_RHO,MAG_SEIS_MOHO,REVEAL_S_DIFF_200_220,REVEAL_P_DIFF_40_60,CTD,EMAG2_LOG,REVEAL_VPVS_DIFF,REVEAL_S50,REVEAL_S100,REVEAL_S140,REVEAL_S200,REVEAL_S220,REVEAL_P60,REVEAL_P90,REVEAL_P120,REVEAL_P210,MOHO_GRAV_U,MOHO_U"
127,17,0.4154170323122185,0.0343392614051088,"DEM,FREE_AIR,GEOID,REVEAL_S80,REVEAL_S90,REVEAL_P180,LITH_RHO,CRUST_RHO,REVEAL_P_DIFF_40_60,REVEAL_VPVS_DIFF,REVEAL_S50,REVEAL_S140,REVEAL_S220,REVEAL_P40,REVEAL_P60,REVEAL_P90,MOHO_U"
128,26,0.4137629682482023,0.0343878081641218,"MOHO_GRAV,LAB,FREE_AIR,BOUGUER,SI,GEOID,REVEAL_S80,REVEAL_S90,REVEAL_P180,REVEAL_P150,CRUST_RHO,MAG_SEIS_MOHO,SEDIMENT,REVEAL_S_DIFF_200_220,REVEAL_P_DIFF_40_60,CTD,REVEAL_VPVS_DIFF,REVEAL_S50,REVEAL_S100,REVEAL_S140,REVEAL_S200,REVEAL_P60,REVEAL_P90,REVEAL_P210,MOHO_GRAV_U,MOHO_U"
129,10,0.3895420169845278,0.0350910012147694,"MOHO,MOHO_GRAV,FREE_AIR,CRUST_RHO,MAG_SEIS_MOHO,CTD,REVEAL_VPVS_DIFF,REVEAL_S220,MOHO_GRAV_U,MOHO_U"
130,14,0.4150910524470498,0.0343488343385906,"DEM,FREE_AIR,SI,REVEAL_S80,REVEAL_VP90VS60,REVEAL_S_DIFF_200_220,CTD,EMAG2_LOG,REVEAL_S50,REVEAL_S100,REVEAL_S140,REVEAL_P40,REVEAL_P120,MOHO_U"
131,19,0.4128150900909074,0.034415597509842,"MOHO_GRAV,LAB,BOUGUER,SI,REVEAL_S80,REVEAL_S90,REVEAL_P180,REVEAL_VP90VS60,MAG_SEIS_MOHO,SEDIMENT,REVEAL_S_DIFF_200_220,REVEAL_P_DIFF_40_60,CTD,REVEAL_S50,REVEAL_S200,REVEAL_P60,REVEAL_P90,MOHO_GRAV_U,MOHO_U"
132,23,0.4177748022170571,0.0342699420067204,"MOHO,LAB,FREE_AIR,BOUGUER,SI,GEOID,REVEAL_S80,REVEAL_P180,REVEAL_P150,REVEAL_VP90VS60,LITH_RHO,SEDIMENT,REVEAL_S_DIFF_200_220,EMAG2_LOG,REVEAL_S50,REVEAL_S100,REVEAL_S140,REVEAL_S200,REVEAL_S220,REVEAL_P40,REVEAL_P60,REVEAL_P210,MOHO_U"
133,21,0.4137461140168407,0.0343883024828682,"MOHO,MOHO_GRAV,DEM,LAB,FREE_AIR,BOUGUER,SI,REVEAL_S80,REVEAL_S90,REVEAL_P150,REVEAL_VP60VS70,LITH_RHO,CRUST_RHO,SEDIMENT,REVEAL_S_DIFF_200_220,CTD,EMAG2_LOG,REVEAL_VPVS_DIFF,REVEAL_S50,REVEAL_S200,REVEAL_P120"
134,10,0.4022679563808097,0.034723311803059,"MOHO,MOHO_GRAV,BOUGUER,REVEAL_VP90VS60,CRUST_RHO,REVEAL_P_DIFF_40_60,REVEAL_S140,REVEAL_P40,REVEAL_P60,REVEAL_P120"
135,25,0.4158640643108464,0.0343261292362661,"MOHO,MOHO_GRAV,DEM,LAB,FREE_AIR,SI,GEOID,REVEAL_S80,REVEAL_S90,REVEAL_P180,REVEAL_P150,REVEAL_VP60VS70,REVEAL_VP90VS60,LITH_RHO,CRUST_RHO,REVEAL_S_DIFF_200_220,EMAG2_LOG,REVEAL_VPVS_DIFF,REVEAL_S50,REVEAL_S140,REVEAL_S220,REVEAL_P40,REVEAL_P60,REVEAL_P210,MOHO_GRAV_U"
136,24,0.4154762728860383,0.0343375214219048,"MOHO,MOHO_GRAV,LAB,BOUGUER,REVEAL_S80,REVEAL_S90,REVEAL_P180,REVEAL_P150,REVEAL_VP60VS70,CRUST_RHO,MAG_SEIS_MOHO,SEDIMENT,REVEAL_S_DIFF_200_220,CTD,EMAG2_LOG,REVEAL_VPVS_DIFF,REVEAL_S140,REVEAL_S200,REVEAL_S220,REVEAL_P60,REVEAL_P90,REVEAL_P120,REVEAL_P210,MOHO_GRAV_U"
137,25,0.4161079182466313,0.0343189635792836,"MOHO,MOHO_GRAV,DEM,LAB,FREE_AIR,BOUGUER,SI,REVEAL_S80,REVEAL_P180,REVEAL_VP60VS70,REVEAL_VP90VS60,MAG_SEIS_MOHO,REVEAL_S_DIFF_200_220,REVEAL_P_DIFF_40_60,CTD,REVEAL_VPVS_DIFF,REVEAL_S50,REVEAL_S100,REVEAL_S140,REVEAL_S200,REVEAL_P60,REVEAL_P120,REVEAL_P210,MOHO_GRAV_U,MOHO_U"
138,31,0.4220126060894756,0.0341449950554797,"MOHO,MOHO_GRAV,DEM,LAB,FREE_AIR,BOUGUER,SI,REVEAL_S80,REVEAL_S90,REVEAL_P180,REVEAL_P150,REVEAL_VP60VS70,REVEAL_VP90VS60,LITH_RHO,CRUST_RHO,MAG_SEIS_MOHO,SEDIMENT,REVEAL_S_DIFF_200_220,REVEAL_P_DIFF_40_60,CTD,EMAG2_LOG,REVEAL_VPVS_DIFF,REVEAL_S50,REVEAL_S140,REVEAL_S220,REVEAL_P40,REVEAL_P60,REVEAL_P90,REVEAL_P120,MOHO_GRAV_U,MOHO_U"
139,16,0.4127292095778602,0.0344181141967134,"SI,GEOID,REVEAL_P180,REVEAL_VP60VS70,REVEAL_VP90VS60,MAG_SEIS_MOHO,REVEAL_P_DIFF_40_60,EMAG2_LOG,REVEAL_VPVS_DIFF,REVEAL_S50,REVEAL_S100,REVEAL_S220,REVEAL_P40,REVEAL_P60,REVEAL_P120,MOHO_GRAV_U"
140,11,0.4098764902246536,0.0345016074292758,"MOHO_GRAV,DEM,SI,REVEAL_S80,LITH_RHO,CTD,EMAG2_LOG,REVEAL_S100,REVEAL_S200,REVEAL_P60,REVEAL_P210"
141,24,0.4225425224784821,0.0341293388821308,"MOHO,MOHO_GRAV,DEM,FREE_AIR,SI,GEOID,REVEAL_S80,REVEAL_S90,REVEAL_P180,REVEAL_VP90VS60,LITH_RHO,SEDIMENT,REVEAL_S_DIFF_200_220,CTD,REVEAL_VPVS_DIFF,REVEAL_S50,REVEAL_S100,REVEAL_S140,REVEAL_S200,REVEAL_P40,REVEAL_P90,REVEAL_P120,REVEAL_P210,MOHO_GRAV_U"
142,15,0.4201621811328371,0.0341996089299342,"DEM,LAB,FREE_AIR,BOUGUER,GEOID,REVEAL_S80,LITH_RHO,CRUST_RHO,SEDIMENT,REVEAL_S_DIFF_200_220,EMAG2_LOG,REVEAL_S200,REVEAL_P120,REVEAL_P210,MOHO_U"
143,32,0.4216188430752953,0.0341566239830159,"MOHO,DEM,LAB,FREE_AIR,BOUGUER,SI,GEOID,REVEAL_S80,REVEAL_S90,REVEAL_P180,REVEAL_P150,REVEAL_VP60VS70,CRUST_RHO,MAG_SEIS_MOHO,SEDIMENT,REVEAL_S_DIFF_200_220,REVEAL_P_DIFF_40_60,CTD,EMAG2_LOG,REVEAL_VPVS_DIFF,REVEAL_S50,REVEAL_S100,REVEAL_S140,REVEAL_S200,REVEAL_S220,REVEAL_P40,REVEAL_P60,REVEAL_P90,REVEAL_P120,REVEAL_P210,MOHO_GRAV_U,MOHO_U"
144,32,0.4203319013631161,0.0341946034007026,"MOHO,MOHO_GRAV,DEM,LAB,FREE_AIR,BOUGUER,SI,GEOID,REVEAL_S80,REVEAL_S90,REVEAL_P180,REVEAL_P150,REVEAL_VP60VS70,REVEAL_VP90VS60,LITH_RHO,CRUST_RHO,MAG_SEIS_MOHO,SEDIMENT,REVEAL_S_DIFF_200_220,CTD,EMAG2_LOG,REVEAL_VPVS_DIFF,REVEAL_S50,REVEAL_S100,REVEAL_S140,REVEAL_S220,REVEAL_P40,REVEAL_P60,REVEAL_P90,REVEAL_P120,REVEAL_P210,MOHO_U"
145,12,0.4025112195850565,0.0347162452890747,"DEM,BOUGUER,REVEAL_S80,REVEAL_P180,REVEAL_P150,REVEAL_VP60VS70,REVEAL_S_DIFF_200_220,REVEAL_P_DIFF_40_60,EMAG2_LOG,REVEAL_S100,REVEAL_P90,REVEAL_P120"
146,34,0.420871303289047,0.0341786900463019,"MOHO,MOHO_GRAV,DEM,LAB,FREE_AIR,BOUGUER,SI,GEOID,REVEAL_S80,REVEAL_S90,REVEAL_P180,REVEAL_P150,REVEAL_VP60VS70,REVEAL_VP90VS60,LITH_RHO,CRUST_RHO,MAG_SEIS_MOHO,SEDIMENT,REVEAL_S_DIFF_200_220,REVEAL_P_DIFF_40_60,CTD,EMAG2_LOG,REVEAL_VPVS_DIFF,REVEAL_S50,REVEAL_S140,REVEAL_S200,REVEAL_S220,REVEAL_P40,REVEAL_P60,REVEAL_P90,REVEAL_P120,REVEAL_P210,MOHO_GRAV_U,MOHO_U"
147,32,0.4180985506813374,0.0342604127181404,"MOHO,MOHO_GRAV,LAB,FREE_AIR,BOUGUER,SI,GEOID,REVEAL_S80,REVEAL_S90,REVEAL_P180,REVEAL_P150,REVEAL_VP60VS70,REVEAL_VP90VS60,LITH_RHO,MAG_SEIS_MOHO,REVEAL_S_DIFF_200_220,REVEAL_P_DIFF_40_60,CTD,EMAG2_LOG,REVEAL_VPVS_DIFF,REVEAL_S50,REVEAL_S100,REVEAL_S140,REVEAL_S200,REVEAL_S220,REVEAL_P40,REVEAL_P60,REVEAL_P90,REVEAL_P120,REVEAL_P210,MOHO_GRAV_U,MOHO_U"
148,23,0.4205935314232356,0.0341868857551546,"MOHO,MOHO_GRAV,DEM,FREE_AIR,BOUGUER,SI,GEOID,REVEAL_S90,REVEAL_P150,REVEAL_VP90VS60,CRUST_RHO,MAG_SEIS_MOHO,SEDIMENT,REVEAL_P_DIFF_40_60,CTD,REVEAL_S50,REVEAL_S140,REVEAL_S200,REVEAL_S220,REVEAL_P60,REVEAL_P120,MOHO_GRAV_U,MOHO_U"
149,24,0.4129863731116068,0.0344105775941853,"MOHO,MOHO_GRAV,DEM,LAB,FREE_AIR,BOUGUER,SI,REVEAL_S80,REVEAL_S90,REVEAL_P180,REVEAL_VP60VS70,REVEAL_VP90VS60,LITH_RHO,CTD,EMAG2_LOG,REVEAL_VPVS_DIFF,REVEAL_S50,REVEAL_S100,REVEAL_S140,REVEAL_S200,REVEAL_S220,REVEAL_P60,REVEAL_P120,REVEAL_P210"
150,10,0.4069677210195528,0.0345865335914132,"MOHO,SI,REVEAL_P150,REVEAL_VP60VS70,CRUST_RHO,REVEAL_P_DIFF_40_60,REVEAL_VPVS_DIFF,REVEAL_P40,REVEAL_P120,MOHO_U"
151,23,0.4142729115297441,0.0343728486461513,"LAB,BOUGUER,GEOID,REVEAL_S80,REVEAL_P180,REVEAL_P150,REVEAL_VP90VS60,LITH_RHO,SEDIMENT,REVEAL_S_DIFF_200_220,REVEAL_P_DIFF_40_60,CTD,REVEAL_VPVS_DIFF,REVEAL_S50,REVEAL_S100,REVEAL_S140,REVEAL_S200,REVEAL_S220,REVEAL_P40,REVEAL_P60,REVEAL_P90,REVEAL_P120,MOHO_U"
152,27,0.4177982163060757,0.0342692529197974,"DEM,FREE_AIR,BOUGUER,SI,REVEAL_S80,REVEAL_S90,REVEAL_P180,REVEAL_VP90VS60,LITH_RHO,CRUST_RHO,MAG_SEIS_MOHO,SEDIMENT,REVEAL_S_DIFF_200_220,REVEAL_P_DIFF_40_60,EMAG2_LOG,REVEAL_VPVS_DIFF,REVEAL_S50,REVEAL_S100,REVEAL_S140,REVEAL_S200,REVEAL_S220,REVEAL_P60,REVEAL_P90,REVEAL_P120,REVEAL_P210,MOHO_GRAV_U,MOHO_U"
153,15,0.4110997796314173,0.0344658290327161,"MOHO,MOHO_GRAV,LAB,SI,GEOID,REVEAL_S80,REVEAL_S90,REVEAL_VP60VS70,REVEAL_VP90VS60,REVEAL_P_DIFF_40_60,CTD,EMAG2_LOG,REVEAL_VPVS_DIFF,REVEAL_S100,REVEAL_P40"
154,26,0.4147249792539407,0.0343595814990696,"MOHO,MOHO_GRAV,FREE_AIR,BOUGUER,SI,GEOID,REVEAL_S80,REVEAL_S90,REVEAL_P180,REVEAL_P150,REVEAL_VP90VS60,LITH_RHO,CRUST_RHO,SEDIMENT,REVEAL_P_DIFF_40_60,CTD,EMAG2_LOG,REVEAL_S100,REVEAL_S140,REVEAL_S200,REVEAL_S220,REVEAL_P60,REVEAL_P90,REVEAL_P120,REVEAL_P210,MOHO_U"
155,19,0.4154146116903077,0.0343393325004769,"MOHO,MOHO_GRAV,DEM,LAB,SI,GEOID,REVEAL_S80,REVEAL_S90,REVEAL_P180,REVEAL_VP60VS70,REVEAL_VP90VS60,REVEAL_S_DIFF_200_220,CTD,REVEAL_VPVS_DIFF,REVEAL_S50,REVEAL_S100,REVEAL_S140,REVEAL_P90,REVEAL_P210"
156,25,0.4123637918018752,0.0344288205310912,"MOHO,MOHO_GRAV,LAB,FREE_AIR,SI,GEOID,REVEAL_S90,REVEAL_P180,REVEAL_P150,REVEAL_VP60VS70,REVEAL_VP90VS60,LITH_RHO,CRUST_RHO,REVEAL_S_DIFF_200_220,REVEAL_P_DIFF_40_60,EMAG2_LOG,REVEAL_VPVS_DIFF,REVEAL_S50,REVEAL_S100,REVEAL_S140,REVEAL_S200,REVEAL_P40,REVEAL_P60,REVEAL_P210,MOHO_GRAV_U"
157,29,0.4230847520000517,0.034113311484358,"MOHO,MOHO_GRAV,DEM,LAB,BOUGUER,SI,GEOID,REVEAL_S80,REVEAL_S90,REVEAL_P180,REVEAL_P150,REVEAL_VP60VS70,REVEAL_VP90VS60,LITH_RHO,CRUST_RHO,MAG_SEIS_MOHO,REVEAL_S_DIFF_200_220,REVEAL_P_DIFF_40_60,EMAG2_LOG,REVEAL_VPVS_DIFF,REVEAL_S100,REVEAL_S140,REVEAL_S200,REVEAL_P40,REVEAL_P60,REVEAL_P90,REVEAL_P210,MOHO_GRAV_U,MOHO_U"
158,13,0.4109347231522203,0.0344706587217179,"MOHO,SI,GEOID,REVEAL_S80,REVEAL_VP60VS70,MAG_SEIS_MOHO,REVEAL_P_DIFF_40_60,CTD,EMAG2_LOG,REVEAL_VPVS_DIFF,REVEAL_S140,REVEAL_S200,REVEAL_S220"
159,21,0.4153845408901039,0.0343402156887574,"MOHO,FREE_AIR,GEOID,REVEAL_P150,REVEAL_VP60VS70,REVEAL_VP90VS60,LITH_RHO,CRUST_RHO,MAG_SEIS_MOHO,REVEAL_S_DIFF_200_220,REVEAL_P_DIFF_40_60,CTD,EMAG2_LOG,REVEAL_VPVS_DIFF,REVEAL_S50,REVEAL_S200,REVEAL_S220,REVEAL_P90,REVEAL_P120,REVEAL_P210,MOHO_U"
160,12,0.4098695282627633,0.0345018109444414,"MOHO,GEOID,REVEAL_S80,REVEAL_S90,REVEAL_P180,REVEAL_P150,LITH_RHO,CRUST_RHO,REVEAL_S140,REVEAL_S200,REVEAL_S220,REVEAL_P40"
161,26,0.4164911878934166,0.0343076981616998,"MOHO,MOHO_GRAV,DEM,FREE_AIR,BOUGUER,SI,GEOID,REVEAL_S90,REVEAL_P180,REVEAL_P150,REVEAL_VP90VS60,LITH_RHO,CRUST_RHO,REVEAL_S_DIFF_200_220,REVEAL_P_DIFF_40_60,CTD,REVEAL_VPVS_DIFF,REVEAL_S50,REVEAL_S100,REVEAL_S140,REVEAL_S200,REVEAL_P40,REVEAL_P60,REVEAL_P90,REVEAL_P120,MOHO_U"
162,23,0.4185010906470991,0.0342485605640736,"MOHO,MOHO_GRAV,DEM,LAB,BOUGUER,REVEAL_S80,REVEAL_S90,REVEAL_P150,REVEAL_VP60VS70,REVEAL_VP90VS60,CRUST_RHO,MAG_SEIS_MOHO,SEDIMENT,REVEAL_P_DIFF_40_60,CTD,EMAG2_LOG,REVEAL_VPVS_DIFF,REVEAL_S50,REVEAL_S200,REVEAL_S220,REVEAL_P40,MOHO_GRAV_U,MOHO_U"
163,20,0.418179053509547,0.0342580427674212,"MOHO_GRAV,DEM,FREE_AIR,SI,REVEAL_S80,REVEAL_P180,REVEAL_VP90VS60,MAG_SEIS_MOHO,SEDIMENT,REVEAL_S_DIFF_200_220,REVEAL_P_DIFF_40_60,CTD,REVEAL_S100,REVEAL_S200,REVEAL_S220,REVEAL_P60,REVEAL_P90,REVEAL_P120,MOHO_GRAV_U,MOHO_U"
164,27,0.4187703212361842,0.034240631204685,"MOHO,MOHO_GRAV,LAB,FREE_AIR,BOUGUER,SI,GEOID,REVEAL_S80,REVEAL_S90,REVEAL_P180,REVEAL_P150,REVEAL_VP60VS70,REVEAL_VP90VS60,LITH_RHO,CRUST_RHO,MAG_SEIS_MOHO,REVEAL_P_DIFF_40_60,CTD,EMAG2_LOG,REVEAL_VPVS_DIFF,REVEAL_S50,REVEAL_S200,REVEAL_P40,REVEAL_P120,REVEAL_P210,MOHO_GRAV_U,MOHO_U"
165,29,0.4204104164528671,0.0341922875209085,"MOHO,MOHO_GRAV,LAB,FREE_AIR,BOUGUER,SI,GEOID,REVEAL_S80,REVEAL_S90,REVEAL_P180,REVEAL_P150,REVEAL_VP60VS70,REVEAL_VP90VS60,LITH_RHO,SEDIMENT,REVEAL_S_DIFF_200_220,REVEAL_P_DIFF_40_60,CTD,EMAG2_LOG,REVEAL_VPVS_DIFF,REVEAL_S50,REVEAL_S100,REVEAL_S140,REVEAL_S200,REVEAL_S220,REVEAL_P40,REVEAL_P120,REVEAL_P210,MOHO_GRAV_U"
166,19,0.4175545508731438,0.0342764234224241,"MOHO_GRAV,BOUGUER,GEOID,REVEAL_S90,REVEAL_P180,CRUST_RHO,MAG_SEIS_MOHO,REVEAL_S_DIFF_200_220,CTD,EMAG2_LOG,REVEAL_VPVS_DIFF,REVEAL_S100,REVEAL_S140,REVEAL_S200,REVEAL_P60,REVEAL_P90,REVEAL_P120,MOHO_GRAV_U,MOHO_U"
167,19,0.4174127774247226,0.0342805947925315,"BOUGUER,SI,GEOID,REVEAL_S90,REVEAL_VP90VS60,CRUST_RHO,MAG_SEIS_MOHO,SEDIMENT,REVEAL_S_DIFF_200_220,REVEAL_P_DIFF_40_60,EMAG2_LOG,REVEAL_S50,REVEAL_S100,REVEAL_S140,REVEAL_S220,REVEAL_P40,REVEAL_P120,REVEAL_P210,MOHO_GRAV_U"
168,21,0.4145379877701165,0.0343650698898263,"MOHO_GRAV,DEM,BOUGUER,GEOID,REVEAL_S80,REVEAL_S90,REVEAL_P180,REVEAL_P150,REVEAL_VP60VS70,REVEAL_VP90VS60,SEDIMENT,REVEAL_S_DIFF_200_220,REVEAL_P_DIFF_40_60,CTD,REVEAL_VPVS_DIFF,REVEAL_S100,REVEAL_S140,REVEAL_S220,REVEAL_P60,REVEAL_P90,REVEAL_P120"
169,18,0.4186580824304928,0.0342439370768543,"MOHO,MOHO_GRAV,DEM,FREE_AIR,BOUGUER,GEOID,REVEAL_P180,REVEAL_P150,REVEAL_VP60VS70,REVEAL_VP90VS60,SEDIMENT,CTD,REVEAL_S50,REVEAL_S100,REVEAL_S200,REVEAL_S220,REVEAL_P40,REVEAL_P90"
170,29,0.4193342906793784,0.0342240152635179,"MOHO,DEM,LAB,FREE_AIR,BOUGUER,SI,GEOID,REVEAL_S80,REVEAL_P180,REVEAL_P150,REVEAL_VP60VS70,REVEAL_VP90VS60,LITH_RHO,CRUST_RHO,REVEAL_S_DIFF_200_220,REVEAL_P_DIFF_40_60,CTD,EMAG2_LOG,REVEAL_VPVS_DIFF,REVEAL_S50,REVEAL_S100,REVEAL_S140,REVEAL_S200,REVEAL_S220,REVEAL_P40,REVEAL_P60,REVEAL_P120,REVEAL_P210,MOHO_GRAV_U"
171,20,0.4160226989653686,0.0343214679210928,"MOHO_GRAV,DEM,BOUGUER,SI,REVEAL_S90,REVEAL_P180,REVEAL_VP60VS70,REVEAL_VP90VS60,LITH_RHO,SEDIMENT,REVEAL_S_DIFF_200_220,REVEAL_P_DIFF_40_60,EMAG2_LOG,REVEAL_VPVS_DIFF,REVEAL_S100,REVEAL_S140,REVEAL_P40,REVEAL_P90,MOHO_GRAV_U,MOHO_U"
172,31,0.4221556971647336,0.0341407681929732,"MOHO,DEM,LAB,FREE_AIR,BOUGUER,SI,GEOID,REVEAL_S80,REVEAL_S90,REVEAL_P180,REVEAL_P150,REVEAL_VP60VS70,REVEAL_VP90VS60,LITH_RHO,MAG_SEIS_MOHO,SEDIMENT,REVEAL_S_DIFF_200_220,REVEAL_P_DIFF_40_60,CTD,EMAG2_LOG,REVEAL_VPVS_DIFF,REVEAL_S100,REVEAL_S140,REVEAL_S200,REVEAL_P40,REVEAL_P60,REVEAL_P90,REVEAL_P120,REVEAL_P210,MOHO_GRAV_U,MOHO_U"
173,10,0.3997862261811679,0.0347953211850877,"MOHO_GRAV,LAB,FREE_AIR,SI,GEOID,REVEAL_S80,LITH_RHO,REVEAL_S140,REVEAL_P60,REVEAL_P120"
174,13,0.4122931943496825,0.0344308885741938,"DEM,BOUGUER,SI,REVEAL_S90,REVEAL_VP90VS60,REVEAL_P_DIFF_40_60,REVEAL_S140,REVEAL_P40,REVEAL_P60,REVEAL_P90,REVEAL_P120,REVEAL_P210,MOHO_GRAV_U"
175,28,0.421563065123351,0.0341582709424451,"MOHO,MOHO_GRAV,DEM,FREE_AIR,BOUGUER,SI,REVEAL_S80,REVEAL_S90,REVEAL_P180,REVEAL_VP60VS70,REVEAL_VP90VS60,LITH_RHO,CRUST_RHO,MAG_SEIS_MOHO,SEDIMENT,REVEAL_S_DIFF_200_220,REVEAL_P_DIFF_40_60,CTD,EMAG2_LOG,REVEAL_S140,REVEAL_S220,REVEAL_P40,REVEAL_P60,REVEAL_P90,REVEAL_P120,REVEAL_P210,MOHO_GRAV_U,MOHO_U"
176,11,0.3969790592412844,0.03487659417414,"DEM,LAB,FREE_AIR,SI,REVEAL_P180,LITH_RHO,CRUST_RHO,REVEAL_S_DIFF_200_220,REVEAL_S100,REVEAL_P60,REVEAL_P120"
177,22,0.4252082392938493,0.0340504721292434,"MOHO,MOHO_GRAV,DEM,LAB,FREE_AIR,BOUGUER,REVEAL_S80,REVEAL_VP60VS70,CRUST_RHO,MAG_SEIS_MOHO,SEDIMENT,REVEAL_S_DIFF_200_220,REVEAL_P_DIFF_40_60,EMAG2_LOG,REVEAL_VPVS_DIFF,REVEAL_S100,REVEAL_S220,REVEAL_P40,REVEAL_P90,REVEAL_P210,MOHO_GRAV_U,MOHO_U"
178,24,0.4177326153513717,0.0342711835497333,"MOHO,MOHO_GRAV,LAB,FREE_AIR,BOUGUER,SI,REVEAL_S80,REVEAL_S90,REVEAL_P180,REVEAL_P150,LITH_RHO,SEDIMENT,REVEAL_P_DIFF_40_60,CTD,EMAG2_LOG,REVEAL_S50,REVEAL_S100,REVEAL_S140,REVEAL_S220,REVEAL_P40,REVEAL_P60,REVEAL_P210,MOHO_GRAV_U,MOHO_U"
179,28,0.4226585246208796,0.0341259106857422,"MOHO,MOHO_GRAV,DEM,LAB,FREE_AIR,BOUGUER,SI,GEOID,REVEAL_S80,REVEAL_S90,REVEAL_P180,REVEAL_VP60VS70,REVEAL_VP90VS60,MAG_SEIS_MOHO,SEDIMENT,REVEAL_S_DIFF_200_220,REVEAL_P_DIFF_40_60,CTD,EMAG2_LOG,REVEAL_VPVS_DIFF,REVEAL_S50,REVEAL_S100,REVEAL_S200,REVEAL_P40,REVEAL_P60,REVEAL_P120,MOHO_GRAV_U,MOHO_U"
180,26,0.420191676636386,0.0341987390767768,"DEM,SI,GEOID,REVEAL_S80,REVEAL_P180,REVEAL_P150,REVEAL_VP90VS60,LITH_RHO,MAG_SEIS_MOHO,SEDIMENT,REVEAL_S_DIFF_200_220,REVEAL_P_DIFF_40_60,CTD,REVEAL_VPVS_DIFF,REVEAL_S50,REVEAL_S100,REVEAL_S140,REVEAL_S200,REVEAL_S220,REVEAL_P40,REVEAL_P60,REVEAL_P90,REVEAL_P120,REVEAL_P210,MOHO_GRAV_U,MOHO_U"
181,18,0.4097708131465373,0.0345046964994352,"MOHO,LAB,SI,REVEAL_P180,REVEAL_P150,REVEAL_VP90VS60,SEDIMENT,REVEAL_S_DIFF_200_220,REVEAL_P_DIFF_40_60,EMAG2_LOG,REVEAL_VPVS_DIFF,REVEAL_S50,REVEAL_S200,REVEAL_S220,REVEAL_P40,REVEAL_P60,REVEAL_P90,REVEAL_P210"
182,24,0.4144624210713793,0.03436728760083,"MOHO,LAB,FREE_AIR,BOUGUER,SI,REVEAL_S80,REVEAL_P150,REVEAL_VP60VS70,REVEAL_VP90VS60,LITH_RHO,CRUST_RHO,REVEAL_P_DIFF_40_60,CTD,EMAG2_LOG,REVEAL_VPVS_DIFF,REVEAL_S50,REVEAL_S100,REVEAL_S200,REVEAL_S220,REVEAL_P40,REVEAL_P60,REVEAL_P90,REVEAL_P120,MOHO_GRAV_U"
183,17,0.4131462909710048,0.0344058901044154,"DEM,LAB,BOUGUER,SI,REVEAL_S80,REVEAL_P180,REVEAL_VP60VS70,REVEAL_VP90VS60,CRUST_RHO,REVEAL_S_DIFF_200_220,CTD,REVEAL_S100,REVEAL_S140,REVEAL_P40,REVEAL_P60,MOHO_GRAV_U,MOHO_U"
184,14,0.4082131770625207,0.0345501960689199,"MOHO,FREE_AIR,GEOID,REVEAL_S90,REVEAL_P180,REVEAL_P150,REVEAL_VP60VS70,CRUST_RHO,REVEAL_S50,REVEAL_S100,REVEAL_S200,REVEAL_P40,REVEAL_P90,MOHO_GRAV_U"
185,12,0.4054856760173273,0.0346297241696077,"DEM,LAB,BOUGUER,SI,REVEAL_S90,REVEAL_P150,CTD,REVEAL_VPVS_DIFF,REVEAL_S100,REVEAL_P60,REVEAL_P120,MOHO_GRAV_U"
186,29,0.4194448636857735,0.0342207565620236,"MOHO_GRAV,DEM,LAB,FREE_AIR,BOUGUER,SI,GEOID,REVEAL_S80,REVEAL_S90,REVEAL_P180,REVEAL_P150,REVEAL_VP60VS70,REVEAL_VP90VS60,LITH_RHO,CRUST_RHO,MAG_SEIS_MOHO,REVEAL_S_DIFF_200_220,REVEAL_P_DIFF_40_60,CTD,EMAG2_LOG,REVEAL_VPVS_DIFF,REVEAL_S50,REVEAL_S100,REVEAL_S220,REVEAL_P60,REVEAL_P90,REVEAL_P120,REVEAL_P210,MOHO_GRAV_U"
187,14,0.4064686174533585,0.0346010847654065,"MOHO_GRAV,SI,REVEAL_S80,REVEAL_P180,REVEAL_VP90VS60,LITH_RHO,MAG_SEIS_MOHO,REVEAL_P_DIFF_40_60,CTD,REVEAL_S50,REVEAL_S100,REVEAL_P40,REVEAL_P60,REVEAL_P90"
188,23,0.4139375575671413,0.0343826872055781,"MOHO,LAB,FREE_AIR,BOUGUER,SI,REVEAL_P180,REVEAL_P150,REVEAL_VP90VS60,LITH_RHO,CRUST_RHO,MAG_SEIS_MOHO,SEDIMENT,REVEAL_S_DIFF_200_220,CTD,EMAG2_LOG,REVEAL_VPVS_DIFF,REVEAL_S50,REVEAL_S140,REVEAL_S200,REVEAL_S220,REVEAL_P40,REVEAL_P60,MOHO_U"
189,20,0.4183015755533367,0.034254435483738,"LAB,BOUGUER,GEOID,REVEAL_S80,REVEAL_S90,REVEAL_VP90VS60,LITH_RHO,MAG_SEIS_MOHO,SEDIMENT,REVEAL_S_DIFF_200_220,REVEAL_S50,REVEAL_S100,REVEAL_S200,REVEAL_S220,REVEAL_P40,REVEAL_P60,REVEAL_P90,REVEAL_P210,MOHO_GRAV_U,MOHO_U"
190,31,0.4216011924192865,0.0341571451637404,"MOHO,DEM,FREE_AIR,BOUGUER,SI,GEOID,REVEAL_S80,REVEAL_S90,REVEAL_P180,REVEAL_P150,REVEAL_VP60VS70,REVEAL_VP90VS60,LITH_RHO,CRUST_RHO,MAG_SEIS_MOHO,REVEAL_S_DIFF_200_220,REVEAL_P_DIFF_40_60,CTD,EMAG2_LOG,REVEAL_VPVS_DIFF,REVEAL_S50,REVEAL_S140,REVEAL_S200,REVEAL_S220,REVEAL_P40,REVEAL_P60,REVEAL_P90,REVEAL_P120,REVEAL_P210,MOHO_GRAV_U,MOHO_U"
191,34,0.4208103158424693,0.0341804896602476,"MOHO,MOHO_GRAV,DEM,LAB,FREE_AIR,BOUGUER,SI,GEOID,REVEAL_S80,REVEAL_S90,REVEAL_P180,REVEAL_P150,REVEAL_VP60VS70,REVEAL_VP90VS60,CRUST_RHO,MAG_SEIS_MOHO,SEDIMENT,REVEAL_S_DIFF_200_220,REVEAL_P_DIFF_40_60,CTD,EMAG2_LOG,REVEAL_VPVS_DIFF,REVEAL_S50,REVEAL_S100,REVEAL_S140,REVEAL_S200,REVEAL_S220,REVEAL_P40,REVEAL_P60,REVEAL_P90,REVEAL_P120,REVEAL_P210,MOHO_GRAV_U,MOHO_U"
192,18,0.4167818351903928,0.0342991527194212,"MOHO,DEM,FREE_AIR,BOUGUER,SI,GEOID,REVEAL_P180,REVEAL_VP60VS70,CRUST_RHO,SEDIMENT,CTD,EMAG2_LOG,REVEAL_S100,REVEAL_S140,REVEAL_P40,REVEAL_P60,REVEAL_P210,MOHO_U"
193,33,0.41908201139873,0.034231449034982,"MOHO,MOHO_GRAV,DEM,FREE_AIR,BOUGUER,SI,GEOID,REVEAL_S80,REVEAL_S90,REVEAL_P180,REVEAL_P150,REVEAL_VP60VS70,REVEAL_VP90VS60,LITH_RHO,CRUST_RHO,MAG_SEIS_MOHO,SEDIMENT,REVEAL_P_DIFF_40_60,CTD,EMAG2_LOG,REVEAL_VPVS_DIFF,REVEAL_S50,REVEAL_S100,REVEAL_S140,REVEAL_S200,REVEAL_S220,REVEAL_P40,REVEAL_P60,REVEAL_P90,REVEAL_P120,REVEAL_P210,MOHO_GRAV_U,MOHO_U"
194,16,0.4222492670290649,0.0341380038874627,"MOHO,BOUGUER,GEOID,REVEAL_S90,REVEAL_P180,REVEAL_S_DIFF_200_220,CTD,EMAG2_LOG,REVEAL_VPVS_DIFF,REVEAL_S50,REVEAL_S100,REVEAL_S140,REVEAL_S200,REVEAL_P90,REVEAL_P120,MOHO_GRAV_U"
195,30,0.4177164742307763,0.0342716585647244,"DEM,LAB,FREE_AIR,SI,GEOID,REVEAL_S80,REVEAL_S90,REVEAL_P180,REVEAL_P150,REVEAL_VP60VS70,REVEAL_VP90VS60,LITH_RHO,CRUST_RHO,MAG_SEIS_MOHO,SEDIMENT,REVEAL_S_DIFF_200_220,REVEAL_P_DIFF_40_60,CTD,EMAG2_LOG,REVEAL_VPVS_DIFF,REVEAL_S50,REVEAL_S100,REVEAL_S200,REVEAL_S220,REVEAL_P40,REVEAL_P60,REVEAL_P120,REVEAL_P210,MOHO_GRAV_U,MOHO_U"
196,10,0.3904908317120001,0.0350637202167152,"FREE_AIR,GEOID,REVEAL_P180,MAG_SEIS_MOHO,REVEAL_S_DIFF_200_220,CTD,REVEAL_VPVS_DIFF,REVEAL_S220,REVEAL_P60,MOHO_GRAV_U"
197,20,0.4159604746161603,0.0343232963946612,"MOHO,MOHO_GRAV,LAB,BOUGUER,SI,REVEAL_S90,REVEAL_VP60VS70,REVEAL_VP90VS60,LITH_RHO,CRUST_RHO,MAG_SEIS_MOHO,REVEAL_S_DIFF_200_220,CTD,EMAG2_LOG,REVEAL_VPVS_DIFF,REVEAL_S140,REVEAL_S220,REVEAL_P90,MOHO_GRAV_U,MOHO_U"
198,24,0.4166084658504362,0.034304250279802,"MOHO,MOHO_GRAV,DEM,LAB,FREE_AIR,BOUGUER,GEOID,REVEAL_S90,REVEAL_P180,REVEAL_P150,REVEAL_VP60VS70,REVEAL_VP90VS60,LITH_RHO,CRUST_RHO,SEDIMENT,REVEAL_P_DIFF_40_60,REVEAL_VPVS_DIFF,REVEAL_S100,REVEAL_S220,REVEAL_P40,REVEAL_P60,REVEAL_P90,REVEAL_P210,MOHO_GRAV_U"
199,13,0.4136687254375422,0.0343905721258658,"MOHO,MOHO_GRAV,FREE_AIR,SI,GEOID,REVEAL_S90,REVEAL_VP60VS70,SEDIMENT,REVEAL_VPVS_DIFF,REVEAL_S140,REVEAL_S200,REVEAL_P90,MOHO_GRAV_U"
200,21,0.4156975317409579,0.0343310219425682,"MOHO,MOHO_GRAV,DEM,LAB,FREE_AIR,GEOID,REVEAL_S90,REVEAL_P180,REVEAL_P150,REVEAL_VP90VS60,CRUST_RHO,SEDIMENT,REVEAL_S_DIFF_200_220,REVEAL_P_DIFF_40_60,CTD,REVEAL_S50,REVEAL_S140,REVEAL_S220,REVEAL_P60,REVEAL_P210,MOHO_GRAV_U"
201,28,0.4193215246987531,0.0342243914702643,"MOHO,MOHO_GRAV,DEM,FREE_AIR,SI,GEOID,REVEAL_S80,REVEAL_S90,REVEAL_P180,REVEAL_P150,REVEAL_VP60VS70,REVEAL_VP90VS60,LITH_RHO,CRUST_RHO,MAG_SEIS_MOHO,SEDIMENT,REVEAL_S_DIFF_200_220,REVEAL_P_DIFF_40_60,CTD,EMAG2_LOG,REVEAL_VPVS_DIFF,REVEAL_S100,REVEAL_S140,REVEAL_S200,REVEAL_P40,REVEAL_P60,REVEAL_P120,REVEAL_P210"
202,13,0.4103048975343536,0.0344890817256622,"BOUGUER,SI,GEOID,REVEAL_VP90VS60,CRUST_RHO,MAG_SEIS_MOHO,SEDIMENT,REVEAL_S140,REVEAL_P40,REVEAL_P60,REVEAL_P90,REVEAL_P210,MOHO_GRAV_U"
203,10,0.3960071721737516,0.0349046881108317,"SI,REVEAL_S90,REVEAL_P180,REVEAL_VP90VS60,LITH_RHO,SEDIMENT,CTD,EMAG2_LOG,REVEAL_P210,MOHO_GRAV_U"
204,29,0.4216630766697182,0.0341553178381646,"MOHO,MOHO_GRAV,DEM,FREE_AIR,SI,GEOID,REVEAL_S80,REVEAL_S90,REVEAL_P150,REVEAL_VP60VS70,REVEAL_VP90VS60,LITH_RHO,CRUST_RHO,MAG_SEIS_MOHO,REVEAL_S_DIFF_200_220,REVEAL_P_DIFF_40_60,CTD,EMAG2_LOG,REVEAL_VPVS_DIFF,REVEAL_S50,REVEAL_S100,REVEAL_S140,REVEAL_S220,REVEAL_P40,REVEAL_P60,REVEAL_P90,REVEAL_P120,REVEAL_P210,MOHO_GRAV_U"
205,23,0.4210528774796935,0.0341733316047904,"DEM,LAB,FREE_AIR,BOUGUER,SI,REVEAL_S90,REVEAL_P150,REVEAL_VP90VS60,SEDIMENT,REVEAL_S_DIFF_200_220,REVEAL_P_DIFF_40_60,CTD,EMAG2_LOG,REVEAL_VPVS_DIFF,REVEAL_S50,REVEAL_S100,REVEAL_S140,REVEAL_S220,REVEAL_P40,REVEAL_P60,REVEAL_P210,MOHO_GRAV_U,MOHO_U"
206,19,0.4113843062253738,0.0344575019601635,"MOHO,MOHO_GRAV,DEM,LAB,BOUGUER,REVEAL_P180,REVEAL_P150,REVEAL_VP60VS70,REVEAL_VP90VS60,LITH_RHO,REVEAL_P_DIFF_40_60,EMAG2_LOG,REVEAL_VPVS_DIFF,REVEAL_S50,REVEAL_S140,REVEAL_S200,REVEAL_P60,REVEAL_P210,MOHO_GRAV_U"
207,22,0.4144044870998016,0.0343689877344236,"MOHO,LAB,FREE_AIR,GEOID,REVEAL_S80,REVEAL_S90,REVEAL_P180,REVEAL_P150,REVEAL_VP60VS70,REVEAL_VP90VS60,MAG_SEIS_MOHO,REVEAL_P_DIFF_40_60,EMAG2_LOG,REVEAL_S50,REVEAL_S140,REVEAL_S200,REVEAL_P40,REVEAL_P60,REVEAL_P90,REVEAL_P120,REVEAL_P210,MOHO_U"
208,30,0.4164245541570176,0.0343096569880347,"MOHO,MOHO_GRAV,FREE_AIR,BOUGUER,SI,GEOID,REVEAL_S80,REVEAL_S90,REVEAL_P180,REVEAL_P150,REVEAL_VP60VS70,REVEAL_VP90VS60,LITH_RHO,CRUST_RHO,MAG_SEIS_MOHO,SEDIMENT,REVEAL_P_DIFF_40_60,CTD,EMAG2_LOG,REVEAL_VPVS_DIFF,REVEAL_S50,REVEAL_S100,REVEAL_S140,REVEAL_S200,REVEAL_S220,REVEAL_P40,REVEAL_P90,REVEAL_P120,MOHO_GRAV_U,MOHO_U"
209,23,0.4230317619262146,0.0341148781142865,"MOHO,MOHO_GRAV,DEM,LAB,SI,GEOID,REVEAL_S90,REVEAL_P180,REVEAL_VP60VS70,REVEAL_VP90VS60,SEDIMENT,REVEAL_S_DIFF_200_220,EMAG2_LOG,REVEAL_S50,REVEAL_S140,REVEAL_S200,REVEAL_S220,REVEAL_P40,REVEAL_P60,REVEAL_P90,REVEAL_P120,MOHO_GRAV_U,MOHO_U"
210,14,0.4157597924423635,0.0343291928124812,"MOHO,DEM,BOUGUER,SI,REVEAL_S80,REVEAL_VP60VS70,CRUST_RHO,REVEAL_S50,REVEAL_S140,REVEAL_S220,REVEAL_P60,REVEAL_P120,REVEAL_P210,MOHO_U"
211,14,0.4013703172804946,0.0347493747434105,"MOHO,REVEAL_S90,REVEAL_P180,REVEAL_P150,REVEAL_VP60VS70,REVEAL_VP90VS60,REVEAL_P_DIFF_40_60,EMAG2_LOG,REVEAL_S100,REVEAL_S200,REVEAL_P40,REVEAL_P90,REVEAL_P210,MOHO_GRAV_U"
212,17,0.4070490916534591,0.0345841606811952,"MOHO_GRAV,DEM,LAB,FREE_AIR,SI,GEOID,REVEAL_P180,REVEAL_P150,REVEAL_VP90VS60,LITH_RHO,CRUST_RHO,MAG_SEIS_MOHO,SEDIMENT,REVEAL_P_DIFF_40_60,CTD,REVEAL_S200,MOHO_U"
213,12,0.4065179854353281,0.0345996457334523,"MOHO,FREE_AIR,SI,LITH_RHO,SEDIMENT,REVEAL_S_DIFF_200_220,REVEAL_S140,REVEAL_P40,REVEAL_P60,REVEAL_P90,REVEAL_P120,MOHO_U"
214,13,0.4010094361868538,0.0347598474140055,"MOHO_GRAV,DEM,GEOID,REVEAL_S80,REVEAL_S90,REVEAL_VP60VS70,REVEAL_VP90VS60,SEDIMENT,REVEAL_S_DIFF_200_220,EMAG2_LOG,REVEAL_VPVS_DIFF,REVEAL_P60,REVEAL_P90"
215,10,0.4107386514946431,0.0344763950612535,"FREE_AIR,BOUGUER,SI,LITH_RHO,CRUST_RHO,REVEAL_S_DIFF_200_220,REVEAL_S50,REVEAL_S140,REVEAL_P120,REVEAL_P210"
216,31,0.4202275791954234,0.0341976802430149,"MOHO_GRAV,DEM,LAB,SI,GEOID,REVEAL_S80,REVEAL_S90,REVEAL_P180,REVEAL_P150,REVEAL_VP60VS70,REVEAL_VP90VS60,LITH_RHO,CRUST_RHO,MAG_SEIS_MOHO,SEDIMENT,REVEAL_P_DIFF_40_60,CTD,EMAG2_LOG,REVEAL_VPVS_DIFF,REVEAL_S50,REVEAL_S100,REVEAL_S140,REVEAL_S200,REVEAL_S220,REVEAL_P40,REVEAL_P60,REVEAL_P90,REVEAL_P120,REVEAL_P210,MOHO_GRAV_U,MOHO_U"
217,30,0.4195030038135725,0.0342190429875063,"MOHO,MOHO_GRAV,DEM,LAB,FREE_AIR,BOUGUER,GEOID,REVEAL_S80,REVEAL_S90,REVEAL_P180,REVEAL_VP60VS70,REVEAL_VP90VS60,LITH_RHO,CRUST_RHO,MAG_SEIS_MOHO,REVEAL_S_DIFF_200_220,REVEAL_P_DIFF_40_60,CTD,REVEAL_VPVS_DIFF,REVEAL_S50,REVEAL_S100,REVEAL_S140,REVEAL_S200,REVEAL_S220,REVEAL_P40,REVEAL_P60,REVEAL_P90,REVEAL_P120,REVEAL_P210,MOHO_U"
218,31,0.4194508997128717,0.0342205786650954,"MOHO_GRAV,DEM,LAB,FREE_AIR,BOUGUER,SI,GEOID,REVEAL_S90,REVEAL_P180,REVEAL_P150,REVEAL_VP60VS70,LITH_RHO,CRUST_RHO,MAG_SEIS_MOHO,SEDIMENT,REVEAL_S_DIFF_200_220,REVEAL_P_DIFF_40_60,CTD,EMAG2_LOG,REVEAL_VPVS_DIFF,REVEAL_S50,REVEAL_S100,REVEAL_S140,REVEAL_S200,REVEAL_S220,REVEAL_P60,REVEAL_P90,REVEAL_P120,REVEAL_P210,MOHO_GRAV_U,MOHO_U"
219,33,0.4216321278955904,0.0341562317095024,"MOHO,MOHO_GRAV,DEM,LAB,FREE_AIR,BOUGUER,SI,GEOID,REVEAL_S80,REVEAL_S90,REVEAL_P180,REVEAL_VP60VS70,REVEAL_VP90VS60,LITH_RHO,CRUST_RHO,MAG_SEIS_MOHO,SEDIMENT,REVEAL_S_DIFF_200_220,REVEAL_P_DIFF_40_60,CTD,EMAG2_LOG,REVEAL_VPVS_DIFF,REVEAL_S50,REVEAL_S140,REVEAL_S200,REVEAL_S220,REVEAL_P40,REVEAL_P60,REVEAL_P90,REVEAL_P120,REVEAL_P210,MOHO_GRAV_U,MOHO_U"
220,31,0.422204797764518,0.0341393176570771,"MOHO,MOHO_GRAV,DEM,LAB,FREE_AIR,BOUGUER,SI,GEOID,REVEAL_S80,REVEAL_S90,REVEAL_P180,REVEAL_P150,REVEAL_VP60VS70,LITH_RHO,MAG_SEIS_MOHO,REVEAL_S_DIFF_200_220,REVEAL_P_DIFF_40_60,CTD,EMAG2_LOG,REVEAL_VPVS_DIFF,REVEAL_S50,REVEAL_S100,REVEAL_S200,REVEAL_S220,REVEAL_P40,REVEAL_P60,REVEAL_P90,REVEAL_P120,REVEAL_P210,MOHO_GRAV_U,MOHO_U"
221,15,0.405925561460679,0.0346169104073734,"MOHO_GRAV,LAB,SI,REVEAL_S80,REVEAL_VP60VS70,LITH_RHO,CRUST_RHO,SEDIMENT,REVEAL_S50,REVEAL_S100,REVEAL_S200,REVEAL_S220,REVEAL_P120,REVEAL_P210,MOHO_GRAV_U"
222,23,0.4213023177020802,0.0341659689964728,"MOHO,DEM,FREE_AIR,GEOID,REVEAL_S90,REVEAL_P180,REVEAL_P150,REVEAL_VP60VS70,MAG_SEIS_MOHO,SEDIMENT,REVEAL_P_DIFF_40_60,CTD,EMAG2_LOG,REVEAL_VPVS_DIFF,REVEAL_S50,REVEAL_S100,REVEAL_S140,REVEAL_S220,REVEAL_P60,REVEAL_P90,REVEAL_P210,MOHO_GRAV_U,MOHO_U"
223,14,0.413652302415153,0.034391053759036,"MOHO,LAB,FREE_AIR,GEOID,REVEAL_S90,REVEAL_VP60VS70,REVEAL_VP90VS60,MAG_SEIS_MOHO,REVEAL_VPVS_DIFF,REVEAL_S50,REVEAL_S140,REVEAL_P40,MOHO_GRAV_U,MOHO_U"
224,33,0.4200935579823525,0.0342016326125917,"MOHO,DEM,LAB,FREE_AIR,BOUGUER,SI,GEOID,REVEAL_S80,REVEAL_S90,REVEAL_P180,REVEAL_P150,REVEAL_VP60VS70,REVEAL_VP90VS60,LITH_RHO,CRUST_RHO,MAG_SEIS_MOHO,SEDIMENT,REVEAL_S_DIFF_200_220,REVEAL_P_DIFF_40_60,CTD,EMAG2_LOG,REVEAL_VPVS_DIFF,REVEAL_S50,REVEAL_S100,REVEAL_S140,REVEAL_S200,REVEAL_S220,REVEAL_P40,REVEAL_P60,REVEAL_P90,REVEAL_P120,REVEAL_P210,MOHO_U"
225,21,0.413725195884881,0.034388915982113,"MOHO,MOHO_GRAV,LAB,SI,REVEAL_S90,REVEAL_P180,REVEAL_P150,REVEAL_VP60VS70,LITH_RHO,MAG_SEIS_MOHO,SEDIMENT,REVEAL_S_DIFF_200_220,CTD,EMAG2_LOG,REVEAL_S100,REVEAL_S140,REVEAL_S200,REVEAL_P40,REVEAL_P60,REVEAL_P120,MOHO_GRAV_U"
226,27,0.4192213262426513,0.0342273441225607,"MOHO,MOHO_GRAV,DEM,FREE_AIR,BOUGUER,SI,GEOID,REVEAL_S80,REVEAL_S90,REVEAL_P180,REVEAL_P150,REVEAL_VP60VS70,REVEAL_VP90VS60,LITH_RHO,CRUST_RHO,MAG_SEIS_MOHO,SEDIMENT,REVEAL_P_DIFF_40_60,CTD,EMAG2_LOG,REVEAL_S50,REVEAL_S100,REVEAL_S200,REVEAL_P90,REVEAL_P120,REVEAL_P210,MOHO_U"
227,14,0.4215864880841057,0.0341575793407413,"DEM,BOUGUER,SI,REVEAL_S80,REVEAL_P150,MAG_SEIS_MOHO,SEDIMENT,REVEAL_S_DIFF_200_220,EMAG2_LOG,REVEAL_S50,REVEAL_S220,REVEAL_P40,REVEAL_P60,MOHO_U"
228,14,0.4186038852891764,0.0342455332805573,"MOHO,DEM,LAB,REVEAL_S90,CRUST_RHO,SEDIMENT,REVEAL_S_DIFF_200_220,REVEAL_P_DIFF_40_60,CTD,EMAG2_LOG,REVEAL_S220,REVEAL_P40,REVEAL_P90,REVEAL_P120"
229,18,0.4122942264992346,0.0344308583398648,"MOHO,MOHO_GRAV,LAB,SI,REVEAL_S90,REVEAL_VP60VS70,LITH_RHO,SEDIMENT,REVEAL_P_DIFF_40_60,CTD,REVEAL_VPVS_DIFF,REVEAL_S50,REVEAL_S140,REVEAL_S200,REVEAL_S220,REVEAL_P40,REVEAL_P60,MOHO_U"
230,33,0.4211956095722367,0.0341691188437229,"MOHO,MOHO_GRAV,DEM,LAB,FREE_AIR,BOUGUER,SI,GEOID,REVEAL_S80,REVEAL_S90,REVEAL_P180,REVEAL_P150,REVEAL_VP60VS70,REVEAL_VP90VS60,LITH_RHO,CRUST_RHO,MAG_SEIS_MOHO,SEDIMENT,REVEAL_S_DIFF_200_220,REVEAL_P_DIFF_40_60,EMAG2_LOG,REVEAL_VPVS_DIFF,REVEAL_S50,REVEAL_S100,REVEAL_S140,REVEAL_S220,REVEAL_P40,REVEAL_P60,REVEAL_P90,REVEAL_P120,REVEAL_P210,MOHO_GRAV_U,MOHO_U"
231,23,0.418909844265143,0.0342365212602974,"MOHO,MOHO_GRAV,DEM,BOUGUER,GEOID,REVEAL_S80,REVEAL_S90,REVEAL_P180,REVEAL_VP90VS60,CRUST_RHO,MAG_SEIS_MOHO,SEDIMENT,REVEAL_S_DIFF_200_220,REVEAL_P_DIFF_40_60,CTD,REVEAL_VPVS_DIFF,REVEAL_S50,REVEAL_S140,REVEAL_S200,REVEAL_P40,REVEAL_P60,MOHO_GRAV_U,MOHO_U"
232,19,0.4269502605497858,0.0339988345960952,"MOHO,MOHO_GRAV,DEM,BOUGUER,SI,GEOID,REVEAL_S90,LITH_RHO,SEDIMENT,REVEAL_P_DIFF_40_60,CTD,EMAG2_LOG,REVEAL_VPVS_DIFF,REVEAL_S200,REVEAL_P40,REVEAL_P60,REVEAL_P90,MOHO_GRAV_U,MOHO_U"
233,34,0.4241628032685944,0.0340814237025594,"MOHO,MOHO_GRAV,DEM,LAB,FREE_AIR,BOUGUER,SI,GEOID,REVEAL_S80,REVEAL_S90,REVEAL_P180,REVEAL_P150,REVEAL_VP60VS70,REVEAL_VP90VS60,LITH_RHO,CRUST_RHO,MAG_SEIS_MOHO,SEDIMENT,REVEAL_S_DIFF_200_220,REVEAL_P_DIFF_40_60,CTD,EMAG2_LOG,REVEAL_VPVS_DIFF,REVEAL_S50,REVEAL_S100,REVEAL_S140,REVEAL_S200,REVEAL_S220,REVEAL_P40,REVEAL_P90,REVEAL_P120,REVEAL_P210,MOHO_GRAV_U,MOHO_U"
234,33,0.4181851444647702,0.0342578634470032,"MOHO,MOHO_GRAV,DEM,FREE_AIR,BOUGUER,SI,GEOID,REVEAL_S80,REVEAL_S90,REVEAL_P180,REVEAL_P150,REVEAL_VP60VS70,REVEAL_VP90VS60,LITH_RHO,CRUST_RHO,SEDIMENT,REVEAL_S_DIFF_200_220,REVEAL_P_DIFF_40_60,CTD,EMAG2_LOG,REVEAL_VPVS_DIFF,REVEAL_S50,REVEAL_S100,REVEAL_S140,REVEAL_S200,REVEAL_S220,REVEAL_P40,REVEAL_P60,REVEAL_P90,REVEAL_P120,REVEAL_P210,MOHO_GRAV_U,MOHO_U"
235,23,0.4206183552914038,0.03418615340241,"MOHO,DEM,LAB,SI,REVEAL_P150,REVEAL_VP60VS70,REVEAL_VP90VS60,LITH_RHO,CRUST_RHO,MAG_SEIS_MOHO,SEDIMENT,REVEAL_S_DIFF_200_220,REVEAL_P_DIFF_40_60,CTD,EMAG2_LOG,REVEAL_S50,REVEAL_S140,REVEAL_S200,REVEAL_P40,REVEAL_P60,REVEAL_P90,REVEAL_P120,REVEAL_P210"
236,14,0.4100804873219607,0.0344956435623821,"MOHO,REVEAL_S90,REVEAL_VP90VS60,CRUST_RHO,REVEAL_S_DIFF_200_220,EMAG2_LOG,REVEAL_VPVS_DIFF,REVEAL_S50,REVEAL_S140,REVEAL_S220,REVEAL_P40,REVEAL_P60,REVEAL_P90,MOHO_U"
237,19,0.4187285000098294,0.0342418630408098,"MOHO_GRAV,LAB,SI,GEOID,REVEAL_S90,REVEAL_P180,REVEAL_VP60VS70,LITH_RHO,CRUST_RHO,MAG_SEIS_MOHO,REVEAL_P_DIFF_40_60,CTD,EMAG2_LOG,REVEAL_S50,REVEAL_S140,REVEAL_P60,REVEAL_P120,REVEAL_P210,MOHO_U"
238,34,0.4197633531568715,0.0342113686114544,"MOHO,MOHO_GRAV,DEM,LAB,FREE_AIR,BOUGUER,SI,GEOID,REVEAL_S80,REVEAL_S90,REVEAL_P180,REVEAL_P150,REVEAL_VP60VS70,REVEAL_VP90VS60,LITH_RHO,CRUST_RHO,MAG_SEIS_MOHO,SEDIMENT,REVEAL_S_DIFF_200_220,REVEAL_P_DIFF_40_60,EMAG2_LOG,REVEAL_VPVS_DIFF,REVEAL_S50,REVEAL_S100,REVEAL_S140,REVEAL_S200,REVEAL_S220,REVEAL_P40,REVEAL_P60,REVEAL_P90,REVEAL_P120,REVEAL_P210,MOHO_GRAV_U,MOHO_U"
239,28,0.4188718501215753,0.0342376405066219,"MOHO,LAB,FREE_AIR,BOUGUER,SI,GEOID,REVEAL_S80,REVEAL_S90,REVEAL_P150,REVEAL_VP60VS70,REVEAL_VP90VS60,CRUST_RHO,MAG_SEIS_MOHO,SEDIMENT,REVEAL_P_DIFF_40_60,CTD,EMAG2_LOG,REVEAL_VPVS_DIFF,REVEAL_S50,REVEAL_S100,REVEAL_S140,REVEAL_S220,REVEAL_P40,REVEAL_P60,REVEAL_P90,REVEAL_P120,REVEAL_P210,MOHO_GRAV_U"
240,10,0.4145538977627391,0.0343646029494343,"DEM,BOUGUER,REVEAL_S80,REVEAL_P150,SEDIMENT,REVEAL_S140,REVEAL_P120,REVEAL_P210,MOHO_GRAV_U,MOHO_U"
241,20,0.40892061559671333,0.034529538757714785,"REVEAL_P90,REVEAL_P60,SI,REVEAL_S80,REVEAL_VP90VS60,REVEAL_S100,REVEAL_S200,REVEAL_S140,REVEAL_VP60VS70,REVEAL_S_DIFF_200_220,REVEAL_P120,FREE_AIR,EMAG2_LOG,MAG_SEIS_MOHO,REVEAL_S50,LAB,REVEAL_P180,MOHO_GRAV,REVEAL_P150,REVEAL_P_DIFF_40_60"
242,13,0.3966212395018609,0.0348869401524244,"SEDIMENT,REVEAL_P40,CTD,REVEAL_VP90VS60,REVEAL_S140,REVEAL_VP60VS70,REVEAL_VPVS_DIFF,REVEAL_S90,REVEAL_S50,REVEAL_P180,MOHO_GRAV,BOUGUER,REVEAL_S220"
243,31,0.42066283187700293,0.03418484121676059,"REVEAL_P90,REVEAL_P60,SEDIMENT,CTD,CRUST_RHO,SI,GEOID,REVEAL_S80,REVEAL_VP90VS60,DEM,REVEAL_S100,REVEAL_S200,REVEAL_S140,REVEAL_VP60VS70,REVEAL_S_DIFF_200_220,REVEAL_P120,REVEAL_P210,FREE_AIR,EMAG2_LOG,MAG_SEIS_MOHO,MOHO,REVEAL_S90,LITH_RHO,REVEAL_S50,LAB,REVEAL_P180,MOHO_GRAV,REVEAL_P150,REVEAL_P_DIFF_40_60,BOUGUER,REVEAL_S220"
244,24,0.4215618444826964,0.03415830698349796,"REVEAL_P60,SEDIMENT,REVEAL_P40,CTD,SI,GEOID,DEM,REVEAL_S100,REVEAL_S200,REVEAL_S140,REVEAL_VPVS_DIFF,REVEAL_S_DIFF_200_220,REVEAL_P120,EMAG2_LOG,MAG_SEIS_MOHO,MOHO,REVEAL_S90,LITH_RHO,REVEAL_S50,LAB,REVEAL_P180,REVEAL_P150,REVEAL_P_DIFF_40_60,BOUGUER"
245,23,0.4204867011715241,0.03419003727785703,"REVEAL_P90,REVEAL_P60,SEDIMENT,REVEAL_P40,SI,GEOID,REVEAL_S80,REVEAL_VP90VS60,DEM,REVEAL_S100,REVEAL_S200,REVEAL_S140,REVEAL_VP60VS70,REVEAL_VPVS_DIFF,REVEAL_S_DIFF_200_220,REVEAL_P210,EMAG2_LOG,MOHO,REVEAL_S90,REVEAL_S50,LAB,REVEAL_P_DIFF_40_60,BOUGUER"
246,14,0.41407024050531405,0.034378794911971294,"CRUST_RHO,GEOID,REVEAL_S80,REVEAL_VP90VS60,REVEAL_S100,REVEAL_S140,REVEAL_VPVS_DIFF,REVEAL_S_DIFF_200_220,REVEAL_P120,MAG_SEIS_MOHO,MOHO,REVEAL_S50,REVEAL_P150,BOUGUER"
247,22,0.416632653908521,0.034303539126356586,"REVEAL_P90,REVEAL_P60,SEDIMENT,CTD,SI,GEOID,REVEAL_S80,REVEAL_VP90VS60,DEM,REVEAL_S200,REVEAL_S140,REVEAL_VP60VS70,REVEAL_S_DIFF_200_220,REVEAL_P120,MAG_SEIS_MOHO,MOHO,REVEAL_S90,REVEAL_P180,MOHO_GRAV,REVEAL_P150,REVEAL_P_DIFF_40_60,BOUGUER"
248,12,0.40944111745841627,0.03451433213057469,"REVEAL_P90,REVEAL_P60,SEDIMENT,CRUST_RHO,REVEAL_S140,REVEAL_VP60VS70,REVEAL_P120,REVEAL_P210,MAG_SEIS_MOHO,MOHO,LITH_RHO,LAB"
249,31,0.418603167579669,0.03424555441789956,"REVEAL_P90,REVEAL_P60,SEDIMENT,REVEAL_P40,CTD,CRUST_RHO,SI,GEOID,REVEAL_S80,REVEAL_VP90VS60,DEM,REVEAL_S100,REVEAL_S200,REVEAL_S140,REVEAL_VP60VS70,REVEAL_VPVS_DIFF,REVEAL_S_DIFF_200_220,REVEAL_P120,REVEAL_P210,EMAG2_LOG,MAG_SEIS_MOHO,REVEAL_S90,LITH_RHO,REVEAL_S50,LAB,REVEAL_P180,MOHO_GRAV,REVEAL_P150,REVEAL_P_DIFF_40_60,BOUGUER,REVEAL_S220"
250,26,0.4143560171747722,0.03437041007096194,"REVEAL_P90,REVEAL_P60,SEDIMENT,REVEAL_P40,CTD,CRUST_RHO,REVEAL_S80,REVEAL_VP90VS60,DEM,REVEAL_S100,REVEAL_S200,REVEAL_S140,REVEAL_VPVS_DIFF,REVEAL_S_DIFF_200_220,REVEAL_P120,FREE_AIR,MAG_SEIS_MOHO,MOHO,REVEAL_S90,REVEAL_S50,REVEAL_P180,MOHO_GRAV,REVEAL_P150,REVEAL_P_DIFF_40_60,BOUGUER,REVEAL_S220"
251,15,0.41345715956665785,0.0343967761400793,"REVEAL_P60,REVEAL_P40,CTD,GEOID,REVEAL_S80,REVEAL_VP90VS60,REVEAL_VP60VS70,REVEAL_S_DIFF_200_220,REVEAL_P210,FREE_AIR,EMAG2_LOG,MAG_SEIS_MOHO,MOHO,LAB,MOHO_GRAV"
252,31,0.421451700800786,0.03416155896694591,"REVEAL_P90,REVEAL_P60,SEDIMENT,REVEAL_P40,CTD,CRUST_RHO,SI,GEOID,REVEAL_S80,REVEAL_VP90VS60,DEM,REVEAL_S100,REVEAL_S200,REVEAL_S140,REVEAL_VP60VS70,REVEAL_VPVS_DIFF,REVEAL_S_DIFF_200_220,REVEAL_P120,REVEAL_P210,EMAG2_LOG,MAG_SEIS_MOHO,MOHO,LITH_RHO,REVEAL_S50,LAB,REVEAL_P180,MOHO_GRAV,REVEAL_P150,REVEAL_P_DIFF_40_60,BOUGUER,REVEAL_S220"
253,22,0.416919938551485,0.03429509153871144,"REVEAL_P90,REVEAL_P60,SEDIMENT,REVEAL_P40,REVEAL_S80,REVEAL_VP90VS60,DEM,REVEAL_S100,REVEAL_S200,REVEAL_S140,REVEAL_VPVS_DIFF,REVEAL_S_DIFF_200_220,REVEAL_P120,FREE_AIR,EMAG2_LOG,MOHO,LITH_RHO,REVEAL_S50,REVEAL_P180,MOHO_GRAV,REVEAL_P_DIFF_40_60,REVEAL_S220"
254,10,0.3911773410279602,0.035043967968681006,"REVEAL_P90,REVEAL_P60,CTD,REVEAL_VP90VS60,DEM,REVEAL_VP60VS70,REVEAL_VPVS_DIFF,EMAG2_LOG,REVEAL_S50,MOHO_GRAV"
255,19,0.4105432468767035,0.03448211093623338,"SEDIMENT,CTD,CRUST_RHO,SI,GEOID,DEM,REVEAL_S100,REVEAL_S200,REVEAL_S140,REVEAL_VPVS_DIFF,EMAG2_LOG,LITH_RHO,REVEAL_S50,REVEAL_P180,MOHO_GRAV,REVEAL_P150,REVEAL_P_DIFF_40_60,BOUGUER,REVEAL_S220"
256,13,0.4040881507270552,0.034670402338048044,"REVEAL_P90,REVEAL_P60,CTD,SI,GEOID,REVEAL_S100,REVEAL_VP60VS70,REVEAL_S_DIFF_200_220,MAG_SEIS_MOHO,REVEAL_S90,REVEAL_S50,REVEAL_P150,REVEAL_P_DIFF_40_60"
257,19,0.41710507588087975,0.03428964648394099,"SEDIMENT,REVEAL_P40,CRUST_RHO,SI,GEOID,REVEAL_VP90VS60,REVEAL_S100,REVEAL_S200,REVEAL_S140,REVEAL_VP60VS70,REVEAL_S_DIFF_200_220,REVEAL_P120,FREE_AIR,MOHO,REVEAL_S50,LAB,MOHO_GRAV,REVEAL_P_DIFF_40_60,BOUGUER"
258,14,0.4086470492859512,0.03453752840010244,"REVEAL_P60,SEDIMENT,CRUST_RHO,REVEAL_S80,REVEAL_VP90VS60,REVEAL_S100,REVEAL_VP60VS70,REVEAL_S_DIFF_200_220,REVEAL_P120,REVEAL_P210,EMAG2_LOG,MOHO,LAB,MOHO_GRAV"
259,30,0.4195229854560867,0.03421845404512366,"REVEAL_P90,REVEAL_P60,SEDIMENT,REVEAL_P40,CTD,CRUST_RHO,SI,REVEAL_S80,REVEAL_VP90VS60,DEM,REVEAL_S100,REVEAL_S140,REVEAL_VP60VS70,REVEAL_VPVS_DIFF,REVEAL_S_DIFF_200_220,REVEAL_P120,REVEAL_P210,FREE_AIR,EMAG2_LOG,MAG_SEIS_MOHO,MOHO,REVEAL_S90,LITH_RHO,REVEAL_S50,LAB,REVEAL_P180,MOHO_GRAV,REVEAL_P150,REVEAL_P_DIFF_40_60,BOUGUER"
260,15,0.41354838037027675,0.034394101294057296,"REVEAL_P90,SEDIMENT,REVEAL_P40,CTD,CRUST_RHO,GEOID,REVEAL_S80,REVEAL_VP90VS60,REVEAL_S_DIFF_200_220,EMAG2_LOG,MOHO,REVEAL_S90,MOHO_GRAV,REVEAL_P_DIFF_40_60,REVEAL_S220"
261,13,0.40887977897272965,0.03453073152934058,"REVEAL_P60,CTD,CRUST_RHO,REVEAL_S80,DEM,REVEAL_S100,REVEAL_S140,REVEAL_VP60VS70,REVEAL_P120,REVEAL_P210,MOHO,REVEAL_S50,BOUGUER"
262,29,0.4168071026605722,0.03429840971941051,"REVEAL_P90,REVEAL_P60,SEDIMENT,CTD,CRUST_RHO,GEOID,REVEAL_S80,REVEAL_VP90VS60,DEM,REVEAL_S100,REVEAL_S200,REVEAL_S140,REVEAL_VP60VS70,REVEAL_VPVS_DIFF,REVEAL_S_DIFF_200_220,REVEAL_P120,REVEAL_P210,FREE_AIR,EMAG2_LOG,MAG_SEIS_MOHO,REVEAL_S90,REVEAL_S50,LAB,REVEAL_P180,MOHO_GRAV,REVEAL_P150,REVEAL_P_DIFF_40_60,BOUGUER,REVEAL_S220"
263,14,0.4108522724466096,0.0344730710440876,"REVEAL_P60,CRUST_RHO,SI,GEOID,REVEAL_S80,REVEAL_S200,REVEAL_S140,REVEAL_P120,EMAG2_LOG,MAG_SEIS_MOHO,MOHO,REVEAL_S90,LITH_RHO,REVEAL_P150"
264,29,0.42134389545449624,0.03416474161146692,"REVEAL_P90,REVEAL_P60,SEDIMENT,REVEAL_P40,CRUST_RHO,SI,GEOID,REVEAL_S80,DEM,REVEAL_S100,REVEAL_S200,REVEAL_S140,REVEAL_VPVS_DIFF,REVEAL_S_DIFF_200_220,REVEAL_P120,REVEAL_P210,FREE_AIR,EMAG2_LOG,MAG_SEIS_MOHO,REVEAL_S90,LITH_RHO,REVEAL_S50,LAB,REVEAL_P180,MOHO_GRAV,REVEAL_P150,REVEAL_P_DIFF_40_60,BOUGUER,REVEAL_S220"
265,26,0.4192183451790269,0.034227431964766575,"REVEAL_P90,REVEAL_P60,SEDIMENT,CTD,CRUST_RHO,GEOID,REVEAL_S80,REVEAL_VP90VS60,DEM,REVEAL_S100,REVEAL_S200,REVEAL_S140,REVEAL_VPVS_DIFF,REVEAL_S_DIFF_200_220,REVEAL_P120,FREE_AIR,EMAG2_LOG,MAG_SEIS_MOHO,MOHO,LITH_RHO,REVEAL_S50,LAB,REVEAL_P180,MOHO_GRAV,REVEAL_P150,REVEAL_P_DIFF_40_60"
266,20,0.41423761584918717,0.03437388427761966,"REVEAL_P90,REVEAL_P40,CTD,CRUST_RHO,GEOID,REVEAL_VP90VS60,DEM,REVEAL_S100,REVEAL_S200,REVEAL_S140,REVEAL_VPVS_DIFF,REVEAL_P210,FREE_AIR,EMAG2_LOG,MOHO,LAB,MOHO_GRAV,REVEAL_P150,REVEAL_P_DIFF_40_60,BOUGUER"
267,26,0.42026676645313665,0.03419652449991091,"REVEAL_P90,SEDIMENT,REVEAL_P40,CTD,SI,GEOID,REVEAL_S80,REVEAL_VP90VS60,DEM,REVEAL_S100,REVEAL_VPVS_DIFF,REVEAL_S_DIFF_200_220,REVEAL_P120,REVEAL_P210,FREE_AIR,EMAG2_LOG,MOHO,REVEAL_S90,REVEAL_S50,LAB,REVEAL_P180,MOHO_GRAV,REVEAL_P150,REVEAL_P_DIFF_40_60,BOUGUER,REVEAL_S220"
268,10,0.38694832462085704,0.035165468904304845,"REVEAL_P60,CTD,REVEAL_VP90VS60,REVEAL_S140,REVEAL_VPVS_DIFF,FREE_AIR,EMAG2_LOG,LAB,REVEAL_P180,REVEAL_P150"
269,12,0.40709051268315,0.034582952708878796,"REVEAL_P90,REVEAL_P60,GEOID,REVEAL_VP90VS60,REVEAL_S200,REVEAL_S140,REVEAL_S50,LAB,REVEAL_P180,MOHO_GRAV,BOUGUER,REVEAL_S220"
270,21,0.41768808737395935,0.03427249394196317,"REVEAL_P90,REVEAL_P60,SEDIMENT,CRUST_RHO,SI,REVEAL_S80,REVEAL_VP90VS60,DEM,REVEAL_S100,REVEAL_S200,REVEAL_S140,REVEAL_VPVS_DIFF,REVEAL_P210,FREE_AIR,MOHO,LITH_RHO,REVEAL_S50,LAB,REVEAL_P180,REVEAL_P_DIFF_40_60,BOUGUER"
271,24,0.4222510716764344,0.03413795057112452,"REVEAL_P60,SEDIMENT,CTD,SI,GEOID,REVEAL_S80,DEM,REVEAL_S200,REVEAL_S140,REVEAL_VP60VS70,REVEAL_S_DIFF_200_220,REVEAL_P120,REVEAL_P210,EMAG2_LOG,MAG_SEIS_MOHO,MOHO,REVEAL_S90,LITH_RHO,REVEAL_S50,REVEAL_P180,MOHO_GRAV,REVEAL_P150,BOUGUER,REVEAL_S220"
272,15,0.40992950737589295,0.03450005756895484,"REVEAL_P60,SEDIMENT,CTD,CRUST_RHO,GEOID,REVEAL_S80,REVEAL_VP90VS60,DEM,REVEAL_S100,REVEAL_S200,REVEAL_S140,MAG_SEIS_MOHO,MOHO_GRAV,REVEAL_P_DIFF_40_60,BOUGUER"
273,16,0.4152981206879195,0.034342753749178945,"REVEAL_P60,SEDIMENT,CTD,CRUST_RHO,SI,REVEAL_S80,REVEAL_VP90VS60,DEM,REVEAL_S100,EMAG2_LOG,MAG_SEIS_MOHO,MOHO,LITH_RHO,MOHO_GRAV,REVEAL_P_DIFF_40_60,REVEAL_S220"
274,29,0.4194981262806442,0.034219186747215274,"REVEAL_P90,REVEAL_P60,SEDIMENT,REVEAL_P40,CTD,CRUST_RHO,SI,GEOID,REVEAL_S80,REVEAL_VP90VS60,DEM,REVEAL_S100,REVEAL_S200,REVEAL_S140,REVEAL_VP60VS70,REVEAL_VPVS_DIFF,REVEAL_S_DIFF_200_220,REVEAL_P120,FREE_AIR,MAG_SEIS_MOHO,MOHO,REVEAL_S90,LITH_RHO,REVEAL_S50,LAB,MOHO_GRAV,REVEAL_P150,BOUGUER,REVEAL_S220"
275,32,0.4180895335451539,0.03426067816653447,"REVEAL_P90,REVEAL_P60,SEDIMENT,CTD,CRUST_RHO,SI,GEOID,REVEAL_S80,REVEAL_VP90VS60,DEM,REVEAL_S100,REVEAL_S200,REVEAL_S140,REVEAL_VP60VS70,REVEAL_VPVS_DIFF,REVEAL_S_DIFF_200_220,REVEAL_P120,REVEAL_P210,FREE_AIR,EMAG2_LOG,MAG_SEIS_MOHO,MOHO,REVEAL_S90,LITH_RHO,REVEAL_S50,LAB,REVEAL_P180,MOHO_GRAV,REVEAL_P150,REVEAL_P_DIFF_40_60,BOUGUER,REVEAL_S220"
276,31,0.41879907311015363,0.034239784298097,"REVEAL_P90,REVEAL_P60,SEDIMENT,REVEAL_P40,CTD,CRUST_RHO,SI,GEOID,REVEAL_VP90VS60,DEM,REVEAL_S100,REVEAL_S200,REVEAL_S140,REVEAL_VP60VS70,REVEAL_VPVS_DIFF,REVEAL_S_DIFF_200_220,REVEAL_P120,REVEAL_P210,FREE_AIR,MAG_SEIS_MOHO,MOHO,REVEAL_S90,LITH_RHO,REVEAL_S50,LAB,REVEAL_P180,MOHO_GRAV,REVEAL_P150,REVEAL_P_DIFF_40_60,BOUGUER,REVEAL_S220"
277,19,0.41790701282525544,0.0342660508086614,"REVEAL_P90,REVEAL_P60,SEDIMENT,REVEAL_P40,CRUST_RHO,SI,GEOID,DEM,REVEAL_S100,REVEAL_S200,REVEAL_P120,REVEAL_P210,MAG_SEIS_MOHO,REVEAL_S90,LITH_RHO,REVEAL_P180,REVEAL_P150,REVEAL_P_DIFF_40_60,REVEAL_S220"
278,22,0.4116900107502923,0.034448552842387195,"REVEAL_P90,REVEAL_P40,CTD,REVEAL_S80,DEM,REVEAL_S100,REVEAL_S200,REVEAL_VP60VS70,REVEAL_VPVS_DIFF,REVEAL_S_DIFF_200_220,REVEAL_P120,FREE_AIR,MAG_SEIS_MOHO,REVEAL_S90,LITH_RHO,REVEAL_S50,LAB,REVEAL_P180,MOHO_GRAV,REVEAL_P150,BOUGUER,REVEAL_S220"
279,19,0.4175259132876237,0.03427726606094348,"REVEAL_P90,REVEAL_P40,CTD,CRUST_RHO,DEM,REVEAL_S140,REVEAL_VP60VS70,REVEAL_S_DIFF_200_220,REVEAL_P120,REVEAL_P210,EMAG2_LOG,MOHO,REVEAL_S90,REVEAL_S50,LAB,REVEAL_P180,REVEAL_P150,BOUGUER,REVEAL_S220"
280,18,0.4170082996850357,0.03429249286643716,"REVEAL_P90,REVEAL_P60,SEDIMENT,REVEAL_P40,CTD,GEOID,REVEAL_S80,DEM,REVEAL_S200,REVEAL_S140,REVEAL_S_DIFF_200_220,EMAG2_LOG,REVEAL_S90,LITH_RHO,REVEAL_S50,LAB,REVEAL_P180,REVEAL_S220"
281,18,0.4128088867669508,0.03441577930141487,"REVEAL_P90,REVEAL_P60,SEDIMENT,REVEAL_S80,REVEAL_S100,REVEAL_S200,REVEAL_S140,REVEAL_S_DIFF_200_220,REVEAL_P120,REVEAL_P210,FREE_AIR,EMAG2_LOG,MAG_SEIS_MOHO,MOHO,LITH_RHO,LAB,REVEAL_P180,REVEAL_P150"
282,18,0.42022903023819247,0.03419763744835453,"REVEAL_P90,SEDIMENT,REVEAL_P40,CTD,DEM,REVEAL_S100,REVEAL_S200,REVEAL_VP60VS70,REVEAL_VPVS_DIFF,REVEAL_S_DIFF_200_220,REVEAL_P120,REVEAL_P210,FREE_AIR,MAG_SEIS_MOHO,LITH_RHO,REVEAL_S50,MOHO_GRAV,REVEAL_S220"
283,30,0.41887765343608496,0.034237469552683426,"REVEAL_P90,REVEAL_P60,SEDIMENT,REVEAL_P40,CTD,CRUST_RHO,SI,GEOID,REVEAL_S80,REVEAL_VP90VS60,DEM,REVEAL_S100,REVEAL_S200,REVEAL_S140,REVEAL_VPVS_DIFF,REVEAL_P120,REVEAL_P210,FREE_AIR,EMAG2_LOG,MAG_SEIS_MOHO,MOHO,REVEAL_S90,LITH_RHO,REVEAL_S50,LAB,REVEAL_P180,MOHO_GRAV,REVEAL_P150,BOUGUER,REVEAL_S220"
284,14,0.4179048891502549,0.03426611331576138,"REVEAL_P60,SEDIMENT,REVEAL_P40,CTD,SI,DEM,REVEAL_S200,REVEAL_VPVS_DIFF,REVEAL_P120,FREE_AIR,MOHO,REVEAL_S50,REVEAL_P180,REVEAL_P150"
285,10,0.41110350278323593,0.03446572008241143,"REVEAL_P90,SEDIMENT,SI,DEM,REVEAL_S200,REVEAL_VP60VS70,FREE_AIR,MOHO,REVEAL_S90,REVEAL_S220"
286,14,0.4065816490120647,0.03459778990949897,"REVEAL_P40,CTD,CRUST_RHO,GEOID,REVEAL_S100,REVEAL_S140,REVEAL_VPVS_DIFF,REVEAL_S_DIFF_200_220,REVEAL_P210,FREE_AIR,EMAG2_LOG,MOHO_GRAV,REVEAL_P_DIFF_40_60,REVEAL_S220"
287,10,0.39311921258223825,0.03498803605385052,"SEDIMENT,REVEAL_VP90VS60,REVEAL_S100,REVEAL_S140,REVEAL_VP60VS70,MOHO,LAB,REVEAL_P180,REVEAL_P150,BOUGUER"
288,18,0.4122241452966777,0.03443291113918817,"REVEAL_P60,SEDIMENT,CRUST_RHO,SI,REVEAL_VP90VS60,REVEAL_S140,REVEAL_VPVS_DIFF,REVEAL_S_DIFF_200_220,FREE_AIR,EMAG2_LOG,MOHO,REVEAL_S90,LITH_RHO,REVEAL_S50,MOHO_GRAV,REVEAL_P150,BOUGUER,REVEAL_S220"
289,16,0.40568539143068894,0.034623907093107774,"SEDIMENT,REVEAL_P40,SI,REVEAL_S80,REVEAL_VP90VS60,REVEAL_VP60VS70,REVEAL_P120,REVEAL_P210,EMAG2_LOG,MAG_SEIS_MOHO,REVEAL_S90,REVEAL_S50,REVEAL_P180,REVEAL_P150,REVEAL_P_DIFF_40_60,BOUGUER"
290,28,0.41697893397489627,0.0342933565242938,"REVEAL_P90,REVEAL_P60,REVEAL_P40,CTD,CRUST_RHO,GEOID,REVEAL_S80,REVEAL_VP90VS60,DEM,REVEAL_S100,REVEAL_S200,REVEAL_S140,REVEAL_VP60VS70,REVEAL_VPVS_DIFF,REVEAL_S_DIFF_200_220,REVEAL_P120,FREE_AIR,EMAG2_LOG,MAG_SEIS_MOHO,MOHO,REVEAL_S90,LITH_RHO,LAB,REVEAL_P180,MOHO_GRAV,REVEAL_P150,BOUGUER,REVEAL_S220"
291,11,0.4115671643048907,0.034452149297868905,"REVEAL_P60,REVEAL_P40,CTD,REVEAL_S80,REVEAL_VP60VS70,MOHO,LITH_RHO,REVEAL_S50,REVEAL_P150,REVEAL_P_DIFF_40_60,BOUGUER"
292,25,0.41354295469729263,0.034394260395599806,"REVEAL_P90,REVEAL_P40,CTD,CRUST_RHO,SI,GEOID,REVEAL_VP90VS60,REVEAL_S100,REVEAL_S200,REVEAL_S140,REVEAL_VP60VS70,REVEAL_VPVS_DIFF,REVEAL_P120,REVEAL_P210,FREE_AIR,MAG_SEIS_MOHO,REVEAL_S90,LITH_RHO,LAB,REVEAL_P180,MOHO_GRAV,REVEAL_P150,REVEAL_P_DIFF_40_60,BOUGUER,REVEAL_S220"
293,18,0.4185222640098176,0.034247937034274235,"REVEAL_P90,CRUST_RHO,SI,REVEAL_S80,REVEAL_VP90VS60,DEM,REVEAL_P210,FREE_AIR,EMAG2_LOG,MAG_SEIS_MOHO,MOHO,REVEAL_S90,REVEAL_S50,LAB,MOHO_GRAV,REVEAL_P150,REVEAL_P_DIFF_40_60,REVEAL_S220"
294,15,0.40528975021410174,0.03463542991742923,"REVEAL_P90,REVEAL_P60,CRUST_RHO,SI,REVEAL_VP90VS60,DEM,REVEAL_S140,REVEAL_S_DIFF_200_220,REVEAL_P120,REVEAL_P210,EMAG2_LOG,REVEAL_S50,REVEAL_P180,MOHO_GRAV,BOUGUER"
295,16,0.41230836127616355,0.03443044429303195,"REVEAL_P90,REVEAL_P60,SEDIMENT,CRUST_RHO,SI,GEOID,REVEAL_S80,REVEAL_VP90VS60,DEM,REVEAL_S200,REVEAL_S140,REVEAL_VP60VS70,REVEAL_P210,FREE_AIR,LAB,REVEAL_S220"
296,32,0.4185997528062386,0.03424565498659129,"REVEAL_P90,REVEAL_P60,SEDIMENT,REVEAL_P40,CTD,CRUST_RHO,SI,GEOID,REVEAL_S80,REVEAL_VP90VS60,DEM,REVEAL_S100,REVEAL_S200,REVEAL_S140,REVEAL_VP60VS70,REVEAL_VPVS_DIFF,REVEAL_S_DIFF_200_220,REVEAL_P120,REVEAL_P210,FREE_AIR,EMAG2_LOG,MAG_SEIS_MOHO,REVEAL_S90,LITH_RHO,REVEAL_S50,LAB,REVEAL_P180,MOHO_GRAV,REVEAL_P150,REVEAL_P_DIFF_40_60,BOUGUER,REVEAL_S220"
297,28,0.41520409632335087,0.034345514921931684,"REVEAL_P60,REVEAL_P40,CTD,CRUST_RHO,SI,GEOID,REVEAL_S80,REVEAL_VP90VS60,REVEAL_S100,REVEAL_S200,REVEAL_S140,REVEAL_VP60VS70,REVEAL_VPVS_DIFF,REVEAL_S_DIFF_200_220,REVEAL_P120,REVEAL_P210,FREE_AIR,MAG_SEIS_MOHO,MOHO,REVEAL_S90,LITH_RHO,REVEAL_S50,LAB,REVEAL_P180,MOHO_GRAV,REVEAL_P150,REVEAL_P_DIFF_40_60,BOUGUER"
298,32,0.4191458685847226,0.034229567543854394,"REVEAL_P90,REVEAL_P60,SEDIMENT,REVEAL_P40,CTD,CRUST_RHO,SI,GEOID,REVEAL_S80,REVEAL_VP90VS60,DEM,REVEAL_S100,REVEAL_S200,REVEAL_S140,REVEAL_VP60VS70,REVEAL_VPVS_DIFF,REVEAL_S_DIFF_200_220,REVEAL_P120,FREE_AIR,EMAG2_LOG,MAG_SEIS_MOHO,MOHO,REVEAL_S90,LITH_RHO,REVEAL_S50,LAB,REVEAL_P180,MOHO_GRAV,REVEAL_P150,REVEAL_P_DIFF_40_60,BOUGUER,REVEAL_S220"
299,12,0.40929593149764554,0.03451857445820246,"SEDIMENT,REVEAL_S80,DEM,REVEAL_S200,REVEAL_S140,REVEAL_VP60VS70,REVEAL_S_DIFF_200_220,REVEAL_P120,MAG_SEIS_MOHO,LITH_RHO,REVEAL_P180,REVEAL_S220"
300,16,0.4154090466631366,0.034339495948680965,"REVEAL_P90,REVEAL_P60,SI,GEOID,DEM,REVEAL_S200,REVEAL_VPVS_DIFF,REVEAL_S90,LITH_RHO,REVEAL_S50,LAB,MOHO_GRAV,REVEAL_P150,REVEAL_P_DIFF_40_60,BOUGUER,REVEAL_S220"
