run,n_estimators,max_depth,min_samples_leaf,max_features,use_log_target,q_clip_max,cal_frac,n_train,n_cal,rmse,mae,r2,picp,elapsed_s
1,2000,15,1,0.7,True,0.25,0.1,27375,3042,0.025230624788218095,0.014772084740693142,0.4074773412885191,0.9352399737015121,97.81205487251282
2,1000,30,3,sqrt,False,0.3,0.25,22950,7650,0.027739797947110033,0.015164199686853218,0.43773717094948117,0.9116339869281046,24.59933114051819
3,1500,15,10,0.7,True,0.225,0.1,27264,3030,0.02337860175686348,0.014212037311594504,0.44406489000353955,0.9432343234323433,64.43923997879028
4,2000,40,10,0.4,False,0.3,0.25,22950,7650,0.028179057031894723,0.015660873794464937,0.4197893466643625,0.930718954248366,56.382628202438354
5,500,25,5,sqrt,False,0.25,0.15,25854,4563,0.02501143175661765,0.014496755016857954,0.4434724637092794,0.9250493096646942,11.556258916854858
6,1000,15,2,0.4,True,0.35,0.2,24677,6170,0.035153437777135484,0.017873275702613173,0.38736773839105343,0.9299837925445705,30.816190004348755
7,500,25,2,0.7,False,0.2,0.15,25577,4514,0.02144976041482336,0.013107157709924672,0.4832972995223014,0.907620735489588,30.670695066452026
8,1000,50,3,0.4,True,0.25,0.2,24333,6084,0.025084607148502604,0.01431597782157568,0.440591270863657,0.9012163050624589,39.54094910621643
9,1000,25,5,0.5,False,0.225,0.25,22720,7574,0.02336528570625881,0.014004906561671937,0.45343904892917897,0.9247425402693424,35.24937200546265
10,2000,50,7,0.6,False,0.225,0.15,25749,4545,0.022973974106205282,0.013604327902813492,0.46807690574163896,0.9313531353135314,86.67490100860596
11,1000,50,7,0.6,False,0.25,0.15,25854,4563,0.024886691268865592,0.014393032982104087,0.44900980380896616,0.9226386149463073,43.70252799987793
12,2000,None,2,0.5,False,0.25,0.15,25854,4563,0.025110208681254582,0.01431820660555507,0.439068027460522,0.8921761998685076,108.28724980354309
13,500,15,1,0.7,True,0.225,0.2,24235,6059,0.023800285899429768,0.014470054189130138,0.436161887413696,0.9305165868955273,22.214391946792603
14,1000,25,5,0.7,True,0.2,0.2,24072,6019,0.021670727070428806,0.013299369042471035,0.473667661846808,0.9210832364180096,49.04204797744751
15,2000,25,3,0.7,True,0.225,0.15,25749,4545,0.02287659417768264,0.01344186127941502,0.4725766804052618,0.9205720572057206,115.74668884277344
16,1000,40,3,sqrt,True,0.2,0.2,24072,6019,0.021648878259194454,0.013224499849460227,0.47472844201783604,0.9046353214819738,26.729585886001587
17,2000,30,10,0.5,False,0.2,0.1,27081,3010,0.02122987410713315,0.013152496658064708,0.4843127617867463,0.9418604651162791,77.38244199752808
18,2000,50,5,sqrt,True,0.3,0.15,26010,4590,0.02733140438683137,0.014986314669276475,0.4463072971731912,0.9226579520697168,49.80300974845886
19,1000,None,2,log2,True,0.35,0.15,26219,4628,0.033735426434702495,0.016946218922442215,0.44157440211998156,0.8876404494382022,35.07390999794006
20,500,15,3,0.7,False,0.3,0.15,26010,4590,0.028074151802309603,0.015902000020003998,0.41580452069128804,0.9287581699346406,22.30209517478943
21,1000,25,5,0.5,True,0.3,0.2,24480,6120,0.02741500648381499,0.014979378152026029,0.441912278506438,0.9212418300653594,40.99012207984924
22,2000,50,10,log2,False,0.225,0.1,27264,3030,0.02304423057952341,0.013900476950924084,0.45985363116406497,0.9392739273927393,43.276599168777466
23,500,50,2,0.3,True,0.225,0.25,22720,7574,0.02350061091316586,0.013960075296704556,0.4470896584178471,0.8914708212305255,18.050801277160645
24,1000,None,7,0.3,True,0.2,0.1,27081,3010,0.02126569771219598,0.013056603844873794,0.4825709368162888,0.9299003322259136,28.92967391014099
25,1000,None,10,0.7,False,0.25,0.2,24333,6084,0.02534886112308172,0.014722621651428885,0.4287429994409102,0.9312952005259697,44.49075388908386
26,1500,25,5,0.7,False,0.225,0.25,22720,7574,0.0233587832118402,0.013994242531933446,0.4537432194018133,0.9244784790071296,67.30915212631226
27,500,15,2,log2,True,0.3,0.2,24480,6120,0.02810322994991728,0.01578196961154395,0.41354021649352535,0.9348039215686275,10.022774934768677
28,1500,None,5,0.3,False,0.3,0.25,22950,7650,0.02778072386997498,0.01528459783696131,0.4360768776804258,0.9188235294117647,41.09841823577881
29,2000,15,7,0.7,False,0.35,0.15,26219,4628,0.03528671059757472,0.018263324331361862,0.38903650693683756,0.9353932584269663,91.0099868774414
30,500,40,5,0.3,True,0.2,0.25,22568,7523,0.022005910189232838,0.013455697323864837,0.46105721537571276,0.9126678186893527,13.136045217514038
31,1000,None,2,0.7,False,0.35,0.15,26219,4628,0.03417642476418688,0.017106791251615214,0.4268792047743749,0.8917458945548833,72.22114896774292
32,1500,50,2,0.3,False,0.3,0.15,26010,4590,0.027420815184025935,0.014949500288610439,0.44267871802325176,0.8941176470588236,69.26925373077393
33,1500,30,7,0.3,True,0.225,0.15,25749,4545,0.023137517436193196,0.013675914378130597,0.460476818133569,0.9333333333333333,48.02249884605408
34,500,20,1,log2,False,0.25,0.1,27375,3042,0.024861059698506157,0.014211394443516063,0.42470814474695795,0.9184746877054569,16.134323835372925
35,2000,25,10,0.7,False,0.35,0.2,24677,6170,0.034867829719534275,0.01747470208001572,0.39728209832581685,0.9286871961102107,90.45994782447815
36,1000,40,2,log2,True,0.2,0.1,27081,3010,0.02117095704324918,0.01278884261411295,0.4871710565388828,0.8930232558139535,34.57778573036194
37,1000,30,2,sqrt,True,0.25,0.15,25854,4563,0.025071696259384556,0.014318483236894764,0.44078735066578467,0.8976550515012054,31.740941047668457
38,1500,15,10,log2,False,0.25,0.2,24333,6084,0.02595994193647095,0.01554249314561347,0.400868622887111,0.940664036817883,25.20957589149475
39,1000,50,1,0.4,True,0.3,0.2,24480,6120,0.02777696527746491,0.015078724801649393,0.42707819212437126,0.8619281045751634,57.48374915122986
40,1500,50,10,log2,True,0.3,0.2,24480,6120,0.02806622269965602,0.01548738899443678,0.41508373830450085,0.932843137254902,28.327696323394775
41,1500,30,5,0.5,True,0.2,0.1,27081,3010,0.021037156298088628,0.012860127318345755,0.493632745046119,0.9215946843853821,64.74684596061707
42,1000,20,10,0.4,True,0.2,0.1,27081,3010,0.021552611269366553,0.013336911301384232,0.46851460087694163,0.9401993355481728,31.954555988311768
43,1500,20,5,0.3,False,0.225,0.1,27264,3030,0.0226905960311401,0.013548041841862122,0.4763044969982,0.9336633663366337,42.91598701477051
44,2000,20,2,0.3,False,0.225,0.1,27264,3030,0.022653409982044473,0.013417231134941695,0.47801958718149673,0.9283828382838284,68.30126786231995
45,1500,30,1,0.3,True,0.3,0.15,26010,4590,0.027793816722557606,0.015059003305716709,0.42741326459757445,0.8749455337690631,74.81976699829102
46,1000,None,2,0.7,False,0.35,0.2,24677,6170,0.03432860089445208,0.017114615551567233,0.4157799396874633,0.8876823338735819,64.64233183860779
47,1000,25,1,0.4,True,0.3,0.15,26010,4590,0.02769734354336242,0.01499637652963362,0.43138129782620005,0.8923747276688453,50.9549880027771
48,1000,None,1,0.6,False,0.25,0.1,27375,3042,0.025321010286450642,0.014343057133923361,0.40322446336972817,0.8655489809335963,76.35285496711731
49,1500,None,7,0.6,True,0.225,0.1,27264,3030,0.022614406953662437,0.013382985698552553,0.4798154572682952,0.9254125412541254,68.45888710021973
50,1000,25,5,0.7,False,0.2,0.25,22568,7523,0.02189115422147063,0.013453091228430131,0.4666634948992152,0.9174531436926758,43.31213593482971
51,1500,None,10,sqrt,True,0.2,0.15,25577,4514,0.022231749998889095,0.013710236817602008,0.4449358989059349,0.9322108994240141,29.469889879226685
52,2000,50,2,0.6,False,0.2,0.2,24072,6019,0.021569092850293858,0.013170265300705924,0.47859300989045606,0.8945007476324971,106.6213309764862
53,500,40,1,log2,False,0.225,0.25,22720,7574,0.023893924937408495,0.014211198601872834,0.42842740359181597,0.8723263797200951,19.99430823326111
54,1500,25,7,0.7,True,0.225,0.2,24235,6059,0.023307535728589002,0.013850672160300453,0.45926709560138634,0.9301864994223469,67.24686598777771
55,1000,20,5,0.4,False,0.25,0.1,27375,3042,0.024632019726631094,0.01420825498077242,0.4352594141152225,0.9345825115055885,35.083842754364014
56,1000,40,5,0.6,False,0.2,0.15,25577,4514,0.02146212090643388,0.013182144692749647,0.4827016248435543,0.9200265839610102,44.39403486251831
57,1000,50,5,0.4,False,0.225,0.25,22720,7574,0.02337960661001122,0.013993675373390304,0.45276885421494006,0.919197253762873,31.412551879882812
58,1000,40,7,sqrt,False,0.2,0.1,27081,3010,0.02123059404949524,0.013128700497787991,0.48427778547161304,0.9365448504983389,22.298970222473145
59,2000,40,3,sqrt,False,0.3,0.2,24480,6120,0.027345817875339337,0.01490079558396158,0.44472567107054695,0.9112745098039216,53.009241819381714
60,500,20,2,log2,False,0.225,0.25,22720,7574,0.02340729248275045,0.014050586004563905,0.45147203663505386,0.9214417744916821,11.552234888076782
61,1000,15,2,0.6,True,0.225,0.2,24235,6059,0.023700068321301185,0.014372106683585711,0.44090027773087936,0.936128073939594,36.14869809150696
62,1000,30,1,0.3,True,0.225,0.15,25749,4545,0.02337995336905481,0.013715341011806086,0.4491112885913743,0.8814081408140814,49.50025129318237
63,1000,50,3,0.7,False,0.2,0.1,27081,3010,0.020841531227820457,0.012689557391733528,0.5030064033824588,0.9093023255813953,60.85615801811218
64,1000,30,3,0.3,False,0.35,0.2,24677,6170,0.03410337950644058,0.01695889359561417,0.423420637033312,0.9082658022690437,32.91728401184082
65,2000,20,3,0.5,False,0.25,0.1,27375,3042,0.024571209962930766,0.014092903373286102,0.43804435434716305,0.9303090072320842,85.15983986854553
66,2000,15,5,0.5,False,0.3,0.1,27540,3060,0.027681729078115374,0.015752029712740253,0.43020770153134413,0.9395424836601307,70.95350503921509
67,500,15,7,log2,False,0.25,0.2,24333,6084,0.02581031919638149,0.015410445392360927,0.40775502836146893,0.9386916502301118,8.87367868423462
68,1000,25,3,0.6,True,0.3,0.2,24480,6120,0.027275422014938953,0.01482022180417241,0.44758085728137287,0.9137254901960784,46.04130411148071
69,1500,20,3,0.6,False,0.3,0.1,27540,3060,0.02710599540080224,0.01495671301093224,0.4536626803050441,0.9320261437908497,71.82687377929688
70,2000,50,10,0.4,True,0.25,0.1,27375,3042,0.025117031856700972,0.014313007139978432,0.41280062388407246,0.9345825115055885,67.33016419410706
71,1000,None,1,0.6,True,0.2,0.25,22568,7523,0.02233110117157478,0.01352458121331611,0.4450111373863882,0.8563073242057689,62.27641701698303
72,500,15,2,0.6,False,0.2,0.1,27081,3010,0.021208161696950334,0.013374366313981803,0.4853670390879169,0.9365448504983389,20.23073101043701
73,1000,None,1,log2,True,0.3,0.25,22950,7650,0.02845069853940469,0.01546049611028973,0.40854915787415913,0.8592156862745098,40.96526384353638
74,1500,None,3,0.3,False,0.25,0.25,22812,7605,0.025181752380855415,0.014505752649624976,0.4439271225085343,0.9083497698882315,44.979125022888184
75,1000,25,1,log2,False,0.25,0.1,27375,3042,0.02519516547046967,0.014278722397659793,0.4091416429282646,0.8987508218277449,39.52680516242981
76,1000,25,7,0.5,False,0.35,0.1,27762,3085,0.03456255460490789,0.017450136979476946,0.45282510079529736,0.9312803889789303,41.68304991722107
77,2000,25,2,0.3,False,0.35,0.1,27762,3085,0.03366994362552051,0.017053270568990333,0.48072277473929215,0.9108589951377634,77.53415203094482
78,1500,None,1,0.3,False,0.25,0.25,22812,7605,0.025887796853512186,0.014774891285382652,0.4123077027000095,0.8731097961867192,69.39388489723206
79,2000,40,1,0.6,False,0.25,0.1,27375,3042,0.02532597813364571,0.014320777812628294,0.40299027204241966,0.8701512163050624,150.0451180934906
80,500,30,1,log2,True,0.35,0.15,26219,4628,0.03434753096270322,0.01719418440624131,0.4211261159701999,0.8664649956784788,21.577807903289795
81,1000,40,10,0.4,True,0.2,0.2,24072,6019,0.02220023894201101,0.01367492549461148,0.4476321579255329,0.9303871074929391,28.841710090637207
82,1500,None,10,log2,False,0.35,0.2,24677,6170,0.03529061091377658,0.017676168122412725,0.3825772737808829,0.9286871961102107,28.739978075027466
83,1000,50,2,0.6,False,0.3,0.15,26010,4590,0.0275235870562533,0.0149781507491359,0.4384932635208727,0.8917211328976035,58.694045066833496
84,1000,25,3,0.5,False,0.225,0.15,25749,4545,0.02293990305624972,0.013509426480917242,0.4696534496727509,0.9203520352035204,42.830037117004395
85,500,40,7,0.6,True,0.2,0.15,25577,4514,0.021792678469199713,0.013350974548611049,0.46664415038837914,0.9213557820115197,21.036986112594604
86,500,15,5,0.7,False,0.35,0.2,24677,6170,0.03514901585447784,0.01814827140201162,0.38752185373609216,0.933387358184765,20.220178365707397
87,1000,20,10,0.3,False,0.25,0.15,25854,4563,0.025359637327837685,0.014857085140814907,0.4278688052730514,0.9355687047994741,24.22795796394348
88,500,15,2,0.3,False,0.25,0.15,25854,4563,0.025298388164138024,0.015012298041955802,0.4306291159957001,0.9364453210607057,12.642176866531372
89,2000,25,1,0.3,True,0.2,0.25,22568,7523,0.022160007904589517,0.01341538670630263,0.4534828290491413,0.8871460853382959,77.51580095291138
90,2000,50,5,0.6,False,0.3,0.25,22950,7650,0.02779017153118087,0.015262575175962842,0.43569325480857624,0.9166013071895425,82.15876507759094
91,500,15,1,0.5,False,0.25,0.2,24333,6084,0.025715387329357645,0.015218162328102185,0.41210363985028464,0.9311308349769888,16.95388698577881
92,500,None,1,0.5,False,0.3,0.25,22950,7650,0.02856428565532297,0.015571602667714856,0.4038170910660722,0.8669281045751634,29.224830865859985
93,1000,20,10,0.7,False,0.25,0.1,27375,3042,0.024989992933607586,0.014453396449306488,0.4187255695575097,0.9395134779750164,46.24342703819275
94,1500,20,2,sqrt,True,0.2,0.25,22568,7523,0.021986457114368255,0.013467019429775049,0.4620096377306965,0.9179848464708228,33.5118567943573
95,1000,40,3,0.5,False,0.35,0.15,26219,4628,0.033947278404629154,0.01698678168805176,0.43453877000935803,0.9038461538461539,48.35035181045532
96,1000,25,7,0.6,False,0.35,0.15,26219,4628,0.034442496781569375,0.017331906037770052,0.41792069029427337,0.9291270527225584,43.831823110580444
97,2000,40,10,0.6,False,0.35,0.25,23135,7712,0.034417096561694324,0.017400243653590886,0.3926177442665649,0.9279045643153527,74.36878275871277
98,2000,20,10,0.6,False,0.35,0.1,27762,3085,0.03511432978935841,0.017830851335421574,0.4352148563430256,0.9397082658022691,86.45952320098877
99,500,30,2,sqrt,False,0.25,0.25,22812,7605,0.02531064957877582,0.014534231851342528,0.4382198406381267,0.9025641025641026,13.853306770324707
100,1500,25,2,0.7,True,0.3,0.25,22950,7650,0.027767780092172362,0.015093688227136035,0.43660224880893084,0.9070588235294118,78.09056782722473
101,2000,15,7,sqrt,True,0.2,0.2,24072,6019,0.02267837143861013,0.014290824451761493,0.42358295139919455,0.937697291908955,33.642910957336426
102,1000,25,1,0.4,False,0.3,0.15,26010,4590,0.027703362219136395,0.01509073727200318,0.4311341475216207,0.8958605664488017,50.399240016937256
103,1000,25,3,0.5,True,0.25,0.2,24333,6084,0.025003480527138654,0.014248757369142714,0.44420380925888914,0.9128862590401052,40.506267070770264
104,1500,15,2,0.5,False,0.35,0.25,23135,7712,0.0348298974238821,0.01813727414632987,0.37796040431594347,0.9341286307053942,46.71058893203735
105,1000,50,5,0.5,False,0.35,0.15,26219,4628,0.03408856801122508,0.017090858342215222,0.4298220410875401,0.9172428694900605,43.20024108886719
106,500,20,10,0.6,True,0.35,0.15,26219,4628,0.03522557850901472,0.01767824099038232,0.3911515877070192,0.9273984442523768,19.683393001556396
107,1000,None,10,sqrt,True,0.25,0.15,25854,4563,0.025579213349738537,0.014866574400561591,0.41791833502377906,0.930528161297392,19.64090585708618
108,2000,50,1,0.4,False,0.225,0.15,25749,4545,0.023423955548734714,0.013824601370868144,0.4470357399895224,0.8800880088008801,118.69209408760071
109,2000,15,10,0.7,True,0.2,0.1,27081,3010,0.021828232086154264,0.013759678364281321,0.45483411404124596,0.9431893687707641,85.30414199829102
110,1500,50,3,0.3,True,0.2,0.15,25577,4514,0.021689914682220177,0.013175577202552356,0.4716623897921517,0.9047408063801506,50.67328095436096
111,1000,20,5,0.4,True,0.35,0.2,24677,6170,0.034559261196774924,0.017221349264350393,0.4079025954973575,0.9228525121555916,30.982823848724365
112,1500,30,1,0.7,False,0.2,0.15,25577,4514,0.021856447173149347,0.013273542960054941,0.4635182223284099,0.882365972529907,108.00336790084839
113,1000,30,10,0.5,True,0.3,0.15,26010,4590,0.02768485291577098,0.015227603736336625,0.4318940403539565,0.9300653594771242,35.7185800075531
114,1500,None,2,0.5,False,0.25,0.2,24333,6084,0.025229842980389616,0.014347156933874849,0.4340947454975932,0.8939842209072978,73.43014907836914
115,1500,30,10,0.4,False,0.225,0.2,24235,6059,0.023531390424366794,0.014142286458182782,0.44883039513793,0.9339825053639215,43.03367900848389
116,1000,50,1,0.6,True,0.225,0.2,24235,6059,0.023655273944898234,0.014004826983285729,0.4430117362577719,0.8674698795180723,66.40090203285217
117,500,20,7,sqrt,False,0.2,0.15,25577,4514,0.021943196676289283,0.013627519414996035,0.45925111648765593,0.9353123615418697,9.829054355621338
118,1500,50,2,0.5,False,0.2,0.25,22568,7523,0.021904057146360435,0.013336564958930371,0.4660345989672575,0.8932606672869866,66.71387004852295
119,1000,30,3,0.5,True,0.2,0.25,22568,7523,0.021847079166916927,0.013287226823634304,0.46880894335830625,0.9009703575701183,38.6743438243866
120,2000,50,5,log2,True,0.225,0.2,24235,6059,0.023259948391542405,0.013824054445924319,0.46147288608329085,0.9240798811685097,43.843480825424194
121,1000,None,1,0.6,False,0.3,0.15,26010,4590,0.027954029992755407,0.015230161779458334,0.42079305885704776,0.8649237472766884,72.52278399467468
122,2000,50,2,log2,True,0.25,0.15,25854,4563,0.02505379180567921,0.014306972301755299,0.44158576668125626,0.8897655051501205,65.74946975708008
123,1500,None,1,log2,True,0.35,0.2,24677,6170,0.03460233766218579,0.017229614815141236,0.4064256334240408,0.8512155591572124,65.98909997940063
124,1500,40,1,0.3,True,0.2,0.25,22568,7523,0.022334208830887194,0.013525978896707067,0.4448566589930354,0.8608267978200186,69.05026483535767
125,1000,None,2,0.4,False,0.3,0.1,27540,3060,0.027176237971412595,0.014763520909311358,0.4508274505917732,0.8950980392156863,50.52931499481201
126,1000,30,3,0.4,True,0.25,0.2,24333,6084,0.025061494191904458,0.014277455312923128,0.44162167432493427,0.9051610782380013,37.53606986999512
127,1500,25,5,sqrt,True,0.25,0.25,22812,7605,0.025462749708357428,0.01471099551051014,0.431447705136465,0.926758711374096,30.00464415550232
128,1000,50,2,0.3,False,0.3,0.1,27540,3060,0.02706677259690921,0.014711086555977654,0.4552426538325248,0.8977124183006536,42.74097919464111
129,2000,30,1,0.7,True,0.35,0.15,26219,4628,0.03446369246378792,0.01712560915875309,0.41720405442543784,0.8744598098530683,150.71349787712097
130,500,50,2,0.5,False,0.225,0.15,25749,4545,0.023065272144956944,0.013646548443953506,0.4638408053414752,0.902970297029703,25.60845708847046
131,1000,None,5,log2,False,0.3,0.2,24480,6120,0.027488949570521743,0.015075287851595662,0.43889769737826245,0.9233660130718955,21.98970127105713
132,500,50,1,0.7,False,0.25,0.2,24333,6084,0.02571095901099592,0.014562747286343367,0.4123060998058369,0.8694937541091388,37.01699900627136
133,2000,50,1,0.6,True,0.225,0.25,22720,7574,0.02393734440985318,0.014204319901171925,0.4263482199129509,0.8682334301557961,124.21637797355652
134,500,20,3,0.4,False,0.3,0.1,27540,3060,0.02715804286772724,0.015013531843044927,0.4515625712121756,0.9297385620915033,18.903125047683716
135,500,20,10,0.5,True,0.3,0.25,22950,7650,0.028329820393245463,0.015732532729128182,0.4135642617731139,0.9328104575163398,15.13945984840393
136,500,30,10,log2,True,0.3,0.25,22950,7650,0.02844532742701294,0.015809028881387396,0.4087724528543468,0.9291503267973856,8.709121942520142
137,500,40,10,log2,False,0.225,0.15,25749,4545,0.02330604791289945,0.014018156247631402,0.4525885694612486,0.9392739273927393,9.704450130462646
138,2000,None,2,0.4,True,0.2,0.1,27081,3010,0.021234896696629802,0.01280825369679257,0.484068729092449,0.8900332225913621,97.97504997253418
139,2000,25,7,0.3,True,0.35,0.25,23135,7712,0.03432658106936731,0.017198691618282958,0.39580832192425464,0.9245331950207469,48.22422981262207
140,500,15,3,0.7,False,0.2,0.1,27081,3010,0.021149371529755993,0.013383484144215472,0.48821626510818783,0.9425249169435216,22.368050813674927
141,500,30,5,0.6,True,0.3,0.25,22950,7650,0.027726819140191428,0.015179877917033683,0.43826318729207725,0.9139869281045752,20.016966819763184
142,1500,50,7,0.3,False,0.3,0.2,24480,6120,0.027589088941314312,0.015177797260234304,0.43480217705416335,0.9267973856209151,39.08240604400635
143,500,20,3,0.3,True,0.2,0.15,25577,4514,0.021652367911820656,0.013253838299245079,0.4734899858238515,0.923349579087284,14.450064897537231
144,2000,40,2,0.7,False,0.35,0.15,26219,4628,0.03417099546613418,0.017145038617030674,0.42706128329661186,0.8917458945548833,136.39961218833923
145,1000,None,7,0.5,True,0.225,0.1,27264,3030,0.02268831374017695,0.013416718489465837,0.47640984155614363,0.9287128712871288,39.90034198760986
146,500,30,3,0.5,False,0.225,0.15,25749,4545,0.02298740019715636,0.013525537073816346,0.46745500770914516,0.9133113311331134,22.2801992893219
147,1000,25,1,log2,True,0.225,0.2,24235,6059,0.02346227267286606,0.013842844060924044,0.4520634939731335,0.8961874896847665,35.33879089355469
148,1500,40,10,0.7,True,0.225,0.2,24235,6059,0.023557409936298464,0.014053129130353914,0.4476108248002676,0.9326621554711999,63.66398787498474
149,2000,25,5,0.3,True,0.3,0.25,22950,7650,0.027812560884432357,0.015251290434691138,0.4347836128821486,0.9220915032679738,50.98525619506836
150,2000,30,10,0.3,False,0.225,0.15,25749,4545,0.02324278260850203,0.013901909601925947,0.4555564811085203,0.9388338833883388,50.58804988861084
151,2000,30,3,log2,True,0.35,0.15,26219,4628,0.0339438503902422,0.016956288463146056,0.43465296540009124,0.9047104580812446,54.8376100063324
152,1000,30,10,0.3,False,0.25,0.25,22812,7605,0.025694290709733274,0.015015971720963528,0.42106063334664245,0.9318869165023012,22.16834783554077
153,2000,15,7,log2,True,0.3,0.1,27540,3060,0.028018088697772867,0.015860245943332463,0.4162765256836506,0.9437908496732026,38.41982316970825
154,500,15,5,sqrt,True,0.2,0.2,24072,6019,0.022484170365539007,0.014179430449508519,0.43341271539725823,0.9357036052500415,8.761145114898682
155,1000,30,3,0.7,True,0.35,0.1,27762,3085,0.033491858259042356,0.01685511071245443,0.48620131768868124,0.9027552674230146,62.437121868133545
156,2000,20,1,log2,False,0.2,0.2,24072,6019,0.02180222900738967,0.013372795395306504,0.4672605189308283,0.9174281442100016,58.01340293884277
157,500,15,2,0.5,False,0.25,0.15,25854,4563,0.025334868572703045,0.015061425683950361,0.42898586044918563,0.9314047775586237,17.51006007194519
158,2000,None,10,0.3,True,0.2,0.15,25577,4514,0.02213980641498522,0.013609879579898732,0.4495175491309725,0.9324324324324325,50.154008865356445
159,2000,40,1,0.7,False,0.35,0.15,26219,4628,0.03453744137851783,0.01733766679944202,0.41470713360730327,0.8658167675021607,163.60081315040588
160,1500,20,2,log2,False,0.25,0.2,24333,6084,0.02507333343833139,0.014479104747385639,0.4410939851106902,0.9275147928994083,36.14561676979065
161,500,50,5,0.5,False,0.225,0.15,25749,4545,0.022920132606761668,0.013573459489101667,0.47056719995306096,0.9243124312431243,20.166417837142944
162,1500,40,3,sqrt,True,0.2,0.25,22568,7523,0.02192534449322385,0.013350301850700713,0.4649962315116768,0.9015020603482653,38.438966035842896
163,2000,30,1,0.7,True,0.35,0.1,27762,3085,0.034244410593566636,0.017136068898303516,0.4628520924362013,0.8748784440842787,166.14692616462708
164,1500,20,10,sqrt,False,0.25,0.2,24333,6084,0.025627289278691675,0.015075420427343042,0.4161248746817596,0.9378698224852071,27.400208950042725
165,1500,15,5,0.4,True,0.25,0.2,24333,6084,0.025749112256286257,0.015191892765181111,0.4105606132862425,0.9386916502301118,41.184683084487915
166,500,50,2,0.6,False,0.225,0.2,24235,6059,0.023135801029504504,0.013749276074615294,0.4672062006494091,0.8966826208945371,27.85059404373169
167,1500,None,10,0.4,True,0.3,0.1,27540,3060,0.02746152844902247,0.015136946472952988,0.43923673203962466,0.931045751633987,53.10506796836853
168,1000,None,5,log2,True,0.25,0.25,22812,7605,0.02543098949845744,0.01469473658167543,0.43286515445244944,0.9204470742932281,21.294373989105225
169,500,15,3,0.5,True,0.25,0.25,22812,7605,0.025924600930620906,0.01525437498845295,0.4106354980078192,0.9349112426035503,15.3574059009552
170,1500,20,10,0.3,True,0.35,0.1,27762,3085,0.03559213322263236,0.017950874069674435,0.419740133624658,0.9354943273905997,41.55646729469299
171,2000,15,2,sqrt,False,0.225,0.15,25749,4545,0.023372630625088077,0.014249846646337244,0.4494563179577534,0.9425742574257425,42.71210789680481
172,2000,25,1,sqrt,False,0.2,0.25,22568,7523,0.02213939832320653,0.01346057636837445,0.4544989164477351,0.890868004785325,70.25972104072571
173,1500,25,10,0.5,True,0.35,0.1,27762,3085,0.03523340441039781,0.01769038336692521,0.4313779268473227,0.9296596434359805,60.8707549571991
174,1500,25,10,0.3,True,0.225,0.2,24235,6059,0.02370327888059066,0.014188456231972915,0.4407487891895605,0.9357979864664135,36.27043604850769
175,500,30,2,log2,False,0.2,0.2,24072,6019,0.021618813073129867,0.013216754030678918,0.4761863855644405,0.8991526831699618,15.229263067245483
176,2000,20,7,sqrt,False,0.25,0.2,24333,6084,0.02538758859757357,0.014851071663527783,0.4269961564087833,0.9362261669953977,39.36624717712402
177,500,25,7,sqrt,True,0.225,0.2,24235,6059,0.023555093441424757,0.014080723674616099,0.4477194567578271,0.9320019805248391,9.973953008651733
178,500,15,7,0.7,False,0.3,0.25,22950,7650,0.028537803543443797,0.016220323082681995,0.40492202777118136,0.9328104575163398,18.542500972747803
179,1000,25,5,sqrt,True,0.3,0.1,27540,3060,0.027128348898668553,0.014911031470993668,0.4527612128923536,0.9323529411764706,24.40053701400757
180,1000,30,7,0.3,False,0.3,0.15,26010,4590,0.027307612192000057,0.015083642325075095,0.4472708649893181,0.9291938997821351,27.71527886390686
181,1500,15,1,0.7,False,0.35,0.1,27762,3085,0.03536706434324092,0.018392515463311495,0.4270555431136335,0.9351701782820098,77.2247519493103
182,1500,None,10,0.5,False,0.25,0.2,24333,6084,0.025299331955942656,0.014719816841795998,0.43097317787757217,0.9319526627218935,51.67705798149109
183,500,30,5,0.4,True,0.225,0.1,27264,3030,0.02258328562018565,0.013311479824339254,0.48124619983324846,0.9240924092409241,20.096115827560425
184,2000,30,3,0.5,True,0.3,0.1,27540,3060,0.026863755368581307,0.014632992513051888,0.46338402797210954,0.911437908496732,102.2658748626709
185,1500,15,1,0.7,True,0.35,0.2,24677,6170,0.035328305504021586,0.017930339525989204,0.3812576068492064,0.9307941653160454,67.53803968429565
186,1000,50,7,0.6,True,0.2,0.25,22568,7523,0.02212026997459411,0.013521977952606429,0.4554411305987135,0.9179848464708228,37.60769510269165
187,1000,50,3,0.6,False,0.25,0.2,24333,6084,0.025063915281511667,0.014349240389355202,0.44151378376973827,0.9045036160420776,48.4800169467926
188,2000,15,2,log2,False,0.35,0.25,23135,7712,0.034483861990994936,0.018018484693060537,0.3902589473615664,0.9380186721991701,36.598252058029175
189,500,50,1,log2,False,0.25,0.15,25854,4563,0.025630448407816548,0.014577799327796572,0.41558418540287567,0.8665351742274819,22.87248706817627
190,1500,30,5,0.3,True,0.2,0.25,22568,7523,0.021995804255488666,0.013446469466605885,0.4615521069211229,0.9143958527183305,39.106261014938354
191,2000,None,5,0.4,False,0.35,0.2,24677,6170,0.03430551007011413,0.017057257984877523,0.41656561608738596,0.9168557536466775,73.90222001075745
192,2000,20,2,sqrt,False,0.3,0.25,22950,7650,0.02796308665230344,0.015377228673853495,0.42864898450862166,0.9256209150326797,46.141700744628906
193,1000,40,2,0.7,False,0.225,0.15,25749,4545,0.02313984574611613,0.01363445801029207,0.46036822909539676,0.9020902090209021,65.28499007225037
194,500,25,3,0.7,True,0.3,0.1,27540,3060,0.026935800420776056,0.014677341168515275,0.46050190174663863,0.9156862745098039,29.96746015548706
195,2000,None,3,0.4,False,0.25,0.25,22812,7605,0.025170507010139224,0.01448644154059071,0.4444236605816293,0.908612754766601,73.07515025138855
196,2000,30,5,0.6,False,0.3,0.25,22950,7650,0.02782586539183846,0.015273665962731166,0.4342427260312187,0.9184313725490196,81.33673095703125
197,1000,40,1,0.6,False,0.3,0.15,26010,4590,0.02795708646975348,0.015220844522878845,0.42066639164829467,0.8684095860566449,74.21502828598022
198,2000,None,1,0.6,False,0.25,0.25,22812,7605,0.025900904423828114,0.014807373714322294,0.41171242853972734,0.8704799474030244,127.68550395965576
199,1500,20,2,sqrt,True,0.35,0.1,27762,3085,0.034026243959162226,0.017191583195014307,0.46967448799060274,0.9225283630470016,43.28848695755005
200,2000,30,5,log2,False,0.35,0.2,24677,6170,0.034368162034571284,0.01713348348996857,0.4144326241123931,0.9220421393841167,45.62050485610962
