feature,sigma,cv_r2
MOHO_GRAV,0.1,0.33063049865147665
MOHO_GRAV,0.13223761271250095,0.3356570315139658
MOHO_GRAV,0.174867862159014,0.3368475629264101
MOHO_GRAV,0.23124108632046694,0.3420502355245322
MOHO_GRAV,0.3057876921606392,0.3383600572841138
MOHO_GRAV,0.4043663440818807,0.3399909866820891
MOHO_GRAV,0.5347244000266965,0.33985981787334507
MOHO_GRAV,0.7071067811865475,0.341004730009919
MOHO_GRAV,0.9350611267692983,0.341992475644453
MOHO_GRAV,1.2365025114423323,0.3418590781292378
MOHO_GRAV,1.6351214022614597,0.3418201795171571
MOHO_GRAV,2.1622455073017246,0.341845600044988
MOHO_GRAV,2.8593018398391052,0.3416933746993873
MOHO_GRAV,3.7810724932478514,0.3416748497901656
MOHO_GRAV,5.000000000000001,0.3417063421358425
MOHO,0.1,0.3362462602523363
MOHO,0.13223761271250095,0.3431758547611313
MOHO,0.174867862159014,0.3406222871747381
MOHO,0.23124108632046694,0.34088417952686567
MOHO,0.3057876921606392,0.3426140277913398
MOHO,0.4043663440818807,0.33944755778779645
MOHO,0.5347244000266965,0.33884652965558926
MOHO,0.7071067811865475,0.34126645236172
MOHO,0.9350611267692983,0.3408824524786791
MOHO,1.2365025114423323,0.3424636527060915
MOHO,1.6351214022614597,0.34149908996493067
MOHO,2.1622455073017246,0.33996015678864033
MOHO,2.8593018398391052,0.33982674818651004
MOHO,3.7810724932478514,0.33982567378374595
MOHO,5.000000000000001,0.33982567378374595
DEM,0.1,0.34561205538323947
DEM,0.13223761271250095,0.34256261165130863
DEM,0.174867862159014,0.33909697953479884
DEM,0.23124108632046694,0.3354046408080081
DEM,0.3057876921606392,0.3363350625598774
DEM,0.4043663440818807,0.33664996509242917
DEM,0.5347244000266965,0.33484783191727036
DEM,0.7071067811865475,0.3341018969126161
DEM,0.9350611267692983,0.3334034910090164
DEM,1.2365025114423323,0.3334207782017269
DEM,1.6351214022614597,0.33258536380737025
DEM,2.1622455073017246,0.33181287507272844
DEM,2.8593018398391052,0.33185288625165904
DEM,3.7810724932478514,0.33185288625165904
DEM,5.000000000000001,0.33198626559805533
LAB,0.1,0.3398634174452342
LAB,0.13223761271250095,0.34013985955115283
LAB,0.174867862159014,0.33991478009395343
LAB,0.23124108632046694,0.3445378272596418
LAB,0.3057876921606392,0.34269621515323184
LAB,0.4043663440818807,0.3438659765519574
LAB,0.5347244000266965,0.34372597561331103
LAB,0.7071067811865475,0.3435104550662173
LAB,0.9350611267692983,0.34258253656289517
LAB,1.2365025114423323,0.3424239864936869
LAB,1.6351214022614597,0.34219666005134813
LAB,2.1622455073017246,0.34175876724762444
LAB,2.8593018398391052,0.3416621391808327
LAB,3.7810724932478514,0.3416933746993873
LAB,5.000000000000001,0.3416933746993873
CTD,0.1,0.3395759934201724
CTD,0.13223761271250095,0.3395628176447803
CTD,0.174867862159014,0.34094573450044285
CTD,0.23124108632046694,0.3421921435033083
CTD,0.3057876921606392,0.34337715181674827
CTD,0.4043663440818807,0.34110893481919813
CTD,0.5347244000266965,0.3417070410073363
CTD,0.7071067811865475,0.3430730197631566
CTD,0.9350611267692983,0.34232723692005235
CTD,1.2365025114423323,0.34280382958702593
CTD,1.6351214022614597,0.3432887565628017
CTD,2.1622455073017246,0.34308917054106336
CTD,2.8593018398391052,0.343045125647537
CTD,3.7810724932478514,0.3429541308364663
CTD,5.000000000000001,0.34273531793397793
EMAG2_LOG,0.1,0.3169585581641735
EMAG2_LOG,0.13223761271250095,0.32515730476465077
EMAG2_LOG,0.174867862159014,0.3298816496130575
EMAG2_LOG,0.23124108632046694,0.3363065027495016
EMAG2_LOG,0.3057876921606392,0.34015168773345084
EMAG2_LOG,0.4043663440818807,0.34200023469600394
EMAG2_LOG,0.5347244000266965,0.3413099170776021
EMAG2_LOG,0.7071067811865475,0.34338439289958467
EMAG2_LOG,0.9350611267692983,0.3416884613303887
EMAG2_LOG,1.2365025114423323,0.3405127428808798
EMAG2_LOG,1.6351214022614597,0.3402822132622217
EMAG2_LOG,2.1622455073017246,0.33996280718674665
EMAG2_LOG,2.8593018398391052,0.3402549285592496
EMAG2_LOG,3.7810724932478514,0.3402021033598592
EMAG2_LOG,5.000000000000001,0.3400963038573506
FREE_AIR,0.1,0.33085198647347547
FREE_AIR,0.13223761271250095,0.3382771760721843
FREE_AIR,0.174867862159014,0.339654473369356
FREE_AIR,0.23124108632046694,0.34237320235007723
FREE_AIR,0.3057876921606392,0.3423871506455645
FREE_AIR,0.4043663440818807,0.3396650537482437
FREE_AIR,0.5347244000266965,0.3379869023110492
FREE_AIR,0.7071067811865475,0.3375885547722923
FREE_AIR,0.9350611267692983,0.3355199884811106
FREE_AIR,1.2365025114423323,0.3348209856490342
FREE_AIR,1.6351214022614597,0.33380100700194887
FREE_AIR,2.1622455073017246,0.3333596612939277
FREE_AIR,2.8593018398391052,0.3326840188966692
FREE_AIR,3.7810724932478514,0.33187021440177783
FREE_AIR,5.000000000000001,0.332550202628636
BOUGUER,0.1,0.3389019342064727
BOUGUER,0.13223761271250095,0.34181572278380956
BOUGUER,0.174867862159014,0.3413101857652977
BOUGUER,0.23124108632046694,0.3420118816598858
BOUGUER,0.3057876921606392,0.3421230783883
BOUGUER,0.4043663440818807,0.34242779792979405
BOUGUER,0.5347244000266965,0.34231653659401884
BOUGUER,0.7071067811865475,0.34221463636979177
BOUGUER,0.9350611267692983,0.3424243643422859
BOUGUER,1.2365025114423323,0.342518380444342
BOUGUER,1.6351214022614597,0.34245913892480095
BOUGUER,2.1622455073017246,0.34245913892480095
BOUGUER,2.8593018398391052,0.34245913892480095
BOUGUER,3.7810724932478514,0.34243791412718844
BOUGUER,5.000000000000001,0.34243791412718844
SI,0.1,0.33749206143620686
SI,0.13223761271250095,0.33758981754240625
SI,0.174867862159014,0.3369688801755446
SI,0.23124108632046694,0.33778965532966493
SI,0.3057876921606392,0.33809252669991946
SI,0.4043663440818807,0.3391747546408956
SI,0.5347244000266965,0.34009112690818766
SI,0.7071067811865475,0.34100684455548347
SI,0.9350611267692983,0.3395921513186525
SI,1.2365025114423323,0.34099706808451186
SI,1.6351214022614597,0.34131575902140077
SI,2.1622455073017246,0.3415162376472301
SI,2.8593018398391052,0.3417010599207405
SI,3.7810724932478514,0.34158657869405296
SI,5.000000000000001,0.34226518195585076
GEOID,0.1,0.33745214205617724
GEOID,0.13223761271250095,0.33981894634613474
GEOID,0.174867862159014,0.3418478554114356
GEOID,0.23124108632046694,0.34053409752364827
GEOID,0.3057876921606392,0.3417592426452106
GEOID,0.4043663440818807,0.3388514178812965
GEOID,0.5347244000266965,0.3385286557561725
GEOID,0.7071067811865475,0.34016347362839694
GEOID,0.9350611267692983,0.3400128044768489
GEOID,1.2365025114423323,0.3392254150818534
GEOID,1.6351214022614597,0.33906523168419056
GEOID,2.1622455073017246,0.33892715940384044
GEOID,2.8593018398391052,0.3387493202753121
GEOID,3.7810724932478514,0.3388276398851134
GEOID,5.000000000000001,0.3395106819662191
REVEAL_S50,0.1,0.33494274284081715
REVEAL_S50,0.13223761271250095,0.3404889909905993
REVEAL_S50,0.174867862159014,0.34203942659282544
REVEAL_S50,0.23124108632046694,0.34223005066476764
REVEAL_S50,0.3057876921606392,0.34253262692869446
REVEAL_S50,0.4043663440818807,0.3429307379843123
REVEAL_S50,0.5347244000266965,0.34386066699899887
REVEAL_S50,0.7071067811865475,0.3432175190591501
REVEAL_S50,0.9350611267692983,0.3436164119300935
REVEAL_S50,1.2365025114423323,0.34388764786119674
REVEAL_S50,1.6351214022614597,0.34369434081634215
REVEAL_S50,2.1622455073017246,0.3437750742603517
REVEAL_S50,2.8593018398391052,0.3436217912390506
REVEAL_S50,3.7810724932478514,0.3436297505381553
REVEAL_S50,5.000000000000001,0.3436140043653169
REVEAL_S100,0.1,0.3427376180498258
REVEAL_S100,0.13223761271250095,0.34259463880082025
REVEAL_S100,0.174867862159014,0.340695043284513
REVEAL_S100,0.23124108632046694,0.34158977845144
REVEAL_S100,0.3057876921606392,0.34243571038909304
REVEAL_S100,0.4043663440818807,0.34145901740653584
REVEAL_S100,0.5347244000266965,0.34195009434297935
REVEAL_S100,0.7071067811865475,0.34271062324527723
REVEAL_S100,0.9350611267692983,0.3421053378644438
REVEAL_S100,1.2365025114423323,0.3413650157418841
REVEAL_S100,1.6351214022614597,0.34143638226119444
REVEAL_S100,2.1622455073017246,0.3411668830381383
REVEAL_S100,2.8593018398391052,0.3417609067204495
REVEAL_S100,3.7810724932478514,0.3417489830349585
REVEAL_S100,5.000000000000001,0.3418129398051605
REVEAL_S140,0.1,0.3332051660089843
REVEAL_S140,0.13223761271250095,0.3372791314977811
REVEAL_S140,0.174867862159014,0.33913857468601166
REVEAL_S140,0.23124108632046694,0.338317015208895
REVEAL_S140,0.3057876921606392,0.34179490373889526
REVEAL_S140,0.4043663440818807,0.3419033532640812
REVEAL_S140,0.5347244000266965,0.34128654892512755
REVEAL_S140,0.7071067811865475,0.3415009758780767
REVEAL_S140,0.9350611267692983,0.34175913716737594
REVEAL_S140,1.2365025114423323,0.34185192552393373
REVEAL_S140,1.6351214022614597,0.341928645246825
REVEAL_S140,2.1622455073017246,0.34173388447964814
REVEAL_S140,2.8593018398391052,0.34169741138131016
REVEAL_S140,3.7810724932478514,0.3419614844693954
REVEAL_S140,5.000000000000001,0.3422374068383581
REVEAL_S200,0.1,0.33539771465203694
REVEAL_S200,0.13223761271250095,0.33890181911533696
REVEAL_S200,0.174867862159014,0.34081197368263716
REVEAL_S200,0.23124108632046694,0.34026064597419053
REVEAL_S200,0.3057876921606392,0.34142111892787563
REVEAL_S200,0.4043663440818807,0.3420386192582708
REVEAL_S200,0.5347244000266965,0.3416718128355789
REVEAL_S200,0.7071067811865475,0.3420753269971863
REVEAL_S200,0.9350611267692983,0.3425863413815985
REVEAL_S200,1.2365025114423323,0.3427502270934372
REVEAL_S200,1.6351214022614597,0.34296074673545995
REVEAL_S200,2.1622455073017246,0.34265775403138266
REVEAL_S200,2.8593018398391052,0.34265775403138266
REVEAL_S200,3.7810724932478514,0.3427127112620737
REVEAL_S200,5.000000000000001,0.34272197371668456
REVEAL_S220,0.1,0.33765015464633524
REVEAL_S220,0.13223761271250095,0.34033801932630403
REVEAL_S220,0.174867862159014,0.3430339750594947
REVEAL_S220,0.23124108632046694,0.3411774071389797
REVEAL_S220,0.3057876921606392,0.3411101007967141
REVEAL_S220,0.4043663440818807,0.3399318574325038
REVEAL_S220,0.5347244000266965,0.340307601970627
REVEAL_S220,0.7071067811865475,0.33964627244188994
REVEAL_S220,0.9350611267692983,0.3386914499005435
REVEAL_S220,1.2365025114423323,0.337730567041998
REVEAL_S220,1.6351214022614597,0.33793232695782327
REVEAL_S220,2.1622455073017246,0.33793007293534055
REVEAL_S220,2.8593018398391052,0.33782881610370086
REVEAL_S220,3.7810724932478514,0.33739701850143977
REVEAL_S220,5.000000000000001,0.33732734297247646
REVEAL_P40,0.1,0.33177473296236315
REVEAL_P40,0.13223761271250095,0.3363288492229236
REVEAL_P40,0.174867862159014,0.34067956683668327
REVEAL_P40,0.23124108632046694,0.3424876774583937
REVEAL_P40,0.3057876921606392,0.3419667925211164
REVEAL_P40,0.4043663440818807,0.3413693824563511
REVEAL_P40,0.5347244000266965,0.34039058330694816
REVEAL_P40,0.7071067811865475,0.3411336179788772
REVEAL_P40,0.9350611267692983,0.34208367362580455
REVEAL_P40,1.2365025114423323,0.34191240669761164
REVEAL_P40,1.6351214022614597,0.34170275335483125
REVEAL_P40,2.1622455073017246,0.34169741138131016
REVEAL_P40,2.8593018398391052,0.3416933746993873
REVEAL_P40,3.7810724932478514,0.3416933746993873
REVEAL_P40,5.000000000000001,0.3416933746993873
REVEAL_P60,0.1,0.33210534518677076
REVEAL_P60,0.13223761271250095,0.3353738317295452
REVEAL_P60,0.174867862159014,0.3320341030286656
REVEAL_P60,0.23124108632046694,0.3358715317554856
REVEAL_P60,0.3057876921606392,0.33852700285908166
REVEAL_P60,0.4043663440818807,0.34003583877579896
REVEAL_P60,0.5347244000266965,0.3399954767324207
REVEAL_P60,0.7071067811865475,0.3409862929513271
REVEAL_P60,0.9350611267692983,0.341834923290065
REVEAL_P60,1.2365025114423323,0.34181147233336595
REVEAL_P60,1.6351214022614597,0.34191965793278917
REVEAL_P60,2.1622455073017246,0.3418211000739849
REVEAL_P60,2.8593018398391052,0.34188568688796883
REVEAL_P60,3.7810724932478514,0.3418518206114161
REVEAL_P60,5.000000000000001,0.3418518206114161
REVEAL_P120,0.1,0.339761062230696
REVEAL_P120,0.13223761271250095,0.3401010434882317
REVEAL_P120,0.174867862159014,0.3400603088031538
REVEAL_P120,0.23124108632046694,0.3418136805962552
REVEAL_P120,0.3057876921606392,0.3428965744863081
REVEAL_P120,0.4043663440818807,0.3413371920804247
REVEAL_P120,0.5347244000266965,0.34106137491356964
REVEAL_P120,0.7071067811865475,0.3405943160677799
REVEAL_P120,0.9350611267692983,0.34166651358101585
REVEAL_P120,1.2365025114423323,0.3417555700644942
REVEAL_P120,1.6351214022614597,0.3417976674401245
REVEAL_P120,2.1622455073017246,0.3418406641952062
REVEAL_P120,2.8593018398391052,0.341815505607281
REVEAL_P120,3.7810724932478514,0.34188315964967086
REVEAL_P120,5.000000000000001,0.34188315964967086
REVEAL_P210,0.1,0.3402860879835902
REVEAL_P210,0.13223761271250095,0.3441782041042439
REVEAL_P210,0.174867862159014,0.34029774712768557
REVEAL_P210,0.23124108632046694,0.34406922547068486
REVEAL_P210,0.3057876921606392,0.34412364204941437
REVEAL_P210,0.4043663440818807,0.3408392188240211
REVEAL_P210,0.5347244000266965,0.3397926235259777
REVEAL_P210,0.7071067811865475,0.33980658961613025
REVEAL_P210,0.9350611267692983,0.34009999227276655
REVEAL_P210,1.2365025114423323,0.34008195131556107
REVEAL_P210,1.6351214022614597,0.3398087065868053
REVEAL_P210,2.1622455073017246,0.33916536903131134
REVEAL_P210,2.8593018398391052,0.33917817122416666
REVEAL_P210,3.7810724932478514,0.3391726137514001
REVEAL_P210,5.000000000000001,0.3391726137514001
LITH_RHO,0.1,0.3365792859140607
LITH_RHO,0.13223761271250095,0.33831718455665516
LITH_RHO,0.174867862159014,0.34150295254245994
LITH_RHO,0.23124108632046694,0.3430263612019613
LITH_RHO,0.3057876921606392,0.34316818362341817
LITH_RHO,0.4043663440818807,0.34445189276010707
LITH_RHO,0.5347244000266965,0.34230018928915834
LITH_RHO,0.7071067811865475,0.3421166438744699
LITH_RHO,0.9350611267692983,0.3406203914444973
LITH_RHO,1.2365025114423323,0.340772069180173
LITH_RHO,1.6351214022614597,0.340788474371927
LITH_RHO,2.1622455073017246,0.34042232877948375
LITH_RHO,2.8593018398391052,0.34069252143940976
LITH_RHO,3.7810724932478514,0.34084254270162073
LITH_RHO,5.000000000000001,0.3407219204547117
CRUST_RHO,0.1,0.3371899052132288
CRUST_RHO,0.13223761271250095,0.3401337543740831
CRUST_RHO,0.174867862159014,0.3411968465790084
CRUST_RHO,0.23124108632046694,0.34178944388156224
CRUST_RHO,0.3057876921606392,0.338327733135319
CRUST_RHO,0.4043663440818807,0.3350325416455252
CRUST_RHO,0.5347244000266965,0.3313453111866752
CRUST_RHO,0.7071067811865475,0.3332801715675376
CRUST_RHO,0.9350611267692983,0.3329427872053194
CRUST_RHO,1.2365025114423323,0.33068741009441965
CRUST_RHO,1.6351214022614597,0.3323140448615535
CRUST_RHO,2.1622455073017246,0.3316186461394608
CRUST_RHO,2.8593018398391052,0.3313405615730045
CRUST_RHO,3.7810724932478514,0.33110219689849874
CRUST_RHO,5.000000000000001,0.331114650315893
MAG_SEIS_MOHO,0.1,0.3294529493275505
MAG_SEIS_MOHO,0.13223761271250095,0.33238935489886845
MAG_SEIS_MOHO,0.174867862159014,0.3395416683591944
MAG_SEIS_MOHO,0.23124108632046694,0.34281247561380357
MAG_SEIS_MOHO,0.3057876921606392,0.3415132792678798
MAG_SEIS_MOHO,0.4043663440818807,0.34246738738341687
MAG_SEIS_MOHO,0.5347244000266965,0.3412853266726677
MAG_SEIS_MOHO,0.7071067811865475,0.3411336279944372
MAG_SEIS_MOHO,0.9350611267692983,0.34051383014390807
MAG_SEIS_MOHO,1.2365025114423323,0.3406400513479425
MAG_SEIS_MOHO,1.6351214022614597,0.3414178853103797
MAG_SEIS_MOHO,2.1622455073017246,0.34132896303578947
MAG_SEIS_MOHO,2.8593018398391052,0.3418539157829986
MAG_SEIS_MOHO,3.7810724932478514,0.3417657820000766
MAG_SEIS_MOHO,5.000000000000001,0.3416933746993873
S_DIFF_200_220,0.1,0.3292158961299685
S_DIFF_200_220,0.13223761271250095,0.33315488838738994
S_DIFF_200_220,0.174867862159014,0.34018416446520583
S_DIFF_200_220,0.23124108632046694,0.34170630684389
S_DIFF_200_220,0.3057876921606392,0.3418466913088843
S_DIFF_200_220,0.4043663440818807,0.34270822995355504
S_DIFF_200_220,0.5347244000266965,0.3459953421496377
S_DIFF_200_220,0.7071067811865475,0.3441348480583268
S_DIFF_200_220,0.9350611267692983,0.34219494624760677
S_DIFF_200_220,1.2365025114423323,0.34199341144246687
S_DIFF_200_220,1.6351214022614597,0.342430390908033
S_DIFF_200_220,2.1622455073017246,0.3418471130390005
S_DIFF_200_220,2.8593018398391052,0.34144384943201594
S_DIFF_200_220,3.7810724932478514,0.3405141548988997
S_DIFF_200_220,5.000000000000001,0.34069182147070104
P_DIFF_40_60,0.1,0.3401925961808819
P_DIFF_40_60,0.13223761271250095,0.3417230194807492
P_DIFF_40_60,0.174867862159014,0.34208970006168593
P_DIFF_40_60,0.23124108632046694,0.34234268604820617
P_DIFF_40_60,0.3057876921606392,0.34234673547232847
P_DIFF_40_60,0.4043663440818807,0.34224546548135554
P_DIFF_40_60,0.5347244000266965,0.3421923799209574
P_DIFF_40_60,0.7071067811865475,0.34052850190957845
P_DIFF_40_60,0.9350611267692983,0.34072483897769035
P_DIFF_40_60,1.2365025114423323,0.34097853451416726
P_DIFF_40_60,1.6351214022614597,0.3405573493108799
P_DIFF_40_60,2.1622455073017246,0.3405249105313276
P_DIFF_40_60,2.8593018398391052,0.3407100152459085
P_DIFF_40_60,3.7810724932478514,0.3407100152459085
P_DIFF_40_60,5.000000000000001,0.3407224494398432
VP_40_VS_50,0.1,0.34165070226192884
VP_40_VS_50,0.13223761271250095,0.34145730428384047
VP_40_VS_50,0.174867862159014,0.34373858619681225
VP_40_VS_50,0.23124108632046694,0.3374774083835707
VP_40_VS_50,0.3057876921606392,0.33397061347467477
VP_40_VS_50,0.4043663440818807,0.3314756789499941
VP_40_VS_50,0.5347244000266965,0.3270794782432538
VP_40_VS_50,0.7071067811865475,0.32731034835761086
VP_40_VS_50,0.9350611267692983,0.32729212815887754
VP_40_VS_50,1.2365025114423323,0.3269996617505977
VP_40_VS_50,1.6351214022614597,0.3270961944047481
VP_40_VS_50,2.1622455073017246,0.3273938843508157
VP_40_VS_50,2.8593018398391052,0.3274272691887271
VP_40_VS_50,3.7810724932478514,0.3274280454737123
VP_40_VS_50,5.000000000000001,0.3273628375349582
VP_120_VS_140,0.1,0.34050544415330364
VP_120_VS_140,0.13223761271250095,0.33785291243122106
VP_120_VS_140,0.174867862159014,0.3406162342895591
VP_120_VS_140,0.23124108632046694,0.3397389750551082
VP_120_VS_140,0.3057876921606392,0.34165270298885914
VP_120_VS_140,0.4043663440818807,0.34253753404826615
VP_120_VS_140,0.5347244000266965,0.342989331592669
VP_120_VS_140,0.7071067811865475,0.342394157521125
VP_120_VS_140,0.9350611267692983,0.341491853894659
VP_120_VS_140,1.2365025114423323,0.3419914086046626
VP_120_VS_140,1.6351214022614597,0.34189622420078936
VP_120_VS_140,2.1622455073017246,0.3419614844693954
VP_120_VS_140,2.8593018398391052,0.3422739000776631
VP_120_VS_140,3.7810724932478514,0.3422747844442303
VP_120_VS_140,5.000000000000001,0.34274176633634845
VPVS_DIFF,0.1,0.33792093957627045
VPVS_DIFF,0.13223761271250095,0.33722154429607826
VPVS_DIFF,0.174867862159014,0.339100770558609
VPVS_DIFF,0.23124108632046694,0.340653818761922
VPVS_DIFF,0.3057876921606392,0.3394860497915857
VPVS_DIFF,0.4043663440818807,0.3412025231039079
VPVS_DIFF,0.5347244000266965,0.34059294122984424
VPVS_DIFF,0.7071067811865475,0.3414485556756384
VPVS_DIFF,0.9350611267692983,0.34191933205170016
VPVS_DIFF,1.2365025114423323,0.34200501966418667
VPVS_DIFF,1.6351214022614597,0.3421001154394917
VPVS_DIFF,2.1622455073017246,0.3426805634732757
VPVS_DIFF,2.8593018398391052,0.3425561731207222
VPVS_DIFF,3.7810724932478514,0.34313945834841625
VPVS_DIFF,5.000000000000001,0.34313945834841625
SEDIMENT,0.1,0.3430886672925784
SEDIMENT,0.13223761271250095,0.34004185851498514
SEDIMENT,0.174867862159014,0.3456724881802056
SEDIMENT,0.23124108632046694,0.34183932421650853
SEDIMENT,0.3057876921606392,0.3413246796521442
SEDIMENT,0.4043663440818807,0.3411866654190443
SEDIMENT,0.5347244000266965,0.3409945288242118
SEDIMENT,0.7071067811865475,0.3415712094319462
SEDIMENT,0.9350611267692983,0.341933966682377
SEDIMENT,1.2365025114423323,0.3417899774906892
SEDIMENT,1.6351214022614597,0.34177596188548093
SEDIMENT,2.1622455073017246,0.3423779567214229
SEDIMENT,2.8593018398391052,0.3424912983012257
SEDIMENT,3.7810724932478514,0.34239104856449654
SEDIMENT,5.000000000000001,0.342373826810781
VOLC_DIST,0.1,0.32309196095419884
VOLC_DIST,0.13223761271250095,0.3421433175805343
VOLC_DIST,0.174867862159014,0.34584587665006816
VOLC_DIST,0.23124108632046694,0.3407524879054843
VOLC_DIST,0.3057876921606392,0.34078519886627884
VOLC_DIST,0.4043663440818807,0.3370700678854476
VOLC_DIST,0.5347244000266965,0.3295195391045998
VOLC_DIST,0.7071067811865475,0.32820819846859595
VOLC_DIST,0.9350611267692983,0.3283088863858012
VOLC_DIST,1.2365025114423323,0.32305425010916367
VOLC_DIST,1.6351214022614597,0.321126195705545
VOLC_DIST,2.1622455073017246,0.32198205077135156
VOLC_DIST,2.8593018398391052,0.3225345090485449
VOLC_DIST,3.7810724932478514,0.32246607552340967
VOLC_DIST,5.000000000000001,0.32337820823857816
