label,n_feats,rmse,mae,r2,picp,elapsed,feat_names
mc0000,20,0.06290796829527612,0.036945985752646696,0.28126078122945686,0.8676236044657097,7.658254861831665,"MOHO_GRAV,MOHO_GRAV_U,CTD,FREE_AIR,BOUGUER,GEOID,REVEAL_S50,REVEAL_S100,REVEAL_S140,REVEAL_S200,REVEAL_S220,REVEAL_P40,REVEAL_P60,REVEAL_P210,CRUST_RHO,VP_40_VS_50,VPVS_DIFF,VOLC_DIST,REG,GLiM"
mc0001,13,0.06265399175555812,0.03701652682456568,0.28705255664575613,0.8708133971291866,6.913789987564087,"MOHO,MOHO_U,DEM,BOUGUER,SI,REVEAL_S100,REVEAL_S200,S_DIFF_200_220,VP_40_VS_50,VPVS_DIFF,SEDIMENT,REG,TC1"
mc0002,32,0.06205017581571636,0.036547570209730436,0.30072813071367943,0.8803827751196173,8.415001153945923,"MOHO_GRAV,MOHO_GRAV_U,MOHO,DEM,LAB,CTD,EMAG2_LOG,FREE_AIR,BOUGUER,SI,GEOID,REVEAL_S50,REVEAL_S100,REVEAL_S140,REVEAL_S200,REVEAL_S220,REVEAL_P40,REVEAL_P60,REVEAL_P120,REVEAL_P210,LITH_RHO,CRUST_RHO,MAG_SEIS_MOHO,S_DIFF_200_220,P_DIFF_40_60,VP_40_VS_50,VP_120_VS_140,VPVS_DIFF,SEDIMENT,VOLC_DIST,REG,GLiM"
mc0003,14,0.06283571471981599,0.037380684682958285,0.2829108632962256,0.8660287081339713,7.298188924789429,"MOHO_GRAV_U,MOHO,DEM,CTD,GEOID,REVEAL_S50,REVEAL_P40,REVEAL_P120,CRUST_RHO,S_DIFF_200_220,VP_120_VS_140,SEDIMENT,GLiM,TC1"
mc0004,17,0.06390766946231431,0.03773405007966994,0.258235601229838,0.8548644338118022,7.849462032318115,"MOHO_GRAV_U,MOHO_U,LAB,SI,REVEAL_S50,REVEAL_S100,REVEAL_S200,REVEAL_S220,REVEAL_P120,REVEAL_P210,LITH_RHO,MAG_SEIS_MOHO,S_DIFF_200_220,P_DIFF_40_60,VP_40_VS_50,VPVS_DIFF,SEDIMENT"
mc0005,32,0.06241064428592776,0.03677066418207356,0.29257996286786436,0.8708133971291866,9.121325969696045,"MOHO_GRAV,MOHO_GRAV_U,MOHO,MOHO_U,DEM,LAB,CTD,EMAG2_LOG,FREE_AIR,BOUGUER,SI,GEOID,REVEAL_S50,REVEAL_S100,REVEAL_S140,REVEAL_S200,REVEAL_S220,REVEAL_P40,REVEAL_P60,REVEAL_P120,REVEAL_P210,LITH_RHO,CRUST_RHO,MAG_SEIS_MOHO,S_DIFF_200_220,VP_40_VS_50,VP_120_VS_140,VPVS_DIFF,VOLC_DIST,REG,GLiM,TC1"
mc0006,22,0.06267420677446171,0.03686052835778561,0.2865924240775719,0.8787878787878788,8.289553880691528,"MOHO_GRAV,MOHO_GRAV_U,MOHO,MOHO_U,DEM,CTD,EMAG2_LOG,BOUGUER,SI,GEOID,REVEAL_S100,REVEAL_P40,CRUST_RHO,MAG_SEIS_MOHO,S_DIFF_200_220,P_DIFF_40_60,VP_40_VS_50,SEDIMENT,VOLC_DIST,REG,GLiM,TC1"
mc0007,29,0.06214077729412871,0.036668312300223944,0.2986845807081908,0.8708133971291866,8.509239673614502,"MOHO_GRAV,MOHO_GRAV_U,MOHO,MOHO_U,DEM,LAB,CTD,EMAG2_LOG,FREE_AIR,BOUGUER,SI,GEOID,REVEAL_S50,REVEAL_S100,REVEAL_S140,REVEAL_S200,REVEAL_P40,REVEAL_P60,LITH_RHO,CRUST_RHO,MAG_SEIS_MOHO,S_DIFF_200_220,P_DIFF_40_60,VP_40_VS_50,VPVS_DIFF,SEDIMENT,REG,GLiM,TC1"
mc0008,25,0.06241976133052249,0.03713410483294205,0.2923732657192638,0.8660287081339713,7.8855249881744385,"MOHO_GRAV_U,MOHO,MOHO_U,DEM,LAB,EMAG2_LOG,FREE_AIR,BOUGUER,REVEAL_S50,REVEAL_S200,REVEAL_S220,REVEAL_P40,REVEAL_P60,REVEAL_P120,REVEAL_P210,LITH_RHO,CRUST_RHO,MAG_SEIS_MOHO,S_DIFF_200_220,P_DIFF_40_60,VP_40_VS_50,VP_120_VS_140,VPVS_DIFF,REG,GLiM"
mc0009,12,0.062498541883258714,0.036994190722324044,0.2905859341559758,0.8851674641148325,6.885032892227173,"MOHO,MOHO_U,EMAG2_LOG,REVEAL_S100,REVEAL_S220,REVEAL_P60,S_DIFF_200_220,VP_120_VS_140,VPVS_DIFF,VOLC_DIST,REG,GLiM"
mc0010,15,0.06184868977451784,0.0370791819032386,0.3052620346979801,0.8835725677830941,7.259582996368408,"MOHO_GRAV_U,MOHO_U,DEM,EMAG2_LOG,FREE_AIR,BOUGUER,SI,REVEAL_S200,REVEAL_S220,REVEAL_P40,REVEAL_P120,LITH_RHO,CRUST_RHO,P_DIFF_40_60,GLiM"
mc0011,32,0.06199720231157674,0.03652690660467702,0.3019215864498779,0.8724082934609251,8.613574981689453,"MOHO_GRAV,MOHO_GRAV_U,MOHO,MOHO_U,DEM,LAB,CTD,EMAG2_LOG,FREE_AIR,BOUGUER,SI,GEOID,REVEAL_S50,REVEAL_S100,REVEAL_S140,REVEAL_S200,REVEAL_S220,REVEAL_P40,REVEAL_P60,REVEAL_P210,LITH_RHO,CRUST_RHO,S_DIFF_200_220,P_DIFF_40_60,VP_40_VS_50,VP_120_VS_140,VPVS_DIFF,SEDIMENT,VOLC_DIST,REG,GLiM,TC1"
mc0012,31,0.061968579396267424,0.03652704691222776,0.3025660163962238,0.8708133971291866,8.405838012695312,"MOHO_GRAV,MOHO_GRAV_U,MOHO,MOHO_U,DEM,CTD,EMAG2_LOG,FREE_AIR,SI,GEOID,REVEAL_S50,REVEAL_S100,REVEAL_S140,REVEAL_S200,REVEAL_S220,REVEAL_P40,REVEAL_P60,REVEAL_P120,REVEAL_P210,LITH_RHO,CRUST_RHO,MAG_SEIS_MOHO,S_DIFF_200_220,P_DIFF_40_60,VP_40_VS_50,VPVS_DIFF,SEDIMENT,VOLC_DIST,REG,GLiM,TC1"
mc0013,20,0.06157519881418258,0.03652798081175791,0.31139262404422496,0.8755980861244019,7.632452011108398,"MOHO,DEM,LAB,CTD,EMAG2_LOG,SI,GEOID,REVEAL_S50,REVEAL_S100,REVEAL_S200,REVEAL_P210,S_DIFF_200_220,P_DIFF_40_60,VP_120_VS_140,VPVS_DIFF,SEDIMENT,VOLC_DIST,REG,GLiM,TC1"
mc0014,25,0.0638134025899549,0.03783528483234557,0.26042226333170226,0.8787878787878788,7.7008631229400635,"MOHO_GRAV,MOHO,MOHO_U,LAB,EMAG2_LOG,BOUGUER,REVEAL_S50,REVEAL_S140,REVEAL_S200,REVEAL_S220,REVEAL_P40,REVEAL_P60,REVEAL_P120,REVEAL_P210,CRUST_RHO,MAG_SEIS_MOHO,S_DIFF_200_220,P_DIFF_40_60,VP_40_VS_50,VP_120_VS_140,VPVS_DIFF,SEDIMENT,REG,GLiM,TC1"
mc0015,12,0.062129084127379684,0.036792817358277684,0.29894849200560925,0.8851674641148325,6.981121778488159,"MOHO_U,DEM,LAB,CTD,SI,REVEAL_S220,REVEAL_P60,S_DIFF_200_220,VP_120_VS_140,VPVS_DIFF,VOLC_DIST,REG"
mc0016,21,0.06211228311258931,0.03682654804981448,0.2993275989684523,0.8676236044657097,7.44067907333374,"MOHO_GRAV,MOHO,LAB,EMAG2_LOG,BOUGUER,SI,GEOID,REVEAL_S50,REVEAL_S100,REVEAL_S200,REVEAL_P40,REVEAL_P60,REVEAL_P120,REVEAL_P210,CRUST_RHO,MAG_SEIS_MOHO,S_DIFF_200_220,P_DIFF_40_60,VOLC_DIST,REG,TC1"
mc0017,25,0.06245527628511519,0.036773626436631554,0.2915678002613996,0.8724082934609251,7.931082010269165,"MOHO_GRAV,MOHO_GRAV_U,MOHO,MOHO_U,DEM,LAB,CTD,FREE_AIR,BOUGUER,GEOID,REVEAL_S50,REVEAL_S100,REVEAL_S200,REVEAL_S220,REVEAL_P60,LITH_RHO,CRUST_RHO,MAG_SEIS_MOHO,P_DIFF_40_60,VP_40_VS_50,VP_120_VS_140,VPVS_DIFF,SEDIMENT,VOLC_DIST,TC1"
mc0018,29,0.06194569939314487,0.0366437811195078,0.3030809336658159,0.8692185007974481,7.825426816940308,"MOHO_GRAV,MOHO_GRAV_U,MOHO,MOHO_U,DEM,LAB,CTD,FREE_AIR,BOUGUER,SI,GEOID,REVEAL_S50,REVEAL_S100,REVEAL_S200,REVEAL_S220,REVEAL_P40,REVEAL_P60,REVEAL_P120,REVEAL_P210,LITH_RHO,CRUST_RHO,MAG_SEIS_MOHO,S_DIFF_200_220,P_DIFF_40_60,VP_120_VS_140,VPVS_DIFF,VOLC_DIST,GLiM,TC1"
mc0019,33,0.06225809895859221,0.03660395443616251,0.29603391659838496,0.8708133971291866,8.60640001296997,"MOHO_GRAV,MOHO_GRAV_U,MOHO,MOHO_U,DEM,LAB,CTD,EMAG2_LOG,FREE_AIR,BOUGUER,SI,GEOID,REVEAL_S50,REVEAL_S100,REVEAL_S140,REVEAL_S200,REVEAL_S220,REVEAL_P40,REVEAL_P60,REVEAL_P120,REVEAL_P210,LITH_RHO,MAG_SEIS_MOHO,S_DIFF_200_220,P_DIFF_40_60,VP_40_VS_50,VP_120_VS_140,VPVS_DIFF,SEDIMENT,VOLC_DIST,REG,GLiM,TC1"
mc0020,28,0.0624543906440436,0.036595178623584634,0.29158789182904066,0.8787878787878788,8.638356924057007,"MOHO_GRAV,MOHO_GRAV_U,MOHO,MOHO_U,DEM,CTD,EMAG2_LOG,FREE_AIR,BOUGUER,SI,GEOID,REVEAL_S100,REVEAL_S140,REVEAL_S200,REVEAL_S220,REVEAL_P40,REVEAL_P120,REVEAL_P210,LITH_RHO,CRUST_RHO,MAG_SEIS_MOHO,S_DIFF_200_220,P_DIFF_40_60,VP_120_VS_140,VPVS_DIFF,SEDIMENT,VOLC_DIST,GLiM"
mc0021,24,0.06308342229388991,0.037389300873026554,0.27724597892837877,0.8692185007974481,8.429257154464722,"MOHO_GRAV,MOHO_GRAV_U,MOHO_U,DEM,LAB,CTD,EMAG2_LOG,BOUGUER,GEOID,REVEAL_S100,REVEAL_S140,REVEAL_S200,REVEAL_S220,REVEAL_P60,REVEAL_P120,REVEAL_P210,LITH_RHO,MAG_SEIS_MOHO,S_DIFF_200_220,P_DIFF_40_60,VPVS_DIFF,SEDIMENT,REG,GLiM"
mc0022,20,0.06187870037725925,0.03658686731554214,0.3045876610443158,0.8755980861244019,8.000141143798828,"MOHO_GRAV,MOHO_GRAV_U,MOHO,MOHO_U,DEM,CTD,FREE_AIR,SI,GEOID,REVEAL_S50,REVEAL_S100,REVEAL_S140,REVEAL_S200,REVEAL_P60,LITH_RHO,VPVS_DIFF,SEDIMENT,VOLC_DIST,REG,TC1"
mc0023,14,0.06189431650655125,0.03735929342749664,0.3042366187878506,0.8628389154704944,7.59861421585083,"MOHO_GRAV,MOHO_GRAV_U,DEM,LAB,BOUGUER,SI,GEOID,REVEAL_S220,REVEAL_P60,REVEAL_P120,REVEAL_P210,LITH_RHO,VPVS_DIFF,TC1"
mc0024,17,0.06346561711952163,0.03732559690632437,0.26846174928771194,0.8771929824561403,8.292338371276855,"MOHO_GRAV_U,MOHO,CTD,EMAG2_LOG,SI,REVEAL_S50,REVEAL_S220,REVEAL_P40,REVEAL_P210,CRUST_RHO,MAG_SEIS_MOHO,VP_40_VS_50,VP_120_VS_140,VPVS_DIFF,SEDIMENT,GLiM,TC1"
mc0025,28,0.06283193666957529,0.037047745247875796,0.28299709187980004,0.8708133971291866,8.680017948150635,"MOHO_GRAV,MOHO_GRAV_U,MOHO,MOHO_U,LAB,CTD,FREE_AIR,BOUGUER,SI,REVEAL_S50,REVEAL_S100,REVEAL_S140,REVEAL_S200,REVEAL_P40,REVEAL_P60,REVEAL_P120,REVEAL_P210,LITH_RHO,CRUST_RHO,S_DIFF_200_220,P_DIFF_40_60,VP_40_VS_50,VP_120_VS_140,VPVS_DIFF,SEDIMENT,VOLC_DIST,REG,TC1"
mc0026,28,0.06270148987865146,0.03693317351758178,0.2859711729850398,0.861244019138756,8.207401990890503,"MOHO_GRAV,MOHO_GRAV_U,MOHO,MOHO_U,DEM,LAB,CTD,EMAG2_LOG,BOUGUER,SI,REVEAL_S50,REVEAL_S100,REVEAL_S140,REVEAL_S200,REVEAL_P60,REVEAL_P210,LITH_RHO,CRUST_RHO,MAG_SEIS_MOHO,S_DIFF_200_220,P_DIFF_40_60,VP_40_VS_50,VP_120_VS_140,VPVS_DIFF,VOLC_DIST,REG,GLiM,TC1"
mc0027,12,0.06113280281407898,0.036558581988833445,0.3212518790556056,0.8835725677830941,6.796250820159912,"MOHO_U,DEM,LAB,FREE_AIR,BOUGUER,GEOID,REVEAL_S50,REVEAL_S100,REVEAL_S200,REVEAL_P40,SEDIMENT,VOLC_DIST"
mc0028,12,0.062025744989009146,0.0370619396362177,0.3012786666778714,0.8931419457735247,6.705013036727905,"LAB,EMAG2_LOG,FREE_AIR,BOUGUER,SI,REVEAL_S50,REVEAL_S100,LITH_RHO,VPVS_DIFF,VOLC_DIST,REG,TC1"
mc0029,18,0.061543399054409746,0.036805854653303965,0.31210368613395656,0.8660287081339713,7.500408887863159,"MOHO_GRAV_U,MOHO,DEM,LAB,CTD,EMAG2_LOG,FREE_AIR,BOUGUER,SI,GEOID,REVEAL_S50,REVEAL_S100,REVEAL_P120,REVEAL_P210,LITH_RHO,CRUST_RHO,MAG_SEIS_MOHO,P_DIFF_40_60"
mc0030,28,0.062319130346129896,0.03703352998184938,0.29465304932784575,0.8755980861244019,7.828247785568237,"MOHO_GRAV,MOHO_GRAV_U,MOHO,MOHO_U,DEM,LAB,CTD,EMAG2_LOG,FREE_AIR,BOUGUER,SI,GEOID,REVEAL_S50,REVEAL_S140,REVEAL_S200,REVEAL_S220,REVEAL_P40,REVEAL_P120,LITH_RHO,CRUST_RHO,MAG_SEIS_MOHO,S_DIFF_200_220,P_DIFF_40_60,VP_40_VS_50,SEDIMENT,REG,GLiM,TC1"
mc0031,33,0.06241871420405873,0.036711114552410655,0.2923970071898816,0.8676236044657097,8.111619234085083,"MOHO_GRAV,MOHO_GRAV_U,MOHO,DEM,LAB,CTD,EMAG2_LOG,FREE_AIR,BOUGUER,SI,GEOID,REVEAL_S50,REVEAL_S100,REVEAL_S140,REVEAL_S200,REVEAL_S220,REVEAL_P40,REVEAL_P60,REVEAL_P120,REVEAL_P210,LITH_RHO,CRUST_RHO,MAG_SEIS_MOHO,S_DIFF_200_220,P_DIFF_40_60,VP_40_VS_50,VP_120_VS_140,VPVS_DIFF,SEDIMENT,VOLC_DIST,REG,GLiM,TC1"
mc0032,26,0.06260698989098541,0.03692562471428496,0.2881218353621934,0.8676236044657097,8.208098888397217,"MOHO_GRAV,MOHO_GRAV_U,MOHO,MOHO_U,DEM,LAB,CTD,FREE_AIR,BOUGUER,SI,REVEAL_S50,REVEAL_S100,REVEAL_S140,REVEAL_S200,REVEAL_S220,REVEAL_P120,REVEAL_P210,LITH_RHO,CRUST_RHO,MAG_SEIS_MOHO,S_DIFF_200_220,P_DIFF_40_60,VP_40_VS_50,VP_120_VS_140,VOLC_DIST,GLiM"
mc0033,16,0.062417182653111455,0.03729656815536645,0.29243173128672195,0.8708133971291866,7.259069919586182,"MOHO_U,DEM,LAB,CTD,SI,GEOID,REVEAL_S50,REVEAL_S220,REVEAL_P40,LITH_RHO,CRUST_RHO,MAG_SEIS_MOHO,VP_40_VS_50,SEDIMENT,GLiM,TC1"
mc0034,24,0.0632603180039953,0.037038438652891706,0.273186866734319,0.8724082934609251,8.11345100402832,"MOHO_GRAV,CTD,FREE_AIR,BOUGUER,SI,GEOID,REVEAL_S50,REVEAL_S100,REVEAL_S140,REVEAL_S220,REVEAL_P40,REVEAL_P60,REVEAL_P120,REVEAL_P210,LITH_RHO,CRUST_RHO,MAG_SEIS_MOHO,S_DIFF_200_220,P_DIFF_40_60,VP_40_VS_50,VPVS_DIFF,SEDIMENT,REG,GLiM"
mc0035,33,0.06228404327720675,0.03662720719613319,0.2954470780615278,0.8724082934609251,8.188367128372192,"MOHO_GRAV,MOHO_GRAV_U,MOHO,MOHO_U,DEM,LAB,CTD,EMAG2_LOG,FREE_AIR,BOUGUER,SI,GEOID,REVEAL_S50,REVEAL_S100,REVEAL_S140,REVEAL_S200,REVEAL_S220,REVEAL_P40,REVEAL_P60,REVEAL_P120,REVEAL_P210,LITH_RHO,CRUST_RHO,MAG_SEIS_MOHO,S_DIFF_200_220,P_DIFF_40_60,VP_40_VS_50,VP_120_VS_140,VPVS_DIFF,SEDIMENT,VOLC_DIST,REG,GLiM"
mc0036,19,0.06192172017313803,0.03660677033911783,0.3036203848707081,0.8724082934609251,7.520251989364624,"MOHO,MOHO_U,DEM,EMAG2_LOG,BOUGUER,SI,GEOID,REVEAL_S50,REVEAL_S100,REVEAL_S140,REVEAL_S200,REVEAL_P40,REVEAL_P60,REVEAL_P120,REVEAL_P210,LITH_RHO,VP_40_VS_50,VOLC_DIST,TC1"
mc0037,31,0.0620437078821167,0.0366496641909131,0.30087390333188746,0.8740031897926634,8.724272012710571,"MOHO_GRAV,MOHO,MOHO_U,DEM,LAB,CTD,EMAG2_LOG,FREE_AIR,BOUGUER,SI,GEOID,REVEAL_S50,REVEAL_S100,REVEAL_S140,REVEAL_S220,REVEAL_P40,REVEAL_P60,REVEAL_P120,REVEAL_P210,LITH_RHO,CRUST_RHO,MAG_SEIS_MOHO,P_DIFF_40_60,VP_40_VS_50,VP_120_VS_140,VPVS_DIFF,SEDIMENT,VOLC_DIST,REG,GLiM,TC1"
mc0038,31,0.06261775163579325,0.036662903907900495,0.2878770796376805,0.8755980861244019,9.266162872314453,"MOHO_GRAV,MOHO_GRAV_U,MOHO,MOHO_U,DEM,CTD,EMAG2_LOG,FREE_AIR,BOUGUER,SI,GEOID,REVEAL_S50,REVEAL_S100,REVEAL_S140,REVEAL_S200,REVEAL_S220,REVEAL_P40,REVEAL_P60,REVEAL_P120,LITH_RHO,CRUST_RHO,MAG_SEIS_MOHO,S_DIFF_200_220,P_DIFF_40_60,VP_40_VS_50,VP_120_VS_140,VPVS_DIFF,SEDIMENT,VOLC_DIST,REG,GLiM"
mc0039,22,0.06210737125833612,0.03662887510866374,0.2994384132698863,0.8771929824561403,8.148585796356201,"MOHO_GRAV,MOHO,DEM,EMAG2_LOG,FREE_AIR,REVEAL_S50,REVEAL_S200,REVEAL_S220,REVEAL_P40,REVEAL_P120,REVEAL_P210,LITH_RHO,MAG_SEIS_MOHO,S_DIFF_200_220,P_DIFF_40_60,VP_40_VS_50,VP_120_VS_140,VPVS_DIFF,SEDIMENT,VOLC_DIST,GLiM,TC1"
mc0040,14,0.06139901872882404,0.03643832548383099,0.31532749875580857,0.8787878787878788,7.661313056945801,"LAB,CTD,FREE_AIR,BOUGUER,SI,GEOID,REVEAL_S200,REVEAL_S220,REVEAL_P120,LITH_RHO,VP_40_VS_50,VP_120_VS_140,VOLC_DIST,REG"
mc0041,17,0.06243930718255578,0.03705058588689667,0.29193003003031104,0.8708133971291866,7.792927026748657,"MOHO_GRAV_U,MOHO,LAB,CTD,EMAG2_LOG,SI,REVEAL_S220,REVEAL_P60,REVEAL_P120,REVEAL_P210,CRUST_RHO,S_DIFF_200_220,P_DIFF_40_60,VP_40_VS_50,VOLC_DIST,GLiM,TC1"
mc0042,24,0.06265769048455665,0.03663805768101751,0.2869683775808358,0.8708133971291866,8.132208824157715,"MOHO_GRAV_U,MOHO,MOHO_U,CTD,EMAG2_LOG,FREE_AIR,BOUGUER,SI,REVEAL_S50,REVEAL_S100,REVEAL_S140,REVEAL_S220,REVEAL_P40,REVEAL_P60,LITH_RHO,MAG_SEIS_MOHO,S_DIFF_200_220,P_DIFF_40_60,VP_40_VS_50,VP_120_VS_140,VOLC_DIST,REG,GLiM,TC1"
mc0043,15,0.06187903114238311,0.03632252992475999,0.3045802265390082,0.8851674641148325,7.151460886001587,"MOHO,CTD,EMAG2_LOG,FREE_AIR,GEOID,REVEAL_S140,REVEAL_S220,REVEAL_P40,LITH_RHO,VP_40_VS_50,SEDIMENT,VOLC_DIST,REG,GLiM,TC1"
mc0044,27,0.061889710116913625,0.03656659275013883,0.30434017718055373,0.8740031897926634,8.221972942352295,"MOHO_GRAV,MOHO_GRAV_U,MOHO,MOHO_U,DEM,LAB,CTD,EMAG2_LOG,FREE_AIR,SI,GEOID,REVEAL_S50,REVEAL_S100,REVEAL_S200,REVEAL_P40,REVEAL_P60,REVEAL_P120,LITH_RHO,CRUST_RHO,MAG_SEIS_MOHO,S_DIFF_200_220,P_DIFF_40_60,VP_40_VS_50,VPVS_DIFF,SEDIMENT,VOLC_DIST,TC1"
mc0045,18,0.0632426937180732,0.037345887740373035,0.27359178971000364,0.8740031897926634,7.2068870067596436,"MOHO_GRAV,MOHO_U,DEM,LAB,BOUGUER,REVEAL_S50,REVEAL_S100,REVEAL_S200,REVEAL_P60,MAG_SEIS_MOHO,S_DIFF_200_220,VP_40_VS_50,VP_120_VS_140,VPVS_DIFF,SEDIMENT,REG,GLiM,TC1"
mc0046,10,0.06259664788079394,0.03790461651712802,0.2883570053700061,0.8787878787878788,6.770493745803833,"LAB,EMAG2_LOG,BOUGUER,GEOID,REVEAL_S50,REVEAL_S220,REVEAL_P120,LITH_RHO,SEDIMENT,TC1"
mc0047,31,0.062381457201920024,0.036838312754271095,0.2932414750267929,0.8708133971291866,7.959585905075073,"MOHO_GRAV,MOHO_GRAV_U,MOHO,DEM,LAB,EMAG2_LOG,BOUGUER,SI,GEOID,REVEAL_S50,REVEAL_S100,REVEAL_S140,REVEAL_S200,REVEAL_S220,REVEAL_P40,REVEAL_P60,REVEAL_P120,REVEAL_P210,LITH_RHO,CRUST_RHO,MAG_SEIS_MOHO,S_DIFF_200_220,P_DIFF_40_60,VP_40_VS_50,VP_120_VS_140,VPVS_DIFF,SEDIMENT,VOLC_DIST,REG,GLiM,TC1"
mc0048,15,0.06183241715346327,0.03691022571565751,0.30562756290760373,0.8708133971291866,7.086719989776611,"MOHO_GRAV_U,MOHO,DEM,LAB,FREE_AIR,BOUGUER,REVEAL_S100,REVEAL_S140,LITH_RHO,S_DIFF_200_220,P_DIFF_40_60,VP_120_VS_140,VPVS_DIFF,SEDIMENT,REG"
mc0049,22,0.0625445245462394,0.0367325060275807,0.2895416618542238,0.8724082934609251,7.459084987640381,"MOHO_GRAV,MOHO_GRAV_U,MOHO,FREE_AIR,BOUGUER,SI,GEOID,REVEAL_S50,REVEAL_S100,REVEAL_S200,REVEAL_S220,REVEAL_P40,REVEAL_P60,LITH_RHO,CRUST_RHO,MAG_SEIS_MOHO,VP_40_VS_50,VP_120_VS_140,SEDIMENT,VOLC_DIST,REG,TC1"
mc0050,10,0.06445683582532998,0.0378838711377656,0.24543268497982906,0.8851674641148325,6.77074122428894,"CTD,FREE_AIR,BOUGUER,REVEAL_S50,REVEAL_S200,REVEAL_S220,REVEAL_P60,VP_40_VS_50,VP_120_VS_140,SEDIMENT"
mc0051,19,0.06265182620809305,0.03712915592642859,0.2871018398535353,0.8819776714513556,7.132799863815308,"MOHO_U,DEM,LAB,CTD,EMAG2_LOG,BOUGUER,SI,REVEAL_S50,REVEAL_S140,REVEAL_S220,REVEAL_P40,REVEAL_P60,S_DIFF_200_220,VP_40_VS_50,VP_120_VS_140,VPVS_DIFF,REG,GLiM,TC1"
mc0052,31,0.06206719778777134,0.036540401928630714,0.30034442128142746,0.8740031897926634,7.981215953826904,"MOHO_GRAV,MOHO_GRAV_U,MOHO,MOHO_U,DEM,LAB,CTD,EMAG2_LOG,FREE_AIR,BOUGUER,SI,GEOID,REVEAL_S50,REVEAL_S100,REVEAL_S140,REVEAL_S200,REVEAL_S220,REVEAL_P40,REVEAL_P60,REVEAL_P210,LITH_RHO,CRUST_RHO,MAG_SEIS_MOHO,S_DIFF_200_220,VP_40_VS_50,VP_120_VS_140,VPVS_DIFF,SEDIMENT,VOLC_DIST,GLiM,TC1"
mc0053,12,0.06242872817769914,0.037459670872693356,0.292169944322181,0.8708133971291866,6.742459058761597,"MOHO_U,DEM,BOUGUER,SI,REVEAL_S200,REVEAL_S220,REVEAL_P60,REVEAL_P210,LITH_RHO,CRUST_RHO,REG,TC1"
mc0054,11,0.061451128918785305,0.03709577595774782,0.31416482367663123,0.8740031897926634,6.856939792633057,"MOHO_GRAV,MOHO_GRAV_U,LAB,FREE_AIR,BOUGUER,SI,GEOID,REVEAL_S140,REVEAL_S200,REVEAL_P60,REVEAL_P120"
mc0055,31,0.06264318746060571,0.03678770300879777,0.287298422235143,0.8692185007974481,8.68696117401123,"MOHO_GRAV,MOHO_GRAV_U,MOHO,MOHO_U,DEM,LAB,CTD,EMAG2_LOG,FREE_AIR,BOUGUER,SI,REVEAL_S100,REVEAL_S140,REVEAL_S200,REVEAL_P40,REVEAL_P60,REVEAL_P120,REVEAL_P210,LITH_RHO,CRUST_RHO,MAG_SEIS_MOHO,S_DIFF_200_220,P_DIFF_40_60,VP_40_VS_50,VP_120_VS_140,VPVS_DIFF,SEDIMENT,VOLC_DIST,REG,GLiM,TC1"
mc0056,25,0.06217876931939366,0.036945846589004246,0.2978267691616151,0.8755980861244019,7.721928358078003,"MOHO_GRAV,MOHO,MOHO_U,DEM,LAB,CTD,EMAG2_LOG,FREE_AIR,BOUGUER,GEOID,REVEAL_S100,REVEAL_S140,REVEAL_S200,REVEAL_S220,REVEAL_P40,REVEAL_P60,REVEAL_P210,LITH_RHO,MAG_SEIS_MOHO,S_DIFF_200_220,P_DIFF_40_60,VP_120_VS_140,SEDIMENT,GLiM,TC1"
mc0057,30,0.06254615711857221,0.03663735859720943,0.28950457180444766,0.8676236044657097,8.080199956893921,"MOHO_GRAV,MOHO_GRAV_U,MOHO,MOHO_U,DEM,CTD,EMAG2_LOG,FREE_AIR,SI,REVEAL_S50,REVEAL_S100,REVEAL_S140,REVEAL_S200,REVEAL_S220,REVEAL_P40,REVEAL_P60,REVEAL_P120,REVEAL_P210,LITH_RHO,CRUST_RHO,MAG_SEIS_MOHO,P_DIFF_40_60,VP_40_VS_50,VP_120_VS_140,VPVS_DIFF,SEDIMENT,VOLC_DIST,REG,GLiM,TC1"
mc0058,27,0.062172415020760485,0.03649207446913528,0.2979702776441474,0.8755980861244019,7.995240926742554,"MOHO_GRAV,MOHO,MOHO_U,DEM,CTD,EMAG2_LOG,FREE_AIR,BOUGUER,SI,GEOID,REVEAL_S50,REVEAL_S100,REVEAL_S140,REVEAL_S200,REVEAL_P40,REVEAL_P60,REVEAL_P120,REVEAL_P210,LITH_RHO,CRUST_RHO,MAG_SEIS_MOHO,S_DIFF_200_220,P_DIFF_40_60,VP_120_VS_140,SEDIMENT,VOLC_DIST,TC1"
mc0059,22,0.061483176614398526,0.03637520775842588,0.31344929025476187,0.8787878787878788,7.652834892272949,"MOHO,DEM,LAB,CTD,EMAG2_LOG,FREE_AIR,BOUGUER,SI,REVEAL_S140,REVEAL_P40,REVEAL_P60,REVEAL_P120,REVEAL_P210,LITH_RHO,CRUST_RHO,S_DIFF_200_220,VP_120_VS_140,VPVS_DIFF,SEDIMENT,VOLC_DIST,REG,TC1"
mc0060,30,0.062369068863005986,0.03658103249982023,0.29352215762531897,0.8771929824561403,8.616971969604492,"MOHO_GRAV,MOHO_GRAV_U,MOHO_U,DEM,CTD,EMAG2_LOG,FREE_AIR,BOUGUER,SI,GEOID,REVEAL_S50,REVEAL_S100,REVEAL_S140,REVEAL_S200,REVEAL_S220,REVEAL_P40,REVEAL_P60,REVEAL_P120,LITH_RHO,CRUST_RHO,MAG_SEIS_MOHO,S_DIFF_200_220,VP_40_VS_50,VP_120_VS_140,VPVS_DIFF,SEDIMENT,VOLC_DIST,REG,GLiM,TC1"
mc0061,25,0.06115861166505976,0.036172204473675904,0.32067865466262624,0.8708133971291866,8.189196825027466,"MOHO_GRAV,MOHO,DEM,LAB,CTD,EMAG2_LOG,FREE_AIR,SI,GEOID,REVEAL_S100,REVEAL_S140,REVEAL_S200,REVEAL_P40,REVEAL_P60,REVEAL_P120,CRUST_RHO,MAG_SEIS_MOHO,P_DIFF_40_60,VP_40_VS_50,VP_120_VS_140,VPVS_DIFF,VOLC_DIST,REG,GLiM,TC1"
mc0062,28,0.062081174594337665,0.03660297528957985,0.30002927730560736,0.8755980861244019,8.433788061141968,"MOHO_GRAV,MOHO_GRAV_U,MOHO,DEM,LAB,CTD,EMAG2_LOG,FREE_AIR,BOUGUER,GEOID,REVEAL_S50,REVEAL_S100,REVEAL_S140,REVEAL_S200,REVEAL_S220,REVEAL_P60,REVEAL_P120,LITH_RHO,CRUST_RHO,MAG_SEIS_MOHO,S_DIFF_200_220,P_DIFF_40_60,VP_40_VS_50,VPVS_DIFF,SEDIMENT,VOLC_DIST,REG,TC1"
mc0063,12,0.062176049495014214,0.03705916046956795,0.29788819675575196,0.8771929824561403,7.105297088623047,"MOHO,MOHO_U,DEM,EMAG2_LOG,SI,REVEAL_P40,REVEAL_P210,CRUST_RHO,VP_40_VS_50,VP_120_VS_140,VPVS_DIFF,REG"
mc0064,16,0.06309308417329959,0.03718027351699492,0.27702456744776127,0.8771929824561403,7.356011867523193,"MOHO_GRAV,MOHO_GRAV_U,DEM,SI,GEOID,REVEAL_S50,REVEAL_S140,REVEAL_S200,REVEAL_P120,REVEAL_P210,LITH_RHO,VP_40_VS_50,VPVS_DIFF,SEDIMENT,VOLC_DIST,GLiM"
mc0065,24,0.06231889509857576,0.03661463649811713,0.2946583745251281,0.8724082934609251,8.108513116836548,"MOHO_GRAV,MOHO_GRAV_U,MOHO,MOHO_U,DEM,LAB,CTD,EMAG2_LOG,BOUGUER,SI,REVEAL_S100,REVEAL_S140,REVEAL_P40,REVEAL_P60,MAG_SEIS_MOHO,S_DIFF_200_220,VP_40_VS_50,VP_120_VS_140,VPVS_DIFF,SEDIMENT,VOLC_DIST,REG,GLiM,TC1"
mc0066,10,0.06235973085479646,0.03730580379977535,0.2937336920332464,0.8692185007974481,6.780686140060425,"MOHO_GRAV,MOHO_GRAV_U,MOHO,FREE_AIR,GEOID,REVEAL_S50,REVEAL_P40,VP_40_VS_50,REG,TC1"
mc0067,27,0.06201988079508406,0.03659537617069038,0.3014107809702127,0.8787878787878788,8.154697895050049,"MOHO_GRAV,MOHO_GRAV_U,MOHO_U,DEM,LAB,EMAG2_LOG,FREE_AIR,BOUGUER,SI,GEOID,REVEAL_S50,REVEAL_S200,REVEAL_P40,REVEAL_P60,REVEAL_P120,REVEAL_P210,CRUST_RHO,S_DIFF_200_220,P_DIFF_40_60,VP_40_VS_50,VP_120_VS_140,VPVS_DIFF,SEDIMENT,VOLC_DIST,REG,GLiM,TC1"
mc0068,20,0.06247327642279526,0.03697821003211534,0.29115938913938755,0.8819776714513556,7.4929187297821045,"MOHO,CTD,EMAG2_LOG,FREE_AIR,BOUGUER,SI,REVEAL_S140,REVEAL_S200,REVEAL_S220,REVEAL_P40,REVEAL_P60,REVEAL_P120,REVEAL_P210,LITH_RHO,CRUST_RHO,P_DIFF_40_60,VP_40_VS_50,VP_120_VS_140,REG,TC1"
mc0069,26,0.061245579435054466,0.03628897701954797,0.31874528612380737,0.8771929824561403,7.5497589111328125,"MOHO_GRAV,MOHO,MOHO_U,DEM,LAB,CTD,EMAG2_LOG,FREE_AIR,BOUGUER,SI,GEOID,REVEAL_S100,REVEAL_S200,REVEAL_P40,REVEAL_P210,LITH_RHO,CRUST_RHO,MAG_SEIS_MOHO,S_DIFF_200_220,P_DIFF_40_60,VP_40_VS_50,VP_120_VS_140,VOLC_DIST,REG,GLiM,TC1"
mc0070,18,0.06287810901100457,0.03742393222202111,0.2819429188342114,0.8708133971291866,7.342231035232544,"MOHO_GRAV,MOHO_GRAV_U,MOHO_U,LAB,EMAG2_LOG,BOUGUER,SI,GEOID,REVEAL_S50,REVEAL_P60,REVEAL_P120,REVEAL_P210,MAG_SEIS_MOHO,S_DIFF_200_220,P_DIFF_40_60,VP_40_VS_50,VOLC_DIST,REG"
mc0071,25,0.06167169259758471,0.03646537118416853,0.3092327156426471,0.8692185007974481,7.606102228164673,"MOHO_GRAV,MOHO,DEM,LAB,CTD,EMAG2_LOG,FREE_AIR,GEOID,REVEAL_S50,REVEAL_S100,REVEAL_S140,REVEAL_S200,REVEAL_S220,REVEAL_P40,REVEAL_P60,REVEAL_P120,REVEAL_P210,LITH_RHO,P_DIFF_40_60,VP_40_VS_50,VPVS_DIFF,SEDIMENT,VOLC_DIST,REG,GLiM"
mc0072,10,0.06143180022847561,0.036528322809222157,0.3145961977183508,0.8787878787878788,6.738806962966919,"MOHO_GRAV,MOHO_GRAV_U,DEM,CTD,EMAG2_LOG,FREE_AIR,REVEAL_S100,MAG_SEIS_MOHO,VP_40_VS_50,REG"
mc0073,20,0.06253936069901272,0.03708736010293309,0.289658971783329,0.8644338118022329,7.392023086547852,"MOHO_GRAV,MOHO_GRAV_U,MOHO,MOHO_U,LAB,EMAG2_LOG,BOUGUER,SI,REVEAL_S50,REVEAL_S140,REVEAL_S200,REVEAL_P40,REVEAL_P60,REVEAL_P210,LITH_RHO,CRUST_RHO,S_DIFF_200_220,VPVS_DIFF,VOLC_DIST,REG"
mc0074,11,0.0628253603482558,0.037427621235034264,0.2831471746243319,0.8787878787878788,6.730826139450073,"MOHO_GRAV_U,DEM,BOUGUER,REVEAL_S140,REVEAL_S220,REVEAL_P40,LITH_RHO,S_DIFF_200_220,SEDIMENT,GLiM,TC1"
mc0075,11,0.062398625423252654,0.03699147293288886,0.29285240247155064,0.8660287081339713,6.784280776977539,"MOHO_GRAV_U,MOHO,MOHO_U,DEM,SI,REVEAL_P210,S_DIFF_200_220,VP_120_VS_140,VOLC_DIST,REG,GLiM"
mc0076,24,0.06122941561411943,0.03621821964604854,0.319104829660393,0.8740031897926634,7.687825918197632,"MOHO_GRAV,MOHO,DEM,LAB,EMAG2_LOG,FREE_AIR,BOUGUER,SI,GEOID,REVEAL_S50,REVEAL_S100,REVEAL_S200,REVEAL_S220,REVEAL_P40,REVEAL_P60,REVEAL_P210,CRUST_RHO,S_DIFF_200_220,P_DIFF_40_60,VP_120_VS_140,VPVS_DIFF,VOLC_DIST,REG,TC1"
mc0077,10,0.0627319420439881,0.037711639492157174,0.28527744133486654,0.8819776714513556,6.837453126907349,"LAB,EMAG2_LOG,REVEAL_S140,REVEAL_P120,CRUST_RHO,MAG_SEIS_MOHO,S_DIFF_200_220,VPVS_DIFF,SEDIMENT,TC1"
mc0078,22,0.06173214753921175,0.03636885165198113,0.3078777742655844,0.8692185007974481,7.462583065032959,"MOHO,DEM,EMAG2_LOG,FREE_AIR,SI,GEOID,REVEAL_S100,REVEAL_S140,REVEAL_P60,REVEAL_P120,REVEAL_P210,LITH_RHO,CRUST_RHO,MAG_SEIS_MOHO,S_DIFF_200_220,P_DIFF_40_60,VP_40_VS_50,VPVS_DIFF,SEDIMENT,VOLC_DIST,GLiM,TC1"
mc0079,14,0.0631071527947803,0.03763705201384336,0.2767021104990012,0.8755980861244019,7.049951076507568,"MOHO,MOHO_U,LAB,CTD,BOUGUER,GEOID,REVEAL_S200,REVEAL_P40,REVEAL_P60,CRUST_RHO,S_DIFF_200_220,VP_120_VS_140,VPVS_DIFF,GLiM"
mc0080,12,0.06324301981740278,0.037604966570437444,0.2735842985097663,0.8835725677830941,6.791241884231567,"MOHO_U,CTD,EMAG2_LOG,SI,REVEAL_S50,REVEAL_P210,S_DIFF_200_220,P_DIFF_40_60,VP_40_VS_50,VP_120_VS_140,REG,GLiM"
mc0081,29,0.06206561272179025,0.03675991086056375,0.30038015629557524,0.8692185007974481,7.89426589012146,"MOHO_GRAV,MOHO_GRAV_U,MOHO,MOHO_U,DEM,LAB,CTD,EMAG2_LOG,FREE_AIR,SI,GEOID,REVEAL_S50,REVEAL_S100,REVEAL_S140,REVEAL_S200,REVEAL_S220,REVEAL_P40,REVEAL_P60,REVEAL_P120,LITH_RHO,CRUST_RHO,MAG_SEIS_MOHO,S_DIFF_200_220,P_DIFF_40_60,VP_40_VS_50,VP_120_VS_140,SEDIMENT,GLiM,TC1"
mc0082,25,0.062495513619568364,0.03686146627531171,0.29065467946574763,0.8740031897926634,7.658047914505005,"MOHO_GRAV,MOHO_GRAV_U,MOHO_U,DEM,LAB,CTD,EMAG2_LOG,BOUGUER,SI,GEOID,REVEAL_S100,REVEAL_S140,REVEAL_S200,REVEAL_S220,REVEAL_P60,REVEAL_P210,CRUST_RHO,MAG_SEIS_MOHO,S_DIFF_200_220,VP_40_VS_50,VP_120_VS_140,VPVS_DIFF,SEDIMENT,REG,GLiM"
mc0083,32,0.06213966580683905,0.03657501716555594,0.2987096687819869,0.8771929824561403,8.002765893936157,"MOHO_GRAV_U,MOHO,MOHO_U,DEM,LAB,CTD,EMAG2_LOG,FREE_AIR,BOUGUER,SI,GEOID,REVEAL_S50,REVEAL_S100,REVEAL_S140,REVEAL_S200,REVEAL_S220,REVEAL_P40,REVEAL_P60,REVEAL_P120,REVEAL_P210,LITH_RHO,CRUST_RHO,MAG_SEIS_MOHO,S_DIFF_200_220,P_DIFF_40_60,VP_120_VS_140,VPVS_DIFF,SEDIMENT,VOLC_DIST,REG,GLiM,TC1"
mc0084,17,0.06381844896136711,0.03773176755268691,0.26030528691713317,0.8660287081339713,7.314882040023804,"MOHO_GRAV,MOHO_GRAV_U,MOHO,MOHO_U,CTD,GEOID,REVEAL_S50,REVEAL_S100,REVEAL_S140,REVEAL_S200,REVEAL_P60,CRUST_RHO,MAG_SEIS_MOHO,VP_40_VS_50,VP_120_VS_140,VPVS_DIFF,GLiM"
mc0085,10,0.06292929040658846,0.037360614142867364,0.280773477786445,0.8803827751196173,6.643761873245239,"MOHO_GRAV_U,MOHO_U,CTD,FREE_AIR,SI,REVEAL_S50,MAG_SEIS_MOHO,VP_120_VS_140,VPVS_DIFF,GLiM"
mc0086,14,0.06418412425963049,0.03771329399935354,0.2518042020975094,0.8835725677830941,6.634889841079712,"MOHO_U,EMAG2_LOG,BOUGUER,REVEAL_S140,REVEAL_S200,REVEAL_P40,REVEAL_P60,REVEAL_P120,REVEAL_P210,S_DIFF_200_220,P_DIFF_40_60,VP_40_VS_50,SEDIMENT,TC1"
mc0087,13,0.06358735745507052,0.037611662203191315,0.2656525706546432,0.8580542264752791,6.526484966278076,"MOHO_GRAV_U,MOHO_U,CTD,BOUGUER,SI,GEOID,REVEAL_S100,REVEAL_S140,REVEAL_S220,REVEAL_P60,REVEAL_P120,LITH_RHO,VP_40_VS_50"
mc0088,15,0.06287631216073775,0.037466132791369636,0.2819839576835903,0.8787878787878788,6.636194944381714,"MOHO,EMAG2_LOG,FREE_AIR,SI,REVEAL_S140,REVEAL_S200,REVEAL_S220,REVEAL_P60,REVEAL_P120,MAG_SEIS_MOHO,P_DIFF_40_60,VP_120_VS_140,VPVS_DIFF,SEDIMENT,TC1"
mc0089,19,0.06342481184200745,0.037661156488438124,0.2694021332765416,0.8771929824561403,6.7737791538238525,"MOHO_GRAV,MOHO_U,LAB,CTD,EMAG2_LOG,BOUGUER,GEOID,REVEAL_S50,REVEAL_S100,REVEAL_S140,REVEAL_S200,REVEAL_P60,REVEAL_P120,VP_40_VS_50,VP_120_VS_140,VPVS_DIFF,SEDIMENT,GLiM,TC1"
mc0090,17,0.06312751556431553,0.03708803962313719,0.27623526248659325,0.8771929824561403,6.961333990097046,"MOHO_GRAV,MOHO_GRAV_U,CTD,EMAG2_LOG,BOUGUER,GEOID,REVEAL_S50,REVEAL_S100,REVEAL_S140,REVEAL_S220,REVEAL_P40,MAG_SEIS_MOHO,VP_40_VS_50,VP_120_VS_140,SEDIMENT,VOLC_DIST,TC1"
mc0091,14,0.06139724632204584,0.03710632252874315,0.3153670270965493,0.8724082934609251,6.687963008880615,"MOHO_GRAV,MOHO_GRAV_U,MOHO,MOHO_U,DEM,LAB,CTD,FREE_AIR,SI,GEOID,REVEAL_S140,REVEAL_P210,LITH_RHO,P_DIFF_40_60"
mc0092,17,0.06293933411247744,0.03686805282706724,0.2805438779904771,0.8724082934609251,6.809818983078003,"MOHO_GRAV_U,MOHO,CTD,FREE_AIR,BOUGUER,GEOID,REVEAL_S140,REVEAL_S220,REVEAL_P40,CRUST_RHO,MAG_SEIS_MOHO,VP_40_VS_50,VP_120_VS_140,SEDIMENT,VOLC_DIST,GLiM,TC1"
mc0093,32,0.06259530433063788,0.036667225147631356,0.28838755390025106,0.8708133971291866,7.54303503036499,"MOHO_GRAV,MOHO_GRAV_U,MOHO,MOHO_U,DEM,CTD,EMAG2_LOG,FREE_AIR,BOUGUER,SI,GEOID,REVEAL_S50,REVEAL_S100,REVEAL_S140,REVEAL_S200,REVEAL_S220,REVEAL_P40,REVEAL_P60,REVEAL_P120,REVEAL_P210,LITH_RHO,CRUST_RHO,S_DIFF_200_220,P_DIFF_40_60,VP_40_VS_50,VP_120_VS_140,VPVS_DIFF,SEDIMENT,VOLC_DIST,REG,GLiM,TC1"
mc0094,19,0.062187295908446,0.03629319383123823,0.29763417760158306,0.8771929824561403,6.892618894577026,"MOHO_GRAV,MOHO_GRAV_U,MOHO,DEM,FREE_AIR,BOUGUER,SI,REVEAL_S100,REVEAL_S140,REVEAL_S200,REVEAL_S220,REVEAL_P40,REVEAL_P60,REVEAL_P210,VPVS_DIFF,SEDIMENT,VOLC_DIST,REG,TC1"
mc0095,24,0.06239159968955185,0.03667936909761841,0.2930116351782427,0.8771929824561403,7.360548973083496,"MOHO_GRAV,MOHO_GRAV_U,MOHO,MOHO_U,CTD,EMAG2_LOG,FREE_AIR,REVEAL_S50,REVEAL_S100,REVEAL_S140,REVEAL_S200,REVEAL_S220,REVEAL_P60,REVEAL_P120,LITH_RHO,CRUST_RHO,MAG_SEIS_MOHO,P_DIFF_40_60,VP_120_VS_140,SEDIMENT,VOLC_DIST,REG,GLiM,TC1"
mc0096,21,0.06284295660381169,0.03666372941616229,0.28274556317607646,0.8915470494417863,6.998550653457642,"MOHO_U,CTD,EMAG2_LOG,FREE_AIR,BOUGUER,SI,GEOID,REVEAL_S50,REVEAL_S200,REVEAL_P40,REVEAL_P60,REVEAL_P120,REVEAL_P210,S_DIFF_200_220,P_DIFF_40_60,VP_40_VS_50,VPVS_DIFF,SEDIMENT,VOLC_DIST,REG,GLiM"
mc0097,21,0.06201833802032369,0.036995280572248795,0.3014455360324989,0.8740031897926634,7.159181118011475,"MOHO_GRAV,MOHO,MOHO_U,DEM,LAB,FREE_AIR,BOUGUER,SI,GEOID,REVEAL_S200,REVEAL_S220,REVEAL_P40,REVEAL_P60,REVEAL_P120,MAG_SEIS_MOHO,S_DIFF_200_220,P_DIFF_40_60,VP_40_VS_50,VP_120_VS_140,VPVS_DIFF,REG"
mc0098,16,0.06281615567940863,0.03727195755966299,0.28335721431089544,0.8660287081339713,6.571022987365723,"MOHO_GRAV_U,MOHO,LAB,BOUGUER,REVEAL_S100,REVEAL_S220,LITH_RHO,CRUST_RHO,S_DIFF_200_220,P_DIFF_40_60,VPVS_DIFF,SEDIMENT,VOLC_DIST,REG,GLiM,TC1"
mc0099,26,0.06219010115797248,0.03689615401144385,0.29757080916589296,0.8755980861244019,7.507929086685181,"MOHO_GRAV,MOHO_GRAV_U,MOHO_U,DEM,LAB,CTD,EMAG2_LOG,FREE_AIR,SI,GEOID,REVEAL_S50,REVEAL_S100,REVEAL_S200,REVEAL_P40,REVEAL_P60,REVEAL_P120,REVEAL_P210,LITH_RHO,CRUST_RHO,MAG_SEIS_MOHO,VP_40_VS_50,VP_120_VS_140,VPVS_DIFF,SEDIMENT,REG,GLiM"
mc0100,16,0.06214028083878205,0.03686096633154785,0.29869578656733686,0.8724082934609251,6.695921182632446,"MOHO_GRAV,MOHO,LAB,CTD,EMAG2_LOG,GEOID,REVEAL_S100,REVEAL_P40,REVEAL_P210,CRUST_RHO,P_DIFF_40_60,VP_120_VS_140,VOLC_DIST,REG,GLiM,TC1"
mc0101,21,0.06296053237463428,0.037574334133851015,0.2800591640022905,0.8771929824561403,7.304229021072388,"MOHO_GRAV,MOHO_U,CTD,EMAG2_LOG,FREE_AIR,SI,REVEAL_S50,REVEAL_S140,REVEAL_S200,REVEAL_S220,REVEAL_P120,REVEAL_P210,LITH_RHO,CRUST_RHO,MAG_SEIS_MOHO,S_DIFF_200_220,VP_40_VS_50,VPVS_DIFF,REG,GLiM,TC1"
mc0102,29,0.06270789515895582,0.03668483238920221,0.28582528208524216,0.8708133971291866,8.106762170791626,"MOHO_GRAV,MOHO_GRAV_U,MOHO,MOHO_U,DEM,LAB,CTD,FREE_AIR,BOUGUER,SI,GEOID,REVEAL_S50,REVEAL_S100,REVEAL_S140,REVEAL_S200,REVEAL_S220,REVEAL_P40,REVEAL_P210,CRUST_RHO,MAG_SEIS_MOHO,S_DIFF_200_220,P_DIFF_40_60,VP_40_VS_50,VP_120_VS_140,VPVS_DIFF,SEDIMENT,VOLC_DIST,REG,TC1"
mc0103,33,0.06221518699886315,0.03656505226066018,0.2970040121831574,0.8755980861244019,8.238515853881836,"MOHO_GRAV,MOHO_GRAV_U,MOHO,MOHO_U,DEM,LAB,CTD,EMAG2_LOG,FREE_AIR,BOUGUER,SI,GEOID,REVEAL_S50,REVEAL_S100,REVEAL_S140,REVEAL_S200,REVEAL_S220,REVEAL_P60,REVEAL_P120,REVEAL_P210,LITH_RHO,CRUST_RHO,MAG_SEIS_MOHO,S_DIFF_200_220,P_DIFF_40_60,VP_40_VS_50,VP_120_VS_140,VPVS_DIFF,SEDIMENT,VOLC_DIST,REG,GLiM,TC1"
mc0104,19,0.06302470363798887,0.03707258929648863,0.27859084551107194,0.8740031897926634,7.289830923080444,"DEM,CTD,BOUGUER,GEOID,REVEAL_S50,REVEAL_S140,REVEAL_S200,REVEAL_P40,REVEAL_P120,REVEAL_P210,LITH_RHO,MAG_SEIS_MOHO,S_DIFF_200_220,P_DIFF_40_60,VP_40_VS_50,VP_120_VS_140,SEDIMENT,VOLC_DIST,GLiM"
mc0105,29,0.06257309967991745,0.036804049722850334,0.28889232988599634,0.8708133971291866,7.6978490352630615,"MOHO_GRAV,MOHO,MOHO_U,DEM,CTD,FREE_AIR,BOUGUER,GEOID,REVEAL_S50,REVEAL_S100,REVEAL_S140,REVEAL_S200,REVEAL_S220,REVEAL_P60,REVEAL_P120,REVEAL_P210,LITH_RHO,CRUST_RHO,MAG_SEIS_MOHO,S_DIFF_200_220,P_DIFF_40_60,VP_40_VS_50,VP_120_VS_140,VPVS_DIFF,SEDIMENT,VOLC_DIST,REG,GLiM,TC1"
mc0106,29,0.06284386843651253,0.03736184428227263,0.2827247487258834,0.8516746411483254,7.447237253189087,"MOHO_GRAV,MOHO_GRAV_U,MOHO_U,DEM,LAB,CTD,EMAG2_LOG,BOUGUER,SI,GEOID,REVEAL_S50,REVEAL_S100,REVEAL_S140,REVEAL_S200,REVEAL_S220,REVEAL_P40,REVEAL_P60,REVEAL_P120,REVEAL_P210,LITH_RHO,CRUST_RHO,MAG_SEIS_MOHO,S_DIFF_200_220,P_DIFF_40_60,VP_40_VS_50,VP_120_VS_140,VPVS_DIFF,REG,GLiM"
mc0107,11,0.06158861513735061,0.03697979077788562,0.3110925166716342,0.8676236044657097,6.488973140716553,"MOHO_GRAV,MOHO_GRAV_U,DEM,EMAG2_LOG,SI,REVEAL_S140,REVEAL_P120,REVEAL_P210,CRUST_RHO,MAG_SEIS_MOHO,P_DIFF_40_60"
mc0108,26,0.06147996735313325,0.036358019160324266,0.31352096069265945,0.8692185007974481,7.2593231201171875,"MOHO,MOHO_U,DEM,LAB,EMAG2_LOG,FREE_AIR,BOUGUER,SI,GEOID,REVEAL_S100,REVEAL_S140,REVEAL_S200,REVEAL_S220,REVEAL_P40,REVEAL_P60,REVEAL_P120,REVEAL_P210,CRUST_RHO,S_DIFF_200_220,P_DIFF_40_60,VP_40_VS_50,VP_120_VS_140,VPVS_DIFF,VOLC_DIST,GLiM,TC1"
mc0109,10,0.062267116438313834,0.03735364389659939,0.2958299765581017,0.8692185007974481,6.5044708251953125,"MOHO_U,DEM,LAB,BOUGUER,SI,REVEAL_P60,MAG_SEIS_MOHO,VP_120_VS_140,REG,TC1"
mc0110,20,0.06297959830618281,0.0372422995808852,0.2796230679112882,0.8692185007974481,7.064947128295898,"MOHO_GRAV,MOHO_GRAV_U,MOHO,DEM,BOUGUER,SI,GEOID,REVEAL_S50,REVEAL_S100,REVEAL_S140,REVEAL_S220,REVEAL_P60,REVEAL_P120,LITH_RHO,CRUST_RHO,S_DIFF_200_220,P_DIFF_40_60,VP_120_VS_140,SEDIMENT,GLiM"
mc0111,21,0.06138331533611422,0.03624261263326974,0.31567767719396655,0.8803827751196173,7.10421895980835,"MOHO_GRAV_U,MOHO,DEM,LAB,CTD,EMAG2_LOG,FREE_AIR,BOUGUER,SI,GEOID,REVEAL_S100,REVEAL_S140,REVEAL_S200,REVEAL_S220,REVEAL_P40,REVEAL_P60,REVEAL_P120,VP_40_VS_50,VPVS_DIFF,VOLC_DIST,REG"
mc0112,33,0.06209996243777546,0.03658745399542417,0.2996055440114951,0.8755980861244019,7.472230911254883,"MOHO_GRAV,MOHO_GRAV_U,MOHO_U,DEM,LAB,CTD,EMAG2_LOG,FREE_AIR,BOUGUER,SI,GEOID,REVEAL_S50,REVEAL_S100,REVEAL_S140,REVEAL_S200,REVEAL_S220,REVEAL_P40,REVEAL_P60,REVEAL_P120,REVEAL_P210,LITH_RHO,CRUST_RHO,MAG_SEIS_MOHO,S_DIFF_200_220,P_DIFF_40_60,VP_40_VS_50,VP_120_VS_140,VPVS_DIFF,SEDIMENT,VOLC_DIST,REG,GLiM,TC1"
mc0113,27,0.061711103239626,0.03674215303649231,0.30834957851760403,0.8771929824561403,7.326531887054443,"MOHO_GRAV,MOHO_GRAV_U,MOHO_U,DEM,LAB,CTD,EMAG2_LOG,FREE_AIR,BOUGUER,SI,GEOID,REVEAL_S50,REVEAL_S140,REVEAL_S200,REVEAL_S220,REVEAL_P60,REVEAL_P120,REVEAL_P210,LITH_RHO,S_DIFF_200_220,P_DIFF_40_60,VP_120_VS_140,VPVS_DIFF,VOLC_DIST,REG,GLiM,TC1"
mc0114,30,0.06246833518149036,0.03684923948038289,0.29127151432924925,0.8644338118022329,7.56197714805603,"MOHO_GRAV_U,MOHO,MOHO_U,DEM,LAB,CTD,BOUGUER,SI,GEOID,REVEAL_S50,REVEAL_S100,REVEAL_S200,REVEAL_S220,REVEAL_P40,REVEAL_P60,REVEAL_P120,REVEAL_P210,LITH_RHO,CRUST_RHO,MAG_SEIS_MOHO,S_DIFF_200_220,P_DIFF_40_60,VP_40_VS_50,VP_120_VS_140,VPVS_DIFF,SEDIMENT,VOLC_DIST,REG,GLiM,TC1"
mc0115,29,0.06191233597692635,0.036407844661410435,0.30383144062766176,0.8740031897926634,7.335522174835205,"MOHO_GRAV,MOHO,MOHO_U,DEM,CTD,EMAG2_LOG,FREE_AIR,SI,GEOID,REVEAL_S50,REVEAL_S100,REVEAL_S140,REVEAL_S220,REVEAL_P40,REVEAL_P60,REVEAL_P210,LITH_RHO,CRUST_RHO,MAG_SEIS_MOHO,S_DIFF_200_220,P_DIFF_40_60,VP_40_VS_50,VP_120_VS_140,VPVS_DIFF,SEDIMENT,VOLC_DIST,REG,GLiM,TC1"
mc0116,26,0.06261229378157147,0.03700929925370686,0.28800121356463215,0.8740031897926634,7.162548065185547,"MOHO_GRAV,MOHO_GRAV_U,MOHO,MOHO_U,CTD,EMAG2_LOG,FREE_AIR,SI,GEOID,REVEAL_S50,REVEAL_S100,REVEAL_S140,REVEAL_S200,REVEAL_S220,REVEAL_P60,REVEAL_P120,REVEAL_P210,CRUST_RHO,S_DIFF_200_220,P_DIFF_40_60,VP_40_VS_50,VPVS_DIFF,VOLC_DIST,REG,GLiM,TC1"
mc0117,10,0.06391588186408208,0.038026094540210394,0.2580449493499216,0.8708133971291866,6.437366962432861,"MOHO_GRAV_U,REVEAL_S100,REVEAL_S140,REVEAL_S220,REVEAL_P40,REVEAL_P120,CRUST_RHO,P_DIFF_40_60,SEDIMENT,GLiM"
mc0118,27,0.06251749529089037,0.03675204295276202,0.29015559282755865,0.8755980861244019,7.612263202667236,"MOHO_GRAV_U,MOHO,MOHO_U,DEM,LAB,EMAG2_LOG,FREE_AIR,BOUGUER,SI,REVEAL_S50,REVEAL_S100,REVEAL_S140,REVEAL_S200,REVEAL_P60,REVEAL_P120,REVEAL_P210,LITH_RHO,CRUST_RHO,MAG_SEIS_MOHO,S_DIFF_200_220,P_DIFF_40_60,VP_40_VS_50,VPVS_DIFF,SEDIMENT,VOLC_DIST,GLiM,TC1"
mc0119,20,0.0631530848417608,0.03751470620741874,0.27564883391918416,0.8708133971291866,7.100454330444336,"MOHO_GRAV,MOHO_GRAV_U,MOHO,MOHO_U,CTD,BOUGUER,GEOID,REVEAL_S140,REVEAL_S200,REVEAL_P40,REVEAL_P60,REVEAL_P210,LITH_RHO,CRUST_RHO,S_DIFF_200_220,P_DIFF_40_60,VP_120_VS_140,VOLC_DIST,REG,TC1"
mc0120,11,0.06300079691276804,0.03715179248189963,0.27913803600715437,0.8740031897926634,6.467426776885986,"MOHO,REVEAL_S50,REVEAL_S100,REVEAL_P40,REVEAL_P60,LITH_RHO,CRUST_RHO,S_DIFF_200_220,VP_120_VS_140,VOLC_DIST,REG"
mc0121,21,0.06195962217877056,0.03691785498544343,0.3027676223214214,0.8835725677830941,7.238816022872925,"MOHO_GRAV,MOHO,MOHO_U,DEM,CTD,EMAG2_LOG,FREE_AIR,BOUGUER,GEOID,REVEAL_S140,REVEAL_S220,REVEAL_P40,REVEAL_P120,LITH_RHO,CRUST_RHO,MAG_SEIS_MOHO,P_DIFF_40_60,VP_120_VS_140,SEDIMENT,REG,TC1"
mc0122,32,0.06248347233668295,0.036897151296787944,0.29092799843910455,0.8708133971291866,8.142544031143188,"MOHO_GRAV,MOHO,MOHO_U,LAB,CTD,EMAG2_LOG,FREE_AIR,BOUGUER,SI,GEOID,REVEAL_S50,REVEAL_S100,REVEAL_S140,REVEAL_S200,REVEAL_S220,REVEAL_P40,REVEAL_P60,REVEAL_P120,REVEAL_P210,LITH_RHO,CRUST_RHO,MAG_SEIS_MOHO,S_DIFF_200_220,P_DIFF_40_60,VP_40_VS_50,VP_120_VS_140,VPVS_DIFF,SEDIMENT,VOLC_DIST,REG,GLiM,TC1"
mc0123,21,0.06187442417458772,0.03686756862167751,0.3046837723502136,0.8755980861244019,7.610055923461914,"MOHO_GRAV,MOHO,DEM,LAB,EMAG2_LOG,FREE_AIR,BOUGUER,REVEAL_S140,REVEAL_P60,REVEAL_P120,REVEAL_P210,LITH_RHO,CRUST_RHO,MAG_SEIS_MOHO,S_DIFF_200_220,VP_40_VS_50,VP_120_VS_140,VPVS_DIFF,SEDIMENT,REG,GLiM"
mc0124,23,0.06273437342833126,0.036866357585802784,0.28522203737769136,0.8787878787878788,7.623682975769043,"MOHO_GRAV_U,MOHO,MOHO_U,DEM,CTD,EMAG2_LOG,FREE_AIR,BOUGUER,SI,REVEAL_S100,REVEAL_S140,REVEAL_S220,REVEAL_P60,REVEAL_P120,REVEAL_P210,CRUST_RHO,MAG_SEIS_MOHO,P_DIFF_40_60,VP_40_VS_50,VP_120_VS_140,SEDIMENT,REG,GLiM"
mc0125,22,0.06270410718782136,0.03689981145477066,0.2859115612212707,0.8787878787878788,7.571887016296387,"MOHO_GRAV,MOHO,MOHO_U,EMAG2_LOG,SI,GEOID,REVEAL_S50,REVEAL_S100,REVEAL_S220,REVEAL_P40,REVEAL_P120,REVEAL_P210,LITH_RHO,CRUST_RHO,MAG_SEIS_MOHO,S_DIFF_200_220,VP_40_VS_50,VPVS_DIFF,SEDIMENT,VOLC_DIST,REG,TC1"
mc0126,33,0.06200655243886002,0.03654742663098534,0.3017110087472724,0.8771929824561403,8.208372116088867,"MOHO_GRAV,MOHO_GRAV_U,MOHO,MOHO_U,DEM,LAB,CTD,EMAG2_LOG,FREE_AIR,BOUGUER,SI,GEOID,REVEAL_S50,REVEAL_S100,REVEAL_S140,REVEAL_S200,REVEAL_S220,REVEAL_P40,REVEAL_P60,REVEAL_P210,LITH_RHO,CRUST_RHO,MAG_SEIS_MOHO,S_DIFF_200_220,P_DIFF_40_60,VP_40_VS_50,VP_120_VS_140,VPVS_DIFF,SEDIMENT,VOLC_DIST,REG,GLiM,TC1"
mc0127,25,0.06242406324855766,0.03684494236908918,0.2922757242661822,0.8724082934609251,7.205813884735107,"MOHO_GRAV_U,MOHO_U,DEM,LAB,CTD,EMAG2_LOG,FREE_AIR,BOUGUER,SI,GEOID,REVEAL_S200,REVEAL_S220,REVEAL_P40,REVEAL_P60,REVEAL_P120,REVEAL_P210,CRUST_RHO,MAG_SEIS_MOHO,S_DIFF_200_220,P_DIFF_40_60,VP_40_VS_50,SEDIMENT,VOLC_DIST,GLiM,TC1"
mc0128,13,0.06250167179733322,0.037197275829564655,0.2905148777568616,0.8708133971291866,6.211126089096069,"MOHO_GRAV,MOHO_GRAV_U,DEM,GEOID,REVEAL_S140,REVEAL_S200,REVEAL_P60,LITH_RHO,CRUST_RHO,P_DIFF_40_60,VOLC_DIST,REG,GLiM"
mc0129,14,0.06375834606569789,0.03763858565571309,0.26169788921866366,0.861244019138756,6.728277921676636,"MOHO_GRAV_U,MOHO,MOHO_U,LAB,CTD,BOUGUER,SI,REVEAL_S100,REVEAL_S200,REVEAL_P40,LITH_RHO,VP_40_VS_50,SEDIMENT,TC1"
mc0130,33,0.062358068396621495,0.03670279083411245,0.2937713484673109,0.8708133971291866,7.979621887207031,"MOHO_GRAV,MOHO_GRAV_U,MOHO,MOHO_U,DEM,LAB,CTD,EMAG2_LOG,FREE_AIR,BOUGUER,SI,GEOID,REVEAL_S50,REVEAL_S100,REVEAL_S140,REVEAL_S200,REVEAL_S220,REVEAL_P40,REVEAL_P60,REVEAL_P120,REVEAL_P210,LITH_RHO,CRUST_RHO,MAG_SEIS_MOHO,S_DIFF_200_220,P_DIFF_40_60,VP_40_VS_50,VP_120_VS_140,VPVS_DIFF,SEDIMENT,VOLC_DIST,REG,TC1"
mc0131,31,0.06200209703089267,0.03644841032103803,0.3018113546119694,0.8676236044657097,7.566787958145142,"MOHO_GRAV,MOHO,MOHO_U,DEM,LAB,CTD,EMAG2_LOG,FREE_AIR,BOUGUER,SI,GEOID,REVEAL_S50,REVEAL_S100,REVEAL_S140,REVEAL_S200,REVEAL_S220,REVEAL_P40,REVEAL_P60,REVEAL_P120,REVEAL_P210,LITH_RHO,CRUST_RHO,MAG_SEIS_MOHO,S_DIFF_200_220,P_DIFF_40_60,VP_40_VS_50,VP_120_VS_140,SEDIMENT,VOLC_DIST,GLiM,TC1"
mc0132,22,0.062221379091394434,0.03668508559170342,0.29686407101968737,0.8692185007974481,6.998467922210693,"MOHO_GRAV,MOHO,MOHO_U,DEM,FREE_AIR,GEOID,REVEAL_S50,REVEAL_S100,REVEAL_S140,REVEAL_S200,REVEAL_S220,REVEAL_P120,REVEAL_P210,LITH_RHO,CRUST_RHO,MAG_SEIS_MOHO,P_DIFF_40_60,VP_120_VS_140,SEDIMENT,VOLC_DIST,REG,GLiM"
mc0133,33,0.062493146524508374,0.03680199636060563,0.2907084131150307,0.8692185007974481,7.521533250808716,"MOHO_GRAV,MOHO_GRAV_U,MOHO,MOHO_U,LAB,CTD,EMAG2_LOG,FREE_AIR,BOUGUER,SI,GEOID,REVEAL_S50,REVEAL_S100,REVEAL_S140,REVEAL_S200,REVEAL_S220,REVEAL_P40,REVEAL_P60,REVEAL_P120,REVEAL_P210,LITH_RHO,CRUST_RHO,MAG_SEIS_MOHO,S_DIFF_200_220,P_DIFF_40_60,VP_40_VS_50,VP_120_VS_140,VPVS_DIFF,SEDIMENT,VOLC_DIST,REG,GLiM,TC1"
mc0134,15,0.062345382957737595,0.03722095200307272,0.29405865400404474,0.8803827751196173,6.596039056777954,"MOHO_GRAV,MOHO_GRAV_U,DEM,CTD,EMAG2_LOG,GEOID,REVEAL_S50,REVEAL_P40,REVEAL_P210,LITH_RHO,VP_120_VS_140,VPVS_DIFF,SEDIMENT,REG,TC1"
mc0135,23,0.06234737706301901,0.03729121587500253,0.294013494480998,0.8708133971291866,7.071195125579834,"MOHO,MOHO_U,LAB,CTD,EMAG2_LOG,FREE_AIR,BOUGUER,SI,GEOID,REVEAL_S100,REVEAL_S140,REVEAL_S220,REVEAL_P60,REVEAL_P120,REVEAL_P210,MAG_SEIS_MOHO,S_DIFF_200_220,P_DIFF_40_60,VP_120_VS_140,VPVS_DIFF,REG,GLiM,TC1"
mc0136,28,0.06204294931765586,0.03654028260257726,0.30089099866634395,0.8787878787878788,7.315292119979858,"MOHO_GRAV,MOHO_GRAV_U,MOHO,DEM,CTD,EMAG2_LOG,FREE_AIR,SI,REVEAL_S50,REVEAL_S140,REVEAL_S200,REVEAL_S220,REVEAL_P40,REVEAL_P60,REVEAL_P210,LITH_RHO,CRUST_RHO,MAG_SEIS_MOHO,S_DIFF_200_220,P_DIFF_40_60,VP_40_VS_50,VP_120_VS_140,VPVS_DIFF,SEDIMENT,VOLC_DIST,REG,GLiM,TC1"
mc0137,23,0.06296895722567641,0.03743235842461421,0.2798664782074354,0.8692185007974481,6.983482837677002,"MOHO_GRAV,MOHO_GRAV_U,MOHO,MOHO_U,FREE_AIR,GEOID,REVEAL_S50,REVEAL_S140,REVEAL_P40,REVEAL_P60,REVEAL_P120,REVEAL_P210,LITH_RHO,CRUST_RHO,MAG_SEIS_MOHO,S_DIFF_200_220,P_DIFF_40_60,VP_120_VS_140,VPVS_DIFF,SEDIMENT,REG,GLiM,TC1"
mc0138,29,0.06176629541611743,0.03666132338026728,0.307111851084062,0.8708133971291866,7.351195812225342,"MOHO_GRAV,MOHO_GRAV_U,MOHO_U,DEM,LAB,CTD,EMAG2_LOG,FREE_AIR,BOUGUER,SI,GEOID,REVEAL_S50,REVEAL_S100,REVEAL_S200,REVEAL_S220,REVEAL_P40,REVEAL_P60,REVEAL_P120,REVEAL_P210,LITH_RHO,MAG_SEIS_MOHO,S_DIFF_200_220,P_DIFF_40_60,VP_40_VS_50,VPVS_DIFF,VOLC_DIST,REG,GLiM,TC1"
mc0139,27,0.06357112859275856,0.037287087603158804,0.2660273653616386,0.8692185007974481,7.3352320194244385,"MOHO_GRAV_U,MOHO,MOHO_U,DEM,CTD,EMAG2_LOG,BOUGUER,SI,GEOID,REVEAL_S50,REVEAL_S100,REVEAL_S200,REVEAL_S220,REVEAL_P40,REVEAL_P120,REVEAL_P210,LITH_RHO,CRUST_RHO,MAG_SEIS_MOHO,S_DIFF_200_220,VP_40_VS_50,VP_120_VS_140,VPVS_DIFF,SEDIMENT,REG,GLiM,TC1"
mc0140,15,0.06135397661855152,0.036525646757282905,0.3163316771030449,0.861244019138756,6.677948236465454,"MOHO,DEM,LAB,FREE_AIR,BOUGUER,SI,GEOID,REVEAL_S100,REVEAL_S140,REVEAL_S200,REVEAL_P60,REVEAL_P210,LITH_RHO,VP_40_VS_50,TC1"
mc0141,12,0.06273101934250852,0.03743914256008423,0.28529846637222034,0.8899521531100478,6.87071681022644,"CTD,EMAG2_LOG,FREE_AIR,REVEAL_S50,REVEAL_S140,REVEAL_P120,REVEAL_P210,LITH_RHO,P_DIFF_40_60,SEDIMENT,REG,GLiM"
mc0142,22,0.06241358487910179,0.03669096723064366,0.29251329848510654,0.8724082934609251,7.226016998291016,"MOHO_GRAV,MOHO,MOHO_U,DEM,CTD,EMAG2_LOG,BOUGUER,SI,REVEAL_S50,REVEAL_S200,REVEAL_S220,REVEAL_P40,REVEAL_P60,REVEAL_P120,REVEAL_P210,LITH_RHO,CRUST_RHO,MAG_SEIS_MOHO,VP_120_VS_140,SEDIMENT,VOLC_DIST,REG"
mc0143,21,0.0625173081819401,0.03672446596530485,0.29015984181554255,0.8708133971291866,7.095468759536743,"MOHO_GRAV_U,MOHO_U,DEM,LAB,CTD,FREE_AIR,BOUGUER,SI,REVEAL_S50,REVEAL_S100,REVEAL_S140,REVEAL_P60,REVEAL_P120,REVEAL_P210,LITH_RHO,CRUST_RHO,S_DIFF_200_220,VP_40_VS_50,SEDIMENT,VOLC_DIST,REG"
mc0144,12,0.06227669075607181,0.03685024644758046,0.2956134106956211,0.8803827751196173,6.47099494934082,"MOHO,FREE_AIR,GEOID,REVEAL_P120,REVEAL_P210,LITH_RHO,MAG_SEIS_MOHO,VP_40_VS_50,VP_120_VS_140,VPVS_DIFF,SEDIMENT,VOLC_DIST"
mc0145,14,0.06362498284992864,0.03799706390690897,0.26478326934598406,0.8580542264752791,6.496029853820801,"MOHO_GRAV,MOHO_GRAV_U,DEM,LAB,BOUGUER,REVEAL_S50,REVEAL_S100,REVEAL_S220,REVEAL_P120,MAG_SEIS_MOHO,VPVS_DIFF,REG,GLiM,TC1"
mc0146,33,0.062358068396621495,0.03670279083411245,0.2937713484673109,0.8708133971291866,7.626298666000366,"MOHO_GRAV,MOHO_GRAV_U,MOHO,MOHO_U,DEM,LAB,CTD,EMAG2_LOG,FREE_AIR,BOUGUER,SI,GEOID,REVEAL_S50,REVEAL_S100,REVEAL_S140,REVEAL_S200,REVEAL_S220,REVEAL_P40,REVEAL_P60,REVEAL_P120,REVEAL_P210,LITH_RHO,CRUST_RHO,MAG_SEIS_MOHO,S_DIFF_200_220,P_DIFF_40_60,VP_40_VS_50,VP_120_VS_140,VPVS_DIFF,SEDIMENT,VOLC_DIST,REG,TC1"
mc0147,26,0.06161961515914743,0.036526785144630876,0.31039883256607426,0.8771929824561403,7.231043100357056,"MOHO_GRAV,MOHO,MOHO_U,DEM,LAB,CTD,EMAG2_LOG,FREE_AIR,BOUGUER,SI,GEOID,REVEAL_S50,REVEAL_S200,REVEAL_S220,REVEAL_P120,LITH_RHO,CRUST_RHO,MAG_SEIS_MOHO,S_DIFF_200_220,VP_120_VS_140,VPVS_DIFF,SEDIMENT,VOLC_DIST,REG,GLiM,TC1"
mc0148,11,0.06228654767318611,0.037046579479048145,0.29539041780357667,0.8660287081339713,6.438494920730591,"DEM,BOUGUER,GEOID,REVEAL_S100,REVEAL_S140,CRUST_RHO,MAG_SEIS_MOHO,S_DIFF_200_220,P_DIFF_40_60,VP_40_VS_50,TC1"
mc0149,29,0.06161804711727504,0.03641232988067736,0.3104339288497724,0.8803827751196173,7.543802976608276,"MOHO_GRAV,MOHO,DEM,LAB,CTD,EMAG2_LOG,FREE_AIR,BOUGUER,SI,GEOID,REVEAL_S50,REVEAL_S140,REVEAL_S200,REVEAL_S220,REVEAL_P40,REVEAL_P60,REVEAL_P210,LITH_RHO,CRUST_RHO,MAG_SEIS_MOHO,S_DIFF_200_220,VP_40_VS_50,VP_120_VS_140,VPVS_DIFF,SEDIMENT,VOLC_DIST,REG,GLiM,TC1"
mc0150,30,0.06249974232593497,0.03672921312523393,0.29055868170902954,0.8740031897926634,8.24495005607605,"MOHO_GRAV,MOHO_GRAV_U,MOHO,MOHO_U,DEM,LAB,CTD,EMAG2_LOG,FREE_AIR,BOUGUER,SI,GEOID,REVEAL_S50,REVEAL_S100,REVEAL_S140,REVEAL_S200,REVEAL_P60,REVEAL_P120,LITH_RHO,CRUST_RHO,MAG_SEIS_MOHO,S_DIFF_200_220,P_DIFF_40_60,VP_40_VS_50,VP_120_VS_140,VPVS_DIFF,SEDIMENT,VOLC_DIST,GLiM,TC1"
mc0151,22,0.062440802030995786,0.03702917701196836,0.291896126067953,0.8787878787878788,7.5545830726623535,"MOHO_GRAV,MOHO_GRAV_U,MOHO,MOHO_U,LAB,CTD,EMAG2_LOG,FREE_AIR,SI,REVEAL_S50,REVEAL_S220,REVEAL_P60,REVEAL_P120,LITH_RHO,S_DIFF_200_220,P_DIFF_40_60,VP_40_VS_50,SEDIMENT,VOLC_DIST,REG,GLiM,TC1"
mc0152,16,0.06318797317266509,0.03684459889726096,0.2748482908036225,0.8771929824561403,7.211869955062866,"MOHO_GRAV,CTD,FREE_AIR,BOUGUER,SI,REVEAL_S140,REVEAL_S220,REVEAL_P60,REVEAL_P210,MAG_SEIS_MOHO,P_DIFF_40_60,VPVS_DIFF,SEDIMENT,VOLC_DIST,GLiM,TC1"
mc0153,12,0.06226504039016337,0.037049577401088954,0.2958769312458387,0.8899521531100478,6.983723878860474,"MOHO_GRAV,MOHO_U,DEM,CTD,EMAG2_LOG,FREE_AIR,BOUGUER,GEOID,REVEAL_S50,REVEAL_P210,SEDIMENT,TC1"
mc0154,29,0.06212777867332452,0.036686415275092914,0.2989779526336507,0.8803827751196173,7.981714248657227,"MOHO_GRAV,MOHO_GRAV_U,MOHO,DEM,LAB,CTD,EMAG2_LOG,FREE_AIR,BOUGUER,SI,GEOID,REVEAL_S50,REVEAL_S140,REVEAL_S220,REVEAL_P40,REVEAL_P60,REVEAL_P120,CRUST_RHO,MAG_SEIS_MOHO,S_DIFF_200_220,P_DIFF_40_60,VP_40_VS_50,VP_120_VS_140,VPVS_DIFF,SEDIMENT,VOLC_DIST,REG,GLiM,TC1"
mc0155,29,0.06211308570543439,0.0365347595192267,0.299309491172026,0.8771929824561403,7.771047830581665,"MOHO_GRAV,MOHO_GRAV_U,MOHO_U,DEM,CTD,EMAG2_LOG,FREE_AIR,BOUGUER,SI,GEOID,REVEAL_S50,REVEAL_S100,REVEAL_S140,REVEAL_S200,REVEAL_S220,REVEAL_P40,REVEAL_P60,REVEAL_P120,REVEAL_P210,LITH_RHO,CRUST_RHO,S_DIFF_200_220,VP_120_VS_140,VPVS_DIFF,SEDIMENT,VOLC_DIST,REG,GLiM,TC1"
mc0156,21,0.06176773310745934,0.03669597775801134,0.30707959495215875,0.8724082934609251,7.1797871589660645,"MOHO_GRAV,MOHO,MOHO_U,DEM,LAB,EMAG2_LOG,FREE_AIR,BOUGUER,SI,REVEAL_S100,REVEAL_S200,REVEAL_S220,REVEAL_P60,REVEAL_P120,CRUST_RHO,P_DIFF_40_60,VP_40_VS_50,VP_120_VS_140,VPVS_DIFF,REG,TC1"
mc0157,21,0.06287183644216172,0.03721713064659316,0.2820861749813295,0.8708133971291866,7.021960973739624,"MOHO_GRAV,MOHO_U,DEM,CTD,GEOID,REVEAL_S50,REVEAL_S100,REVEAL_S140,REVEAL_S200,REVEAL_P40,REVEAL_P60,REVEAL_P120,REVEAL_P210,LITH_RHO,CRUST_RHO,VP_40_VS_50,VP_120_VS_140,SEDIMENT,VOLC_DIST,REG,TC1"
mc0158,12,0.06232296331144399,0.03660148589577107,0.29456628131540885,0.8835725677830941,6.427263975143433,"MOHO_GRAV,CTD,FREE_AIR,BOUGUER,SI,GEOID,REVEAL_S100,REVEAL_S200,S_DIFF_200_220,VP_120_VS_140,SEDIMENT,VOLC_DIST"
mc0159,26,0.06325977588139796,0.03726409779532091,0.2731993238368974,0.8724082934609251,7.236987113952637,"MOHO_GRAV,MOHO_GRAV_U,MOHO,MOHO_U,LAB,CTD,BOUGUER,SI,GEOID,REVEAL_S50,REVEAL_S140,REVEAL_P40,REVEAL_P60,REVEAL_P120,REVEAL_P210,LITH_RHO,CRUST_RHO,MAG_SEIS_MOHO,S_DIFF_200_220,P_DIFF_40_60,VP_40_VS_50,VP_120_VS_140,VPVS_DIFF,SEDIMENT,VOLC_DIST,TC1"
mc0160,23,0.0624851778010177,0.036947074511470245,0.29088929017056975,0.8692185007974481,6.934774160385132,"MOHO_GRAV,MOHO_GRAV_U,MOHO,LAB,EMAG2_LOG,FREE_AIR,BOUGUER,GEOID,REVEAL_S50,REVEAL_S100,REVEAL_S140,REVEAL_S200,REVEAL_S220,REVEAL_P120,REVEAL_P210,LITH_RHO,MAG_SEIS_MOHO,P_DIFF_40_60,VP_40_VS_50,VOLC_DIST,REG,GLiM,TC1"
mc0161,19,0.06252977079775483,0.03685877828582863,0.2898768050951459,0.8787878787878788,6.887620210647583,"MOHO_GRAV_U,MOHO,DEM,CTD,FREE_AIR,SI,REVEAL_S100,REVEAL_S220,REVEAL_P40,REVEAL_P60,REVEAL_P120,REVEAL_P210,S_DIFF_200_220,VP_40_VS_50,VP_120_VS_140,SEDIMENT,VOLC_DIST,REG,TC1"
mc0162,30,0.062477494020683755,0.0368685581673331,0.2910636776368192,0.8771929824561403,7.568848133087158,"MOHO_GRAV,MOHO_GRAV_U,MOHO_U,DEM,LAB,CTD,EMAG2_LOG,FREE_AIR,BOUGUER,SI,GEOID,REVEAL_S50,REVEAL_S100,REVEAL_S140,REVEAL_S200,REVEAL_P40,REVEAL_P60,REVEAL_P120,REVEAL_P210,LITH_RHO,CRUST_RHO,MAG_SEIS_MOHO,S_DIFF_200_220,P_DIFF_40_60,VP_40_VS_50,VP_120_VS_140,VPVS_DIFF,SEDIMENT,REG,GLiM"
mc0163,14,0.06303493321475227,0.038064621785935136,0.27835664181632325,0.8787878787878788,6.4627909660339355,"MOHO_GRAV_U,LAB,CTD,EMAG2_LOG,SI,REVEAL_S50,REVEAL_S220,REVEAL_P60,REVEAL_P120,LITH_RHO,VPVS_DIFF,REG,GLiM,TC1"
mc0164,17,0.06264473719820368,0.03724959532886084,0.2872631585731822,0.8803827751196173,6.902446031570435,"MOHO_GRAV,MOHO_GRAV_U,DEM,FREE_AIR,BOUGUER,SI,REVEAL_S50,REVEAL_P60,REVEAL_P120,REVEAL_P210,LITH_RHO,MAG_SEIS_MOHO,S_DIFF_200_220,VP_120_VS_140,VPVS_DIFF,VOLC_DIST,TC1"
mc0165,20,0.062186414546209344,0.03670220452852398,0.29765408630854373,0.8851674641148325,7.045376777648926,"MOHO_GRAV,MOHO_GRAV_U,MOHO_U,EMAG2_LOG,FREE_AIR,SI,GEOID,REVEAL_S50,REVEAL_S100,REVEAL_S140,REVEAL_S220,REVEAL_P40,LITH_RHO,P_DIFF_40_60,VP_120_VS_140,VPVS_DIFF,SEDIMENT,VOLC_DIST,REG,GLiM"
mc0166,17,0.06380784085141745,0.03742665879578956,0.2605511753965949,0.8660287081339713,6.8053460121154785,"MOHO_GRAV_U,CTD,BOUGUER,GEOID,REVEAL_S50,REVEAL_S100,REVEAL_S140,REVEAL_S200,REVEAL_S220,REVEAL_P40,REVEAL_P210,MAG_SEIS_MOHO,VP_40_VS_50,VPVS_DIFF,VOLC_DIST,REG,TC1"
mc0167,18,0.0626646064709332,0.037365387313386685,0.28681096389063176,0.8835725677830941,6.7876060009002686,"MOHO_GRAV,MOHO,EMAG2_LOG,FREE_AIR,SI,REVEAL_S50,REVEAL_S200,REVEAL_P60,REVEAL_P120,REVEAL_P210,LITH_RHO,CRUST_RHO,MAG_SEIS_MOHO,P_DIFF_40_60,VP_120_VS_140,VPVS_DIFF,REG,GLiM"
mc0168,18,0.06233432628350692,0.03716049592717741,0.2943090228684341,0.8740031897926634,6.868566036224365,"MOHO_GRAV,MOHO_GRAV_U,MOHO,DEM,LAB,EMAG2_LOG,SI,GEOID,REVEAL_S50,REVEAL_P40,REVEAL_P120,CRUST_RHO,MAG_SEIS_MOHO,P_DIFF_40_60,VP_40_VS_50,VP_120_VS_140,SEDIMENT,TC1"
mc0169,28,0.062118815924295454,0.03684689304645034,0.2991802013410648,0.8724082934609251,7.289799928665161,"MOHO_GRAV,MOHO,MOHO_U,DEM,LAB,CTD,EMAG2_LOG,FREE_AIR,SI,GEOID,REVEAL_S50,REVEAL_S100,REVEAL_S140,REVEAL_S200,REVEAL_P60,REVEAL_P120,REVEAL_P210,LITH_RHO,CRUST_RHO,MAG_SEIS_MOHO,P_DIFF_40_60,VP_40_VS_50,VP_120_VS_140,VPVS_DIFF,SEDIMENT,REG,GLiM,TC1"
mc0170,12,0.06410178789928644,0.03784918215687522,0.25372256451019115,0.8660287081339713,6.487934827804565,"MOHO_U,CTD,BOUGUER,SI,REVEAL_S50,REVEAL_P40,REVEAL_P60,REVEAL_P120,REVEAL_P210,CRUST_RHO,S_DIFF_200_220,VP_120_VS_140"
mc0171,30,0.06264949733764948,0.036993603576475964,0.28715483804043174,0.8644338118022329,7.56082820892334,"MOHO_GRAV,MOHO_GRAV_U,MOHO,MOHO_U,DEM,LAB,CTD,EMAG2_LOG,BOUGUER,GEOID,REVEAL_S100,REVEAL_S140,REVEAL_S200,REVEAL_S220,REVEAL_P40,REVEAL_P60,REVEAL_P120,REVEAL_P210,LITH_RHO,CRUST_RHO,MAG_SEIS_MOHO,S_DIFF_200_220,P_DIFF_40_60,VP_40_VS_50,VP_120_VS_140,VPVS_DIFF,VOLC_DIST,REG,GLiM,TC1"
mc0172,30,0.06230413337723841,0.03664504767198848,0.2949924890287332,0.8724082934609251,7.5749828815460205,"MOHO_GRAV,MOHO_GRAV_U,MOHO,MOHO_U,DEM,LAB,CTD,EMAG2_LOG,FREE_AIR,BOUGUER,GEOID,REVEAL_S50,REVEAL_S100,REVEAL_S140,REVEAL_S220,REVEAL_P40,REVEAL_P60,REVEAL_P120,REVEAL_P210,LITH_RHO,CRUST_RHO,MAG_SEIS_MOHO,S_DIFF_200_220,VP_40_VS_50,VP_120_VS_140,VPVS_DIFF,SEDIMENT,VOLC_DIST,REG,TC1"
mc0173,24,0.0624527128893159,0.036749754447063035,0.2916259524293312,0.8835725677830941,7.418877124786377,"MOHO_GRAV_U,MOHO_U,DEM,CTD,EMAG2_LOG,FREE_AIR,BOUGUER,SI,GEOID,REVEAL_S50,REVEAL_S140,REVEAL_S200,REVEAL_S220,REVEAL_P120,REVEAL_P210,CRUST_RHO,MAG_SEIS_MOHO,S_DIFF_200_220,P_DIFF_40_60,VP_40_VS_50,VP_120_VS_140,SEDIMENT,VOLC_DIST,GLiM"
mc0174,10,0.062168559784133416,0.03723969563289146,0.2980573389810731,0.886762360446571,6.432384967803955,"EMAG2_LOG,FREE_AIR,REVEAL_S50,REVEAL_P40,REVEAL_P60,LITH_RHO,S_DIFF_200_220,VP_120_VS_140,GLiM,TC1"
mc0175,18,0.06325935965561978,0.03726000775290005,0.27320888796125875,0.8692185007974481,6.949689149856567,"MOHO,MOHO_U,FREE_AIR,BOUGUER,GEOID,REVEAL_S50,REVEAL_S100,REVEAL_S140,REVEAL_S200,REVEAL_P40,REVEAL_P60,REVEAL_P210,CRUST_RHO,MAG_SEIS_MOHO,S_DIFF_200_220,VP_40_VS_50,REG,TC1"
mc0176,25,0.0623682235501922,0.036580806261026465,0.29354130784630805,0.8787878787878788,7.604121208190918,"MOHO_GRAV_U,MOHO,MOHO_U,LAB,CTD,EMAG2_LOG,FREE_AIR,BOUGUER,SI,REVEAL_S100,REVEAL_S200,REVEAL_S220,REVEAL_P40,REVEAL_P60,REVEAL_P210,LITH_RHO,CRUST_RHO,S_DIFF_200_220,P_DIFF_40_60,VPVS_DIFF,SEDIMENT,VOLC_DIST,REG,GLiM,TC1"
mc0177,16,0.06329428938196507,0.0373222953096604,0.27240604633856547,0.8644338118022329,7.049015760421753,"MOHO_GRAV,MOHO,MOHO_U,DEM,CTD,GEOID,REVEAL_S100,REVEAL_S140,REVEAL_S200,REVEAL_P60,REVEAL_P120,MAG_SEIS_MOHO,P_DIFF_40_60,VP_40_VS_50,SEDIMENT,TC1"
mc0178,28,0.06325917984439641,0.0372941055979177,0.27321301968228684,0.8676236044657097,8.002823114395142,"MOHO_GRAV,MOHO_GRAV_U,MOHO,MOHO_U,DEM,LAB,CTD,EMAG2_LOG,BOUGUER,SI,REVEAL_S50,REVEAL_S100,REVEAL_S140,REVEAL_S200,REVEAL_S220,REVEAL_P40,REVEAL_P60,REVEAL_P120,LITH_RHO,CRUST_RHO,P_DIFF_40_60,VP_40_VS_50,VP_120_VS_140,VPVS_DIFF,SEDIMENT,REG,GLiM,TC1"
mc0179,13,0.062393641356399424,0.03691187225024315,0.2929653642593907,0.886762360446571,6.922026872634888,"CTD,FREE_AIR,REVEAL_S50,REVEAL_S140,REVEAL_S200,REVEAL_P40,REVEAL_P60,CRUST_RHO,P_DIFF_40_60,VOLC_DIST,REG,GLiM,TC1"
mc0180,20,0.061829524536792184,0.03638514881076009,0.30569252903373345,0.8803827751196173,7.576704025268555,"MOHO_GRAV,DEM,FREE_AIR,BOUGUER,SI,GEOID,REVEAL_S140,REVEAL_S200,REVEAL_S220,REVEAL_P40,REVEAL_P60,REVEAL_P210,LITH_RHO,CRUST_RHO,VP_40_VS_50,VP_120_VS_140,VPVS_DIFF,VOLC_DIST,REG,GLiM"
mc0181,32,0.06201146849062478,0.0364909465795541,0.30160027977510173,0.8692185007974481,8.288109064102173,"MOHO_GRAV,MOHO,MOHO_U,DEM,LAB,CTD,EMAG2_LOG,FREE_AIR,BOUGUER,SI,GEOID,REVEAL_S50,REVEAL_S100,REVEAL_S140,REVEAL_S200,REVEAL_S220,REVEAL_P40,REVEAL_P60,REVEAL_P120,REVEAL_P210,LITH_RHO,CRUST_RHO,MAG_SEIS_MOHO,S_DIFF_200_220,P_DIFF_40_60,VP_40_VS_50,VP_120_VS_140,SEDIMENT,VOLC_DIST,REG,GLiM,TC1"
mc0182,17,0.06279383472865485,0.03720903421688987,0.2838664242788357,0.8819776714513556,7.05103063583374,"MOHO,MOHO_U,DEM,CTD,FREE_AIR,BOUGUER,SI,REVEAL_S50,REVEAL_S200,REVEAL_S220,REVEAL_P40,REVEAL_P210,S_DIFF_200_220,VP_40_VS_50,VPVS_DIFF,SEDIMENT,TC1"
mc0183,19,0.06286455840073155,0.037092948841101175,0.2822523767159745,0.8692185007974481,6.885378122329712,"MOHO_GRAV,MOHO_U,LAB,CTD,EMAG2_LOG,BOUGUER,SI,REVEAL_S100,REVEAL_S220,REVEAL_P40,REVEAL_P60,LITH_RHO,CRUST_RHO,MAG_SEIS_MOHO,P_DIFF_40_60,VP_40_VS_50,VP_120_VS_140,VOLC_DIST,TC1"
mc0184,11,0.06241400269789999,0.037213898609650124,0.2925038261167634,0.8803827751196173,6.461493968963623,"MOHO_GRAV,MOHO,DEM,EMAG2_LOG,REVEAL_S50,REVEAL_P60,REVEAL_P210,LITH_RHO,S_DIFF_200_220,P_DIFF_40_60,VOLC_DIST"
mc0185,31,0.06201771091160355,0.036634674190420664,0.3014596630599241,0.8708133971291866,7.517913103103638,"MOHO_GRAV_U,MOHO,MOHO_U,DEM,LAB,CTD,EMAG2_LOG,FREE_AIR,GEOID,REVEAL_S50,REVEAL_S100,REVEAL_S140,REVEAL_S200,REVEAL_S220,REVEAL_P40,REVEAL_P60,REVEAL_P120,REVEAL_P210,LITH_RHO,CRUST_RHO,MAG_SEIS_MOHO,S_DIFF_200_220,P_DIFF_40_60,VP_40_VS_50,VP_120_VS_140,VPVS_DIFF,SEDIMENT,VOLC_DIST,REG,GLiM,TC1"
mc0186,12,0.06284798647817126,0.03696631273272636,0.28263074222321216,0.8755980861244019,6.363541603088379,"MOHO_GRAV,MOHO_GRAV_U,MOHO,MOHO_U,FREE_AIR,BOUGUER,REVEAL_P40,REVEAL_P60,CRUST_RHO,P_DIFF_40_60,VOLC_DIST,GLiM"
mc0187,24,0.06284315097133006,0.036913147564966754,0.2827411263644415,0.8692185007974481,7.192001819610596,"MOHO,EMAG2_LOG,BOUGUER,SI,GEOID,REVEAL_S50,REVEAL_S100,REVEAL_S140,REVEAL_S200,REVEAL_P40,REVEAL_P60,REVEAL_P120,REVEAL_P210,LITH_RHO,CRUST_RHO,MAG_SEIS_MOHO,S_DIFF_200_220,P_DIFF_40_60,VP_40_VS_50,VP_120_VS_140,VOLC_DIST,REG,GLiM,TC1"
mc0188,33,0.0620254370731737,0.036660027449039255,0.3012856040174907,0.8724082934609251,7.504595756530762,"MOHO_GRAV,MOHO_GRAV_U,MOHO,MOHO_U,DEM,LAB,CTD,EMAG2_LOG,FREE_AIR,SI,GEOID,REVEAL_S50,REVEAL_S100,REVEAL_S140,REVEAL_S200,REVEAL_S220,REVEAL_P40,REVEAL_P60,REVEAL_P120,REVEAL_P210,LITH_RHO,CRUST_RHO,MAG_SEIS_MOHO,S_DIFF_200_220,P_DIFF_40_60,VP_40_VS_50,VP_120_VS_140,VPVS_DIFF,SEDIMENT,VOLC_DIST,REG,GLiM,TC1"
mc0189,15,0.0620348554440687,0.03680895964284536,0.30107339266437605,0.8708133971291866,6.5717527866363525,"FREE_AIR,REVEAL_S50,REVEAL_S100,REVEAL_S140,REVEAL_S220,REVEAL_P40,REVEAL_P60,REVEAL_P120,REVEAL_P210,LITH_RHO,MAG_SEIS_MOHO,S_DIFF_200_220,VOLC_DIST,REG,TC1"
mc0190,29,0.061851164251599235,0.036487575422460373,0.30520644265331076,0.8740031897926634,7.4261908531188965,"MOHO_GRAV,MOHO,MOHO_U,DEM,LAB,CTD,EMAG2_LOG,FREE_AIR,GEOID,REVEAL_S50,REVEAL_S100,REVEAL_S140,REVEAL_S200,REVEAL_S220,REVEAL_P40,REVEAL_P60,REVEAL_P120,REVEAL_P210,LITH_RHO,CRUST_RHO,MAG_SEIS_MOHO,S_DIFF_200_220,P_DIFF_40_60,VP_40_VS_50,VP_120_VS_140,VPVS_DIFF,SEDIMENT,VOLC_DIST,REG"
mc0191,16,0.0614759548202686,0.036613582803303915,0.31361056483322347,0.8771929824561403,6.5281081199646,"MOHO_GRAV,MOHO,DEM,CTD,EMAG2_LOG,FREE_AIR,REVEAL_S100,REVEAL_S220,REVEAL_P40,REVEAL_P120,CRUST_RHO,MAG_SEIS_MOHO,VP_40_VS_50,REG,GLiM,TC1"
mc0192,25,0.06163474904568035,0.03632399192355891,0.31006005643491985,0.8724082934609251,7.247693061828613,"MOHO_GRAV,MOHO_GRAV_U,MOHO,DEM,LAB,CTD,EMAG2_LOG,FREE_AIR,BOUGUER,GEOID,REVEAL_S50,REVEAL_S100,REVEAL_S200,REVEAL_S220,REVEAL_P40,REVEAL_P60,LITH_RHO,CRUST_RHO,MAG_SEIS_MOHO,S_DIFF_200_220,P_DIFF_40_60,VP_120_VS_140,VPVS_DIFF,VOLC_DIST,GLiM"
mc0193,31,0.06236182886417081,0.03675120302578406,0.29368616847147366,0.8724082934609251,7.543973922729492,"MOHO_GRAV,MOHO_GRAV_U,MOHO,MOHO_U,DEM,LAB,CTD,FREE_AIR,BOUGUER,SI,GEOID,REVEAL_S50,REVEAL_S100,REVEAL_S140,REVEAL_S200,REVEAL_S220,REVEAL_P40,REVEAL_P60,REVEAL_P120,LITH_RHO,CRUST_RHO,MAG_SEIS_MOHO,S_DIFF_200_220,P_DIFF_40_60,VP_40_VS_50,VP_120_VS_140,VPVS_DIFF,SEDIMENT,VOLC_DIST,GLiM,TC1"
mc0194,32,0.06203479920550287,0.03656335254397256,0.30107465990718374,0.8724082934609251,7.497578859329224,"MOHO_GRAV_U,MOHO,MOHO_U,DEM,LAB,CTD,EMAG2_LOG,FREE_AIR,BOUGUER,SI,GEOID,REVEAL_S50,REVEAL_S100,REVEAL_S140,REVEAL_S200,REVEAL_S220,REVEAL_P40,REVEAL_P60,REVEAL_P120,REVEAL_P210,LITH_RHO,CRUST_RHO,MAG_SEIS_MOHO,S_DIFF_200_220,P_DIFF_40_60,VP_40_VS_50,VP_120_VS_140,VPVS_DIFF,SEDIMENT,VOLC_DIST,REG,GLiM"
mc0195,17,0.06318744073603329,0.03741662756678687,0.2748605113477398,0.8724082934609251,6.782311916351318,"MOHO_GRAV,MOHO_GRAV_U,MOHO,CTD,SI,REVEAL_S50,REVEAL_S140,REVEAL_P60,REVEAL_P210,LITH_RHO,CRUST_RHO,S_DIFF_200_220,VP_40_VS_50,VP_120_VS_140,VOLC_DIST,REG,GLiM"
mc0196,24,0.06304384849827041,0.037155515492143895,0.2781524975497114,0.8740031897926634,7.273362874984741,"MOHO_GRAV,MOHO_GRAV_U,MOHO_U,DEM,LAB,CTD,FREE_AIR,BOUGUER,SI,REVEAL_S50,REVEAL_S100,REVEAL_S140,REVEAL_P40,REVEAL_P60,REVEAL_P120,REVEAL_P210,CRUST_RHO,MAG_SEIS_MOHO,S_DIFF_200_220,P_DIFF_40_60,VP_120_VS_140,VPVS_DIFF,SEDIMENT,TC1"
mc0197,24,0.06284627628351337,0.03727603376619004,0.2826697832314915,0.8692185007974481,7.200650930404663,"MOHO_GRAV,MOHO_GRAV_U,MOHO_U,DEM,LAB,CTD,EMAG2_LOG,FREE_AIR,BOUGUER,GEOID,REVEAL_S50,REVEAL_S100,REVEAL_S140,REVEAL_S220,REVEAL_P60,REVEAL_P210,MAG_SEIS_MOHO,S_DIFF_200_220,P_DIFF_40_60,VP_120_VS_140,VPVS_DIFF,SEDIMENT,GLiM,TC1"
mc0198,13,0.06187833540081206,0.03681540163447334,0.30459586446083065,0.8596491228070176,6.365124225616455,"MOHO_GRAV,MOHO_GRAV_U,MOHO,DEM,CTD,BOUGUER,GEOID,REVEAL_S220,REVEAL_P40,REVEAL_P120,REVEAL_P210,S_DIFF_200_220,REG"
mc0199,21,0.0642437102202031,0.0377907032466212,0.2504143674653151,0.8644338118022329,6.929547071456909,"MOHO_GRAV,MOHO_GRAV_U,MOHO,MOHO_U,CTD,BOUGUER,REVEAL_S50,REVEAL_S140,REVEAL_S200,REVEAL_S220,REVEAL_P40,REVEAL_P60,REVEAL_P120,CRUST_RHO,MAG_SEIS_MOHO,P_DIFF_40_60,VP_40_VS_50,SEDIMENT,REG,GLiM,TC1"
mc0200,16,0.06169009880317061,0.03641879577054144,0.3088203286479302,0.8883572567783095,6.62304425239563,"MOHO_GRAV_U,DEM,EMAG2_LOG,FREE_AIR,BOUGUER,SI,REVEAL_S100,REVEAL_S140,REVEAL_S200,REVEAL_S220,REVEAL_P40,REVEAL_P60,LITH_RHO,S_DIFF_200_220,VP_40_VS_50,REG"
mc0201,19,0.06262234265739816,0.03735660380708754,0.28777265265077745,0.8644338118022329,6.861782789230347,"MOHO_GRAV_U,MOHO,MOHO_U,CTD,EMAG2_LOG,GEOID,REVEAL_S50,REVEAL_S200,REVEAL_S220,REVEAL_P40,REVEAL_P60,REVEAL_P210,LITH_RHO,S_DIFF_200_220,P_DIFF_40_60,VP_120_VS_140,VOLC_DIST,REG,GLiM"
mc0202,11,0.0627878797808679,0.037409082826122035,0.284002244486669,0.8708133971291866,6.488492012023926,"MOHO_GRAV,MOHO_GRAV_U,MOHO_U,DEM,CTD,EMAG2_LOG,REVEAL_P60,MAG_SEIS_MOHO,P_DIFF_40_60,VP_40_VS_50,VOLC_DIST"
mc0203,11,0.06165547068364227,0.036500045874428004,0.3095960620413547,0.8915470494417863,6.417432069778442,"MOHO_GRAV_U,CTD,EMAG2_LOG,FREE_AIR,SI,GEOID,REVEAL_S100,CRUST_RHO,VPVS_DIFF,SEDIMENT,VOLC_DIST"
mc0204,12,0.06322834844606223,0.037916762055463356,0.2739212931171805,0.8676236044657097,6.387379884719849,"MOHO_GRAV,MOHO_GRAV_U,MOHO,MOHO_U,BOUGUER,REVEAL_S140,REVEAL_S200,REVEAL_P60,REVEAL_P120,MAG_SEIS_MOHO,VP_120_VS_140,GLiM"
mc0205,33,0.061967734591853986,0.03674617471340218,0.30258503220381483,0.861244019138756,7.510601997375488,"MOHO_GRAV,MOHO_GRAV_U,MOHO,MOHO_U,DEM,LAB,CTD,EMAG2_LOG,FREE_AIR,BOUGUER,SI,GEOID,REVEAL_S50,REVEAL_S100,REVEAL_S140,REVEAL_S200,REVEAL_S220,REVEAL_P40,REVEAL_P60,REVEAL_P120,REVEAL_P210,LITH_RHO,CRUST_RHO,MAG_SEIS_MOHO,S_DIFF_200_220,P_DIFF_40_60,VP_40_VS_50,VP_120_VS_140,VPVS_DIFF,VOLC_DIST,REG,GLiM,TC1"
mc0206,21,0.06302227992277258,0.037087789946751826,0.27864633031698094,0.8692185007974481,7.002256155014038,"MOHO_GRAV,MOHO_U,LAB,CTD,BOUGUER,SI,REVEAL_S50,REVEAL_S100,REVEAL_S200,REVEAL_S220,REVEAL_P60,REVEAL_P210,LITH_RHO,CRUST_RHO,MAG_SEIS_MOHO,VP_40_VS_50,VP_120_VS_140,VPVS_DIFF,SEDIMENT,VOLC_DIST,REG"
mc0207,24,0.06283685349015906,0.03675713341829716,0.28288487147786334,0.8708133971291866,7.198040723800659,"MOHO_GRAV,MOHO,MOHO_U,CTD,EMAG2_LOG,SI,GEOID,REVEAL_S100,REVEAL_S140,REVEAL_S200,REVEAL_S220,REVEAL_P40,REVEAL_P60,REVEAL_P120,CRUST_RHO,MAG_SEIS_MOHO,S_DIFF_200_220,P_DIFF_40_60,VP_40_VS_50,VP_120_VS_140,SEDIMENT,VOLC_DIST,REG,TC1"
mc0208,13,0.06180646472991988,0.03651133008333119,0.30621032730799136,0.8740031897926634,6.419389247894287,"MOHO_U,DEM,LAB,SI,REVEAL_S100,REVEAL_S140,REVEAL_S200,REVEAL_P40,REVEAL_P60,CRUST_RHO,VPVS_DIFF,VOLC_DIST,GLiM"
mc0209,26,0.06215619602371816,0.03691026200065563,0.29833650864283456,0.8740031897926634,7.164340019226074,"MOHO_GRAV,MOHO_GRAV_U,MOHO_U,DEM,LAB,EMAG2_LOG,FREE_AIR,SI,GEOID,REVEAL_S140,REVEAL_S200,REVEAL_S220,REVEAL_P40,REVEAL_P120,REVEAL_P210,LITH_RHO,CRUST_RHO,MAG_SEIS_MOHO,P_DIFF_40_60,VP_40_VS_50,VP_120_VS_140,VPVS_DIFF,SEDIMENT,REG,GLiM,TC1"
mc0210,33,0.06208538851855443,0.03665213121186945,0.2999342493456688,0.8692185007974481,7.730907917022705,"MOHO_GRAV,MOHO_GRAV_U,MOHO,MOHO_U,DEM,LAB,CTD,EMAG2_LOG,FREE_AIR,BOUGUER,SI,GEOID,REVEAL_S50,REVEAL_S100,REVEAL_S200,REVEAL_S220,REVEAL_P40,REVEAL_P60,REVEAL_P120,REVEAL_P210,LITH_RHO,CRUST_RHO,MAG_SEIS_MOHO,S_DIFF_200_220,P_DIFF_40_60,VP_40_VS_50,VP_120_VS_140,VPVS_DIFF,SEDIMENT,VOLC_DIST,REG,GLiM,TC1"
mc0211,29,0.06202741502615364,0.03644521905595039,0.3012410401636003,0.8755980861244019,8.007668018341064,"MOHO_GRAV,MOHO_GRAV_U,MOHO,MOHO_U,DEM,LAB,CTD,EMAG2_LOG,FREE_AIR,BOUGUER,SI,GEOID,REVEAL_S100,REVEAL_S140,REVEAL_S200,REVEAL_S220,REVEAL_P210,LITH_RHO,CRUST_RHO,MAG_SEIS_MOHO,S_DIFF_200_220,P_DIFF_40_60,VP_40_VS_50,VP_120_VS_140,VPVS_DIFF,SEDIMENT,VOLC_DIST,REG,TC1"
mc0212,31,0.06263783813840428,0.03686473255579107,0.2874201372291383,0.8692185007974481,8.185309886932373,"MOHO_GRAV,MOHO_GRAV_U,MOHO,MOHO_U,DEM,LAB,CTD,FREE_AIR,BOUGUER,SI,REVEAL_S50,REVEAL_S100,REVEAL_S140,REVEAL_S200,REVEAL_S220,REVEAL_P40,REVEAL_P60,REVEAL_P120,REVEAL_P210,LITH_RHO,CRUST_RHO,MAG_SEIS_MOHO,P_DIFF_40_60,VP_40_VS_50,VP_120_VS_140,VPVS_DIFF,SEDIMENT,VOLC_DIST,REG,GLiM,TC1"
mc0213,18,0.0623097239136295,0.036873249290873246,0.29486596300994217,0.8771929824561403,7.493465185165405,"MOHO_GRAV,MOHO_U,LAB,CTD,EMAG2_LOG,GEOID,REVEAL_S50,REVEAL_S100,REVEAL_S200,REVEAL_S220,REVEAL_P40,REVEAL_P60,S_DIFF_200_220,VP_40_VS_50,VP_120_VS_140,VPVS_DIFF,SEDIMENT,VOLC_DIST"
mc0214,30,0.06194809414693046,0.03654550767228828,0.303027048348559,0.8708133971291866,8.143694162368774,"MOHO_GRAV,MOHO_GRAV_U,MOHO,MOHO_U,DEM,LAB,CTD,EMAG2_LOG,FREE_AIR,SI,GEOID,REVEAL_S50,REVEAL_S100,REVEAL_S140,REVEAL_S200,REVEAL_S220,REVEAL_P40,REVEAL_P60,REVEAL_P120,REVEAL_P210,LITH_RHO,MAG_SEIS_MOHO,S_DIFF_200_220,VP_40_VS_50,VPVS_DIFF,SEDIMENT,VOLC_DIST,REG,GLiM,TC1"
mc0215,18,0.06401615725477493,0.037849554408485704,0.2557150685110441,0.8803827751196173,6.96325421333313,"MOHO_GRAV_U,MOHO_U,CTD,EMAG2_LOG,BOUGUER,GEOID,REVEAL_S50,REVEAL_S140,REVEAL_S200,REVEAL_S220,REVEAL_P40,REVEAL_P120,REVEAL_P210,MAG_SEIS_MOHO,S_DIFF_200_220,P_DIFF_40_60,VP_120_VS_140,SEDIMENT"
mc0216,22,0.06214551442812094,0.036912725292487306,0.29857765086639954,0.8692185007974481,7.118534088134766,"MOHO_GRAV,MOHO,MOHO_U,LAB,CTD,SI,GEOID,REVEAL_S50,REVEAL_S200,REVEAL_S220,REVEAL_P40,REVEAL_P120,LITH_RHO,CRUST_RHO,MAG_SEIS_MOHO,S_DIFF_200_220,VP_40_VS_50,VP_120_VS_140,SEDIMENT,VOLC_DIST,REG,TC1"
mc0217,25,0.06194826494670779,0.03655294674559641,0.30302320503454927,0.8740031897926634,7.168159008026123,"MOHO_GRAV_U,MOHO,DEM,LAB,CTD,EMAG2_LOG,FREE_AIR,BOUGUER,GEOID,REVEAL_S50,REVEAL_S100,REVEAL_S140,REVEAL_S200,REVEAL_P60,REVEAL_P120,LITH_RHO,CRUST_RHO,MAG_SEIS_MOHO,S_DIFF_200_220,P_DIFF_40_60,VP_40_VS_50,VOLC_DIST,REG,GLiM,TC1"
mc0218,29,0.06204647981289767,0.036478632248944674,0.3008114321320261,0.8724082934609251,7.412515878677368,"MOHO_GRAV,MOHO_GRAV_U,MOHO,MOHO_U,DEM,EMAG2_LOG,FREE_AIR,BOUGUER,SI,GEOID,REVEAL_S100,REVEAL_S140,REVEAL_S200,REVEAL_S220,REVEAL_P40,REVEAL_P60,REVEAL_P120,REVEAL_P210,CRUST_RHO,MAG_SEIS_MOHO,S_DIFF_200_220,P_DIFF_40_60,VP_120_VS_140,VPVS_DIFF,SEDIMENT,VOLC_DIST,REG,GLiM,TC1"
mc0219,29,0.06177759143170025,0.03640585682342008,0.3068583927545172,0.8755980861244019,7.347445011138916,"MOHO_GRAV,MOHO_GRAV_U,DEM,LAB,CTD,EMAG2_LOG,FREE_AIR,BOUGUER,SI,GEOID,REVEAL_S50,REVEAL_S100,REVEAL_S140,REVEAL_S220,REVEAL_P40,REVEAL_P120,LITH_RHO,CRUST_RHO,MAG_SEIS_MOHO,S_DIFF_200_220,P_DIFF_40_60,VP_40_VS_50,VP_120_VS_140,VPVS_DIFF,SEDIMENT,VOLC_DIST,REG,GLiM,TC1"
mc0220,19,0.06225272909398491,0.03670288352273716,0.2961553478529476,0.8787878787878788,6.830181121826172,"MOHO_GRAV,MOHO_GRAV_U,MOHO_U,DEM,EMAG2_LOG,FREE_AIR,REVEAL_S50,REVEAL_S100,REVEAL_S140,REVEAL_S200,REVEAL_P40,REVEAL_P210,CRUST_RHO,S_DIFF_200_220,P_DIFF_40_60,VP_120_VS_140,SEDIMENT,GLiM,TC1"
mc0221,28,0.06187766042425404,0.036468283069799934,0.3046110354872249,0.8740031897926634,7.311223983764648,"MOHO_GRAV,MOHO,MOHO_U,DEM,LAB,CTD,EMAG2_LOG,FREE_AIR,BOUGUER,SI,GEOID,REVEAL_S50,REVEAL_S100,REVEAL_S220,REVEAL_P40,REVEAL_P120,REVEAL_P210,LITH_RHO,MAG_SEIS_MOHO,S_DIFF_200_220,P_DIFF_40_60,VP_40_VS_50,VPVS_DIFF,SEDIMENT,VOLC_DIST,REG,GLiM,TC1"
mc0222,20,0.06249034059498218,0.036741284033006416,0.2907721057801218,0.8692185007974481,6.9555418491363525,"MOHO_GRAV,MOHO_GRAV_U,MOHO,MOHO_U,LAB,FREE_AIR,BOUGUER,REVEAL_S100,REVEAL_S200,REVEAL_S220,REVEAL_P40,REVEAL_P60,CRUST_RHO,VP_40_VS_50,VP_120_VS_140,SEDIMENT,VOLC_DIST,REG,GLiM,TC1"
mc0223,20,0.062093360388582236,0.036441676329544204,0.2997544585252334,0.8851674641148325,6.981789827346802,"MOHO_GRAV,DEM,CTD,FREE_AIR,BOUGUER,GEOID,REVEAL_S140,REVEAL_S200,REVEAL_S220,REVEAL_P40,REVEAL_P60,REVEAL_P120,LITH_RHO,CRUST_RHO,S_DIFF_200_220,VP_40_VS_50,SEDIMENT,VOLC_DIST,REG,GLiM"
mc0224,14,0.06324342592696396,0.03779108179860559,0.2735749692490894,0.8660287081339713,6.6942548751831055,"MOHO_GRAV,MOHO,MOHO_U,DEM,CTD,REVEAL_S50,REVEAL_S200,REVEAL_P40,LITH_RHO,CRUST_RHO,P_DIFF_40_60,VP_40_VS_50,REG,GLiM"
mc0225,12,0.06146050901720713,0.03673289094381604,0.3139554315121401,0.8851674641148325,6.389244794845581,"DEM,CTD,EMAG2_LOG,SI,REVEAL_S200,REVEAL_S220,REVEAL_P120,LITH_RHO,VP_40_VS_50,VOLC_DIST,REG,GLiM"
mc0226,14,0.0632078023484719,0.037187370431715806,0.2743930960510026,0.8724082934609251,6.649956703186035,"MOHO_GRAV,MOHO,MOHO_U,BOUGUER,REVEAL_S140,REVEAL_S220,REVEAL_P40,REVEAL_P60,REVEAL_P120,REVEAL_P210,VP_120_VS_140,SEDIMENT,VOLC_DIST,GLiM"
mc0227,18,0.06418396185971346,0.03805830189584545,0.2518079882917803,0.8644338118022329,6.933657884597778,"MOHO_GRAV,MOHO_GRAV_U,MOHO_U,CTD,FREE_AIR,BOUGUER,REVEAL_S50,REVEAL_S140,REVEAL_S220,REVEAL_P120,LITH_RHO,CRUST_RHO,S_DIFF_200_220,P_DIFF_40_60,VP_40_VS_50,VP_120_VS_140,VPVS_DIFF,TC1"
mc0228,32,0.06258812043046241,0.03678407747743145,0.2885508843441824,0.8771929824561403,7.4720458984375,"MOHO_GRAV,MOHO_GRAV_U,MOHO,MOHO_U,DEM,LAB,CTD,EMAG2_LOG,FREE_AIR,BOUGUER,SI,GEOID,REVEAL_S50,REVEAL_S100,REVEAL_S140,REVEAL_S200,REVEAL_S220,REVEAL_P40,REVEAL_P60,REVEAL_P120,LITH_RHO,CRUST_RHO,MAG_SEIS_MOHO,S_DIFF_200_220,P_DIFF_40_60,VP_120_VS_140,VPVS_DIFF,SEDIMENT,VOLC_DIST,REG,GLiM,TC1"
mc0229,27,0.061846755552253406,0.03657381167928996,0.3053054877325728,0.8692185007974481,7.373733043670654,"MOHO_GRAV,MOHO_GRAV_U,MOHO,DEM,LAB,CTD,EMAG2_LOG,FREE_AIR,BOUGUER,SI,GEOID,REVEAL_S50,REVEAL_S100,REVEAL_S140,REVEAL_S220,REVEAL_P40,REVEAL_P120,LITH_RHO,MAG_SEIS_MOHO,P_DIFF_40_60,VP_40_VS_50,VP_120_VS_140,VPVS_DIFF,VOLC_DIST,REG,GLiM,TC1"
mc0230,18,0.06159810372748907,0.037015547579089536,0.3108802285960576,0.8755980861244019,6.77745509147644,"MOHO_GRAV,MOHO_GRAV_U,MOHO_U,DEM,LAB,CTD,EMAG2_LOG,GEOID,REVEAL_S140,REVEAL_S200,REVEAL_S220,LITH_RHO,MAG_SEIS_MOHO,S_DIFF_200_220,VP_120_VS_140,VPVS_DIFF,REG,GLiM"
mc0231,28,0.0622422918197101,0.03658493840483033,0.2963913408433181,0.8724082934609251,7.367905855178833,"MOHO_GRAV_U,MOHO,MOHO_U,DEM,LAB,CTD,EMAG2_LOG,FREE_AIR,BOUGUER,GEOID,REVEAL_S50,REVEAL_S100,REVEAL_S140,REVEAL_S200,REVEAL_P40,REVEAL_P120,REVEAL_P210,CRUST_RHO,MAG_SEIS_MOHO,S_DIFF_200_220,P_DIFF_40_60,VP_40_VS_50,VPVS_DIFF,SEDIMENT,VOLC_DIST,REG,GLiM,TC1"
mc0232,18,0.06359592747472062,0.03742795595304527,0.2654546131911584,0.8692185007974481,6.919015884399414,"MOHO_U,CTD,FREE_AIR,BOUGUER,REVEAL_S100,REVEAL_S140,REVEAL_S200,REVEAL_P60,REVEAL_P210,LITH_RHO,CRUST_RHO,MAG_SEIS_MOHO,P_DIFF_40_60,VP_40_VS_50,VP_120_VS_140,SEDIMENT,REG,GLiM"
mc0233,13,0.060959517465297805,0.036329252917607455,0.3250943466792986,0.8883572567783095,6.508936166763306,"DEM,LAB,CTD,EMAG2_LOG,FREE_AIR,GEOID,REVEAL_S100,REVEAL_P60,LITH_RHO,P_DIFF_40_60,VPVS_DIFF,SEDIMENT,VOLC_DIST"
mc0234,22,0.06230794996549462,0.03734480940482449,0.294906112550821,0.8660287081339713,7.197690963745117,"MOHO_GRAV,MOHO_GRAV_U,MOHO_U,LAB,EMAG2_LOG,FREE_AIR,SI,GEOID,REVEAL_S100,REVEAL_S140,REVEAL_S220,REVEAL_P40,REVEAL_P120,REVEAL_P210,LITH_RHO,MAG_SEIS_MOHO,S_DIFF_200_220,P_DIFF_40_60,VPVS_DIFF,REG,GLiM,TC1"
mc0235,25,0.06264751061752483,0.037310626295688154,0.28720004834326873,0.8708133971291866,7.7112648487091064,"MOHO_GRAV,MOHO_GRAV_U,MOHO_U,DEM,CTD,EMAG2_LOG,FREE_AIR,GEOID,REVEAL_S50,REVEAL_S140,REVEAL_S200,REVEAL_S220,REVEAL_P60,REVEAL_P120,REVEAL_P210,LITH_RHO,CRUST_RHO,MAG_SEIS_MOHO,S_DIFF_200_220,P_DIFF_40_60,VP_120_VS_140,VPVS_DIFF,SEDIMENT,REG,GLiM"
mc0236,25,0.06186090599176427,0.036350270166305765,0.3049875613625507,0.8755980861244019,7.776329040527344,"MOHO_GRAV,MOHO,MOHO_U,LAB,EMAG2_LOG,FREE_AIR,REVEAL_S100,REVEAL_S140,REVEAL_S200,REVEAL_S220,REVEAL_P40,REVEAL_P60,REVEAL_P210,CRUST_RHO,MAG_SEIS_MOHO,S_DIFF_200_220,P_DIFF_40_60,VP_40_VS_50,VP_120_VS_140,VPVS_DIFF,SEDIMENT,VOLC_DIST,REG,GLiM,TC1"
mc0237,13,0.0627818600707644,0.03726522010917489,0.2841395286990137,0.886762360446571,7.036691904067993,"MOHO_GRAV_U,EMAG2_LOG,BOUGUER,REVEAL_S140,REVEAL_S220,REVEAL_P40,REVEAL_P60,VP_40_VS_50,VP_120_VS_140,VPVS_DIFF,VOLC_DIST,GLiM,TC1"
mc0238,12,0.0626946203342219,0.03742198819168796,0.2861276217094024,0.8628389154704944,7.025541067123413,"MOHO_GRAV_U,LAB,SI,REVEAL_S50,REVEAL_P40,REVEAL_P60,REVEAL_P120,REVEAL_P210,CRUST_RHO,S_DIFF_200_220,VOLC_DIST,TC1"
mc0239,10,0.06262672149022429,0.0376706786657179,0.2876730449582693,0.8724082934609251,7.186972141265869,"MOHO_GRAV_U,EMAG2_LOG,FREE_AIR,GEOID,REVEAL_S50,REVEAL_S200,REVEAL_P120,S_DIFF_200_220,P_DIFF_40_60,VPVS_DIFF"
mc0240,26,0.0625836977698688,0.03686287243825889,0.28865142696396817,0.8787878787878788,7.804567098617554,"MOHO_GRAV,MOHO_GRAV_U,MOHO,MOHO_U,LAB,CTD,EMAG2_LOG,FREE_AIR,SI,REVEAL_S50,REVEAL_S100,REVEAL_S140,REVEAL_S200,REVEAL_P40,REVEAL_P120,REVEAL_P210,CRUST_RHO,MAG_SEIS_MOHO,S_DIFF_200_220,VP_40_VS_50,VPVS_DIFF,SEDIMENT,VOLC_DIST,REG,GLiM,TC1"
mc0241,10,0.06103155355821375,0.036887153503902016,0.3234983270860974,0.8787878787878788,6.698597192764282,"MOHO_GRAV_U,DEM,FREE_AIR,GEOID,REVEAL_S100,REVEAL_S200,LITH_RHO,SEDIMENT,VOLC_DIST,GLiM"
mc0242,25,0.0626220019245385,0.03659815129889905,0.2877804031944422,0.8835725677830941,7.55488395690918,"MOHO_GRAV_U,MOHO,MOHO_U,EMAG2_LOG,FREE_AIR,BOUGUER,GEOID,REVEAL_S100,REVEAL_S140,REVEAL_S200,REVEAL_P40,REVEAL_P60,REVEAL_P120,LITH_RHO,CRUST_RHO,MAG_SEIS_MOHO,S_DIFF_200_220,P_DIFF_40_60,VP_40_VS_50,VP_120_VS_140,VPVS_DIFF,SEDIMENT,VOLC_DIST,REG,GLiM"
mc0243,21,0.062422177238689876,0.03680261094476057,0.2923184883777942,0.8787878787878788,7.012271165847778,"MOHO_GRAV,MOHO_GRAV_U,MOHO,MOHO_U,DEM,EMAG2_LOG,FREE_AIR,BOUGUER,REVEAL_S50,REVEAL_S100,REVEAL_S140,REVEAL_P40,REVEAL_P120,REVEAL_P210,MAG_SEIS_MOHO,S_DIFF_200_220,P_DIFF_40_60,VP_40_VS_50,SEDIMENT,REG,GLiM"
mc0244,33,0.061967734591853986,0.03674617471340218,0.30258503220381483,0.861244019138756,7.598217964172363,"MOHO_GRAV,MOHO_GRAV_U,MOHO,MOHO_U,DEM,LAB,CTD,EMAG2_LOG,FREE_AIR,BOUGUER,SI,GEOID,REVEAL_S50,REVEAL_S100,REVEAL_S140,REVEAL_S200,REVEAL_S220,REVEAL_P40,REVEAL_P60,REVEAL_P120,REVEAL_P210,LITH_RHO,CRUST_RHO,MAG_SEIS_MOHO,S_DIFF_200_220,P_DIFF_40_60,VP_40_VS_50,VP_120_VS_140,VPVS_DIFF,VOLC_DIST,REG,GLiM,TC1"
mc0245,30,0.06214778083112539,0.03674043915656363,0.29852648917848634,0.8740031897926634,7.597583770751953,"MOHO_GRAV,MOHO_GRAV_U,MOHO,MOHO_U,DEM,LAB,CTD,EMAG2_LOG,FREE_AIR,SI,GEOID,REVEAL_S50,REVEAL_S100,REVEAL_S140,REVEAL_S200,REVEAL_S220,REVEAL_P40,REVEAL_P60,REVEAL_P120,REVEAL_P210,LITH_RHO,CRUST_RHO,MAG_SEIS_MOHO,S_DIFF_200_220,P_DIFF_40_60,VPVS_DIFF,SEDIMENT,VOLC_DIST,GLiM,TC1"
mc0246,15,0.06124408231427921,0.03653973454009788,0.3187785916498239,0.8851674641148325,6.662247896194458,"MOHO_GRAV,MOHO_GRAV_U,MOHO,EMAG2_LOG,FREE_AIR,SI,REVEAL_S200,REVEAL_S220,REVEAL_P60,LITH_RHO,MAG_SEIS_MOHO,P_DIFF_40_60,VOLC_DIST,REG,GLiM"
mc0247,21,0.06403218158971187,0.037501202134480854,0.25534240747462134,0.8771929824561403,7.119198322296143,"MOHO_GRAV_U,MOHO,MOHO_U,CTD,EMAG2_LOG,FREE_AIR,BOUGUER,REVEAL_S50,REVEAL_S100,REVEAL_S200,REVEAL_P40,REVEAL_P60,REVEAL_P210,LITH_RHO,S_DIFF_200_220,P_DIFF_40_60,VP_40_VS_50,VP_120_VS_140,VPVS_DIFF,SEDIMENT,TC1"
mc0248,26,0.06168493143777908,0.03659466286327541,0.3089361147594394,0.8755980861244019,7.1512017250061035,"MOHO_GRAV_U,MOHO_U,DEM,LAB,CTD,EMAG2_LOG,FREE_AIR,BOUGUER,SI,GEOID,REVEAL_S50,REVEAL_S100,REVEAL_S140,REVEAL_S200,REVEAL_S220,REVEAL_P40,REVEAL_P60,REVEAL_P120,LITH_RHO,CRUST_RHO,VP_40_VS_50,VP_120_VS_140,VOLC_DIST,REG,GLiM,TC1"
mc0249,30,0.06291365727351561,0.0368227750717809,0.28113077936252817,0.8771929824561403,7.566349029541016,"MOHO_GRAV,MOHO_GRAV_U,MOHO,MOHO_U,DEM,CTD,EMAG2_LOG,FREE_AIR,BOUGUER,SI,GEOID,REVEAL_S50,REVEAL_S140,REVEAL_S200,REVEAL_S220,REVEAL_P40,REVEAL_P60,REVEAL_P120,REVEAL_P210,CRUST_RHO,MAG_SEIS_MOHO,S_DIFF_200_220,P_DIFF_40_60,VP_40_VS_50,VP_120_VS_140,VPVS_DIFF,SEDIMENT,VOLC_DIST,REG,GLiM"
mc0250,31,0.06216364120279535,0.036695510861427576,0.2981684055879539,0.8755980861244019,7.5618040561676025,"MOHO_GRAV,MOHO_GRAV_U,MOHO,MOHO_U,DEM,LAB,CTD,EMAG2_LOG,FREE_AIR,BOUGUER,SI,GEOID,REVEAL_S50,REVEAL_S100,REVEAL_S140,REVEAL_S200,REVEAL_S220,REVEAL_P40,REVEAL_P60,REVEAL_P120,LITH_RHO,CRUST_RHO,MAG_SEIS_MOHO,P_DIFF_40_60,VP_40_VS_50,VP_120_VS_140,VPVS_DIFF,SEDIMENT,VOLC_DIST,REG,TC1"
mc0251,17,0.061761465924638645,0.03671703826763239,0.30722020035660014,0.8803827751196173,6.898722887039185,"MOHO_GRAV,MOHO,MOHO_U,DEM,LAB,EMAG2_LOG,FREE_AIR,BOUGUER,REVEAL_S50,REVEAL_S100,REVEAL_P210,LITH_RHO,S_DIFF_200_220,VP_40_VS_50,VP_120_VS_140,VPVS_DIFF,GLiM"
mc0252,12,0.06166412464162175,0.037220190771999166,0.3094022383333257,0.8660287081339713,6.423817873001099,"MOHO_GRAV_U,DEM,LAB,CTD,GEOID,REVEAL_S50,REVEAL_S220,REVEAL_P40,REVEAL_P120,CRUST_RHO,VP_120_VS_140,GLiM"
mc0253,22,0.06283047789201411,0.03730758121491522,0.2830303850000555,0.8692185007974481,7.262305021286011,"MOHO_GRAV,MOHO,MOHO_U,DEM,LAB,BOUGUER,SI,GEOID,REVEAL_S50,REVEAL_S100,REVEAL_S200,REVEAL_P40,REVEAL_P60,REVEAL_P120,REVEAL_P210,CRUST_RHO,S_DIFF_200_220,P_DIFF_40_60,VP_120_VS_140,VPVS_DIFF,SEDIMENT,TC1"
mc0254,26,0.06275285176139421,0.03693593721178651,0.2848009014127112,0.8755980861244019,7.531501054763794,"MOHO_GRAV,MOHO,MOHO_U,LAB,CTD,EMAG2_LOG,BOUGUER,SI,GEOID,REVEAL_S50,REVEAL_S100,REVEAL_S200,REVEAL_S220,REVEAL_P40,REVEAL_P60,REVEAL_P120,REVEAL_P210,CRUST_RHO,MAG_SEIS_MOHO,S_DIFF_200_220,VP_40_VS_50,VP_120_VS_140,VPVS_DIFF,SEDIMENT,VOLC_DIST,TC1"
mc0255,30,0.06277450593453823,0.036906433021465915,0.28430722768342054,0.8692185007974481,8.301146268844604,"MOHO_GRAV,MOHO_GRAV_U,MOHO,MOHO_U,DEM,LAB,CTD,FREE_AIR,BOUGUER,SI,GEOID,REVEAL_S50,REVEAL_S100,REVEAL_S140,REVEAL_S200,REVEAL_P60,REVEAL_P120,REVEAL_P210,LITH_RHO,CRUST_RHO,MAG_SEIS_MOHO,S_DIFF_200_220,P_DIFF_40_60,VP_40_VS_50,VPVS_DIFF,SEDIMENT,VOLC_DIST,REG,GLiM,TC1"
mc0256,20,0.06308586247711671,0.03696513306955481,0.27719006292744375,0.8724082934609251,7.81255578994751,"MOHO,CTD,BOUGUER,SI,GEOID,REVEAL_S100,REVEAL_S140,REVEAL_S200,REVEAL_P40,REVEAL_P60,LITH_RHO,CRUST_RHO,MAG_SEIS_MOHO,S_DIFF_200_220,P_DIFF_40_60,VP_40_VS_50,VPVS_DIFF,SEDIMENT,VOLC_DIST,REG"
mc0257,28,0.06263476142491968,0.037279307092774036,0.28749013805590207,0.8660287081339713,8.093630075454712,"MOHO_GRAV,MOHO_GRAV_U,MOHO,MOHO_U,DEM,LAB,CTD,EMAG2_LOG,SI,GEOID,REVEAL_S50,REVEAL_S100,REVEAL_S140,REVEAL_S200,REVEAL_S220,REVEAL_P40,REVEAL_P60,REVEAL_P210,LITH_RHO,CRUST_RHO,MAG_SEIS_MOHO,S_DIFF_200_220,VP_40_VS_50,VP_120_VS_140,VPVS_DIFF,REG,GLiM,TC1"
mc0258,22,0.06251526394076111,0.037030719844845815,0.29020626290434814,0.8644338118022329,7.257205009460449,"MOHO,MOHO_U,DEM,LAB,CTD,SI,REVEAL_S100,REVEAL_S140,REVEAL_S200,REVEAL_S220,REVEAL_P40,REVEAL_P120,REVEAL_P210,LITH_RHO,CRUST_RHO,P_DIFF_40_60,VP_40_VS_50,VPVS_DIFF,SEDIMENT,VOLC_DIST,GLiM,TC1"
mc0259,12,0.06221236989752226,0.03698962730405344,0.2970676740059046,0.8835725677830941,6.4028778076171875,"MOHO_GRAV_U,MOHO,EMAG2_LOG,FREE_AIR,SI,REVEAL_S220,REVEAL_P40,REVEAL_P210,LITH_RHO,CRUST_RHO,SEDIMENT,TC1"
mc0260,31,0.062333291248611505,0.03670485866755085,0.294332458069106,0.8755980861244019,7.648486852645874,"MOHO_GRAV,MOHO_GRAV_U,MOHO,MOHO_U,DEM,LAB,CTD,EMAG2_LOG,FREE_AIR,BOUGUER,SI,GEOID,REVEAL_S50,REVEAL_S100,REVEAL_S200,REVEAL_S220,REVEAL_P60,REVEAL_P120,REVEAL_P210,LITH_RHO,MAG_SEIS_MOHO,S_DIFF_200_220,P_DIFF_40_60,VP_40_VS_50,VP_120_VS_140,VPVS_DIFF,SEDIMENT,VOLC_DIST,REG,GLiM,TC1"
mc0261,23,0.06240360589571384,0.03696330750093851,0.2927395131357188,0.8740031897926634,6.999208927154541,"MOHO_GRAV,MOHO_GRAV_U,DEM,LAB,EMAG2_LOG,BOUGUER,GEOID,REVEAL_S100,REVEAL_S140,REVEAL_S200,REVEAL_S220,REVEAL_P40,REVEAL_P120,REVEAL_P210,CRUST_RHO,MAG_SEIS_MOHO,S_DIFF_200_220,P_DIFF_40_60,VP_120_VS_140,SEDIMENT,REG,GLiM,TC1"
mc0262,29,0.061999192355829714,0.036435945225847796,0.3018767705814436,0.8803827751196173,7.516718149185181,"MOHO_GRAV_U,MOHO_U,DEM,LAB,CTD,EMAG2_LOG,FREE_AIR,BOUGUER,SI,GEOID,REVEAL_S50,REVEAL_S100,REVEAL_S140,REVEAL_S200,REVEAL_S220,REVEAL_P40,REVEAL_P60,REVEAL_P120,LITH_RHO,CRUST_RHO,MAG_SEIS_MOHO,S_DIFF_200_220,VP_40_VS_50,VP_120_VS_140,VPVS_DIFF,SEDIMENT,VOLC_DIST,REG,GLiM"
mc0263,14,0.06269634525233121,0.037424118304564456,0.2860883396043078,0.8787878787878788,6.978421926498413,"MOHO_GRAV_U,MOHO_U,EMAG2_LOG,FREE_AIR,REVEAL_S100,REVEAL_S200,REVEAL_S220,LITH_RHO,MAG_SEIS_MOHO,P_DIFF_40_60,VP_120_VS_140,REG,GLiM,TC1"
mc0264,17,0.0633751769055027,0.03738531693544697,0.2705451871782698,0.8755980861244019,6.9652650356292725,"MOHO_GRAV,MOHO_U,DEM,FREE_AIR,BOUGUER,REVEAL_S50,REVEAL_S140,REVEAL_S200,REVEAL_S220,LITH_RHO,CRUST_RHO,MAG_SEIS_MOHO,S_DIFF_200_220,VP_120_VS_140,VPVS_DIFF,SEDIMENT,TC1"
mc0265,24,0.061990536107560536,0.03647314881190014,0.30207169912485854,0.8755980861244019,7.161109924316406,"MOHO_GRAV,MOHO_GRAV_U,MOHO,MOHO_U,DEM,EMAG2_LOG,FREE_AIR,BOUGUER,SI,GEOID,REVEAL_S50,REVEAL_S100,REVEAL_S200,LITH_RHO,CRUST_RHO,MAG_SEIS_MOHO,VP_40_VS_50,VP_120_VS_140,VPVS_DIFF,SEDIMENT,VOLC_DIST,REG,GLiM,TC1"
mc0266,20,0.06338841454941437,0.037660860854025174,0.2702404220629355,0.8660287081339713,7.046250104904175,"MOHO_GRAV,MOHO,LAB,CTD,SI,REVEAL_S50,REVEAL_S140,REVEAL_S200,REVEAL_P40,REVEAL_P60,LITH_RHO,CRUST_RHO,MAG_SEIS_MOHO,S_DIFF_200_220,VP_40_VS_50,VP_120_VS_140,VPVS_DIFF,SEDIMENT,GLiM,TC1"
mc0267,30,0.06257777712146771,0.03674533383741858,0.28878601298950124,0.8771929824561403,7.463815927505493,"MOHO_GRAV,MOHO_GRAV_U,MOHO_U,LAB,EMAG2_LOG,FREE_AIR,BOUGUER,SI,GEOID,REVEAL_S50,REVEAL_S100,REVEAL_S140,REVEAL_S200,REVEAL_S220,REVEAL_P40,REVEAL_P60,REVEAL_P210,LITH_RHO,CRUST_RHO,MAG_SEIS_MOHO,S_DIFF_200_220,P_DIFF_40_60,VP_40_VS_50,VP_120_VS_140,VPVS_DIFF,SEDIMENT,VOLC_DIST,REG,GLiM,TC1"
mc0268,29,0.062590138618273,0.036659216124019844,0.28850500148101665,0.8787878787878788,7.340487003326416,"MOHO_GRAV,MOHO_GRAV_U,MOHO,MOHO_U,DEM,LAB,CTD,EMAG2_LOG,FREE_AIR,BOUGUER,SI,REVEAL_S100,REVEAL_S140,REVEAL_S200,REVEAL_S220,REVEAL_P120,REVEAL_P210,LITH_RHO,CRUST_RHO,MAG_SEIS_MOHO,S_DIFF_200_220,P_DIFF_40_60,VP_40_VS_50,VPVS_DIFF,SEDIMENT,VOLC_DIST,REG,GLiM,TC1"
mc0269,25,0.06201600197343446,0.03649342629443197,0.30149815999183127,0.8803827751196173,7.189130067825317,"MOHO_GRAV,MOHO,MOHO_U,LAB,EMAG2_LOG,FREE_AIR,BOUGUER,SI,GEOID,REVEAL_S50,REVEAL_S100,REVEAL_S140,REVEAL_S200,REVEAL_S220,REVEAL_P40,REVEAL_P60,REVEAL_P120,MAG_SEIS_MOHO,S_DIFF_200_220,VP_40_VS_50,VP_120_VS_140,VPVS_DIFF,VOLC_DIST,GLiM,TC1"
mc0270,22,0.06271874202568382,0.036701665564707914,0.28557819268941464,0.8724082934609251,7.165766000747681,"MOHO_GRAV,MOHO,MOHO_U,DEM,LAB,CTD,BOUGUER,SI,GEOID,REVEAL_S100,REVEAL_S140,REVEAL_S200,REVEAL_P60,REVEAL_P210,CRUST_RHO,MAG_SEIS_MOHO,S_DIFF_200_220,VP_40_VS_50,VPVS_DIFF,SEDIMENT,VOLC_DIST,REG"
mc0271,11,0.06385593152718308,0.03838849150030635,0.25943614019578654,0.8835725677830941,6.416135787963867,"MOHO_U,REVEAL_S50,REVEAL_S140,REVEAL_P120,LITH_RHO,CRUST_RHO,MAG_SEIS_MOHO,SEDIMENT,REG,GLiM,TC1"
mc0272,12,0.0627891790621258,0.03736521628605057,0.28397261163099896,0.8660287081339713,6.482892036437988,"DEM,BOUGUER,SI,REVEAL_S50,REVEAL_P40,REVEAL_P60,REVEAL_P120,REVEAL_P210,CRUST_RHO,VPVS_DIFF,SEDIMENT,TC1"
mc0273,12,0.06379176157648458,0.03797596334919903,0.26092380367249557,0.8708133971291866,6.505212783813477,"MOHO_GRAV_U,MOHO,MOHO_U,CTD,EMAG2_LOG,BOUGUER,GEOID,REVEAL_S220,CRUST_RHO,P_DIFF_40_60,VP_40_VS_50,VPVS_DIFF"
mc0274,11,0.06341210003861145,0.038155373229151836,0.2696949614454187,0.8564593301435407,6.456380128860474,"MOHO_GRAV,LAB,REVEAL_S100,REVEAL_S200,REVEAL_P40,REVEAL_P60,REVEAL_P120,REVEAL_P210,LITH_RHO,VPVS_DIFF,GLiM"
mc0275,20,0.06201075289730348,0.03667796587109039,0.30161639831910503,0.861244019138756,7.093546152114868,"MOHO_GRAV,MOHO_GRAV_U,DEM,LAB,CTD,BOUGUER,SI,GEOID,REVEAL_S50,REVEAL_S100,REVEAL_S200,REVEAL_S220,REVEAL_P40,REVEAL_P120,LITH_RHO,MAG_SEIS_MOHO,P_DIFF_40_60,VP_120_VS_140,VOLC_DIST,GLiM"
mc0276,21,0.06308811848473349,0.03735737284276122,0.27713836532622194,0.8740031897926634,7.16352105140686,"MOHO_GRAV_U,MOHO_U,FREE_AIR,BOUGUER,SI,GEOID,REVEAL_S140,REVEAL_S200,REVEAL_P40,REVEAL_P60,REVEAL_P120,REVEAL_P210,LITH_RHO,CRUST_RHO,MAG_SEIS_MOHO,S_DIFF_200_220,P_DIFF_40_60,VP_120_VS_140,VPVS_DIFF,VOLC_DIST,TC1"
mc0277,29,0.06198231777001478,0.036575337869973475,0.3022567412461111,0.8755980861244019,7.47192120552063,"MOHO_GRAV,MOHO_GRAV_U,MOHO,MOHO_U,DEM,LAB,CTD,EMAG2_LOG,FREE_AIR,BOUGUER,SI,GEOID,REVEAL_S140,REVEAL_S200,REVEAL_P40,REVEAL_P60,REVEAL_P120,REVEAL_P210,LITH_RHO,CRUST_RHO,MAG_SEIS_MOHO,S_DIFF_200_220,P_DIFF_40_60,VP_40_VS_50,VP_120_VS_140,SEDIMENT,VOLC_DIST,REG,GLiM"
mc0278,22,0.06310597223146239,0.037412247501456726,0.27672917212138115,0.8676236044657097,7.022938251495361,"MOHO_GRAV,MOHO_GRAV_U,LAB,CTD,FREE_AIR,BOUGUER,SI,REVEAL_S50,REVEAL_S100,REVEAL_S200,REVEAL_P40,REVEAL_P60,REVEAL_P120,REVEAL_P210,LITH_RHO,CRUST_RHO,S_DIFF_200_220,P_DIFF_40_60,VP_40_VS_50,VPVS_DIFF,REG,TC1"
mc0279,33,0.06209996243777546,0.03658745399542417,0.2996055440114951,0.8755980861244019,7.943122148513794,"MOHO_GRAV,MOHO_GRAV_U,MOHO_U,DEM,LAB,CTD,EMAG2_LOG,FREE_AIR,BOUGUER,SI,GEOID,REVEAL_S50,REVEAL_S100,REVEAL_S140,REVEAL_S200,REVEAL_S220,REVEAL_P40,REVEAL_P60,REVEAL_P120,REVEAL_P210,LITH_RHO,CRUST_RHO,MAG_SEIS_MOHO,S_DIFF_200_220,P_DIFF_40_60,VP_40_VS_50,VP_120_VS_140,VPVS_DIFF,SEDIMENT,VOLC_DIST,REG,GLiM,TC1"
mc0280,22,0.06337429559322037,0.037456426620631,0.2705654750274663,0.8660287081339713,7.6264708042144775,"MOHO_GRAV_U,MOHO,DEM,CTD,FREE_AIR,BOUGUER,GEOID,REVEAL_S50,REVEAL_S100,REVEAL_S140,REVEAL_S200,REVEAL_S220,REVEAL_P120,LITH_RHO,MAG_SEIS_MOHO,P_DIFF_40_60,VP_40_VS_50,VP_120_VS_140,VPVS_DIFF,SEDIMENT,REG,TC1"
mc0281,11,0.06186854081107659,0.03695835899857778,0.3048159951123365,0.8851674641148325,7.0335259437561035,"MOHO_GRAV_U,EMAG2_LOG,FREE_AIR,BOUGUER,GEOID,REVEAL_S50,REVEAL_S100,REVEAL_P120,MAG_SEIS_MOHO,VP_120_VS_140,SEDIMENT"
mc0282,15,0.06305874476319645,0.03760943121501739,0.27781133493826105,0.8676236044657097,7.2228899002075195,"MOHO,MOHO_U,DEM,LAB,CTD,BOUGUER,REVEAL_S50,REVEAL_S140,S_DIFF_200_220,P_DIFF_40_60,VP_40_VS_50,VP_120_VS_140,VPVS_DIFF,GLiM,TC1"
mc0283,19,0.062428448888903476,0.03743579581465141,0.2921762775782749,0.8708133971291866,7.36719012260437,"MOHO_GRAV_U,MOHO,LAB,EMAG2_LOG,GEOID,REVEAL_S140,REVEAL_S200,REVEAL_S220,REVEAL_P60,REVEAL_P120,REVEAL_P210,LITH_RHO,CRUST_RHO,MAG_SEIS_MOHO,S_DIFF_200_220,VP_120_VS_140,VPVS_DIFF,GLiM,TC1"
mc0284,25,0.062299184058954966,0.03674012102580438,0.2951044934105631,0.8803827751196173,7.837824106216431,"MOHO_GRAV,MOHO_GRAV_U,MOHO,LAB,CTD,EMAG2_LOG,FREE_AIR,BOUGUER,GEOID,REVEAL_S50,REVEAL_S200,REVEAL_S220,LITH_RHO,CRUST_RHO,MAG_SEIS_MOHO,S_DIFF_200_220,P_DIFF_40_60,VP_40_VS_50,VP_120_VS_140,VPVS_DIFF,SEDIMENT,VOLC_DIST,REG,GLiM,TC1"
mc0285,11,0.06332964383945246,0.03743571054131614,0.2715929911947774,0.8692185007974481,7.159564018249512,"MOHO_GRAV_U,MOHO,CTD,BOUGUER,REVEAL_S140,REVEAL_S220,REVEAL_P60,REVEAL_P120,P_DIFF_40_60,VP_40_VS_50,VOLC_DIST"
mc0286,19,0.06203347140938121,0.03674562650029749,0.30110457925683876,0.8803827751196173,7.47147011756897,"DEM,LAB,CTD,BOUGUER,GEOID,REVEAL_S200,REVEAL_S220,REVEAL_P60,REVEAL_P120,REVEAL_P210,CRUST_RHO,S_DIFF_200_220,VP_40_VS_50,VP_120_VS_140,VPVS_DIFF,SEDIMENT,VOLC_DIST,GLiM,TC1"
mc0287,19,0.062238451812680194,0.03682429908151771,0.29647815573311254,0.8740031897926634,7.40595006942749,"MOHO_GRAV_U,MOHO,DEM,EMAG2_LOG,FREE_AIR,REVEAL_S140,REVEAL_S200,REVEAL_S220,REVEAL_P60,REVEAL_P120,REVEAL_P210,LITH_RHO,MAG_SEIS_MOHO,P_DIFF_40_60,VP_120_VS_140,VPVS_DIFF,VOLC_DIST,GLiM,TC1"
mc0288,13,0.0637076987867102,0.037654327545294984,0.26287038328355217,0.8787878787878788,6.985773086547852,"MOHO_U,CTD,FREE_AIR,REVEAL_S220,REVEAL_P60,REVEAL_P120,REVEAL_P210,S_DIFF_200_220,P_DIFF_40_60,VP_40_VS_50,SEDIMENT,VOLC_DIST,TC1"
mc0289,28,0.06189665407612042,0.03656105468359541,0.3041840638486837,0.8740031897926634,7.995598077774048,"MOHO,MOHO_U,DEM,CTD,EMAG2_LOG,FREE_AIR,BOUGUER,SI,GEOID,REVEAL_S50,REVEAL_S100,REVEAL_S140,REVEAL_S200,REVEAL_S220,REVEAL_P40,REVEAL_P60,REVEAL_P120,REVEAL_P210,LITH_RHO,MAG_SEIS_MOHO,S_DIFF_200_220,P_DIFF_40_60,VP_40_VS_50,VP_120_VS_140,VPVS_DIFF,VOLC_DIST,REG,TC1"
mc0290,19,0.06165293077627175,0.03662347159268081,0.3096529434798412,0.8692185007974481,7.006072044372559,"MOHO_GRAV,MOHO,DEM,FREE_AIR,SI,GEOID,REVEAL_S200,REVEAL_S220,REVEAL_P40,REVEAL_P60,REVEAL_P210,LITH_RHO,CRUST_RHO,MAG_SEIS_MOHO,P_DIFF_40_60,VP_120_VS_140,VPVS_DIFF,REG,GLiM"
mc0291,27,0.06259505748450261,0.03684921584605913,0.2883931664118493,0.8724082934609251,7.4691290855407715,"MOHO_GRAV,MOHO_GRAV_U,MOHO,MOHO_U,DEM,LAB,CTD,EMAG2_LOG,FREE_AIR,BOUGUER,GEOID,REVEAL_S50,REVEAL_S100,REVEAL_S220,REVEAL_P40,REVEAL_P120,REVEAL_P210,LITH_RHO,CRUST_RHO,MAG_SEIS_MOHO,S_DIFF_200_220,P_DIFF_40_60,VP_40_VS_50,SEDIMENT,VOLC_DIST,REG,TC1"
mc0292,31,0.06252426788805636,0.0368339003974955,0.29000178786148956,0.8724082934609251,7.454279899597168,"MOHO_GRAV,MOHO_GRAV_U,MOHO,MOHO_U,DEM,LAB,CTD,FREE_AIR,BOUGUER,SI,GEOID,REVEAL_S50,REVEAL_S100,REVEAL_S140,REVEAL_S200,REVEAL_S220,REVEAL_P40,REVEAL_P60,REVEAL_P120,REVEAL_P210,LITH_RHO,CRUST_RHO,S_DIFF_200_220,VP_40_VS_50,VP_120_VS_140,VPVS_DIFF,SEDIMENT,VOLC_DIST,REG,GLiM,TC1"
mc0293,29,0.06202129263192016,0.036736153064288415,0.3013789748717097,0.8692185007974481,7.318579912185669,"MOHO_GRAV,MOHO_GRAV_U,MOHO,MOHO_U,DEM,LAB,CTD,EMAG2_LOG,FREE_AIR,GEOID,REVEAL_S50,REVEAL_S100,REVEAL_S140,REVEAL_S200,REVEAL_P40,REVEAL_P60,REVEAL_P120,LITH_RHO,CRUST_RHO,MAG_SEIS_MOHO,S_DIFF_200_220,P_DIFF_40_60,VP_40_VS_50,VP_120_VS_140,VPVS_DIFF,VOLC_DIST,REG,GLiM,TC1"
mc0294,16,0.061966429361569556,0.03682637001011304,0.3026144112849144,0.8771929824561403,6.696009159088135,"MOHO_GRAV_U,MOHO,DEM,LAB,FREE_AIR,SI,REVEAL_S50,REVEAL_S220,REVEAL_P120,REVEAL_P210,LITH_RHO,CRUST_RHO,MAG_SEIS_MOHO,VPVS_DIFF,SEDIMENT,VOLC_DIST"
mc0295,13,0.06194937586403213,0.037089534534052594,0.30299820706117697,0.8660287081339713,6.468133926391602,"MOHO_GRAV,MOHO_GRAV_U,MOHO,DEM,LAB,FREE_AIR,REVEAL_P60,REVEAL_P120,REVEAL_P210,LITH_RHO,VP_40_VS_50,VP_120_VS_140,GLiM"
mc0296,23,0.062494744220717255,0.03672214795523571,0.2906721452351603,0.8771929824561403,6.993467092514038,"MOHO_GRAV,MOHO_GRAV_U,MOHO,MOHO_U,EMAG2_LOG,FREE_AIR,SI,REVEAL_S50,REVEAL_S100,REVEAL_S140,REVEAL_S200,REVEAL_S220,REVEAL_P60,REVEAL_P210,MAG_SEIS_MOHO,VP_40_VS_50,VP_120_VS_140,VPVS_DIFF,SEDIMENT,VOLC_DIST,REG,GLiM,TC1"
mc0297,13,0.062597241729933,0.03706337470662689,0.288343502711362,0.8724082934609251,6.507652759552002,"MOHO_GRAV,MOHO,MOHO_U,DEM,CTD,EMAG2_LOG,GEOID,REVEAL_S50,REVEAL_S100,REVEAL_S140,REVEAL_S200,REVEAL_S220,REVEAL_P210"
mc0298,29,0.06250931782552502,0.03682443434637186,0.29034127999848613,0.8771929824561403,7.390810251235962,"MOHO_GRAV,MOHO_GRAV_U,MOHO,MOHO_U,DEM,LAB,EMAG2_LOG,FREE_AIR,BOUGUER,GEOID,REVEAL_S50,REVEAL_S100,REVEAL_S140,REVEAL_S220,REVEAL_P40,REVEAL_P60,REVEAL_P120,REVEAL_P210,LITH_RHO,CRUST_RHO,MAG_SEIS_MOHO,S_DIFF_200_220,P_DIFF_40_60,VP_120_VS_140,VPVS_DIFF,SEDIMENT,VOLC_DIST,REG,GLiM"
mc0299,10,0.0640095700311316,0.037671201215041035,0.2558682335638126,0.8644338118022329,6.555418968200684,"MOHO_GRAV_U,MOHO_U,BOUGUER,REVEAL_S50,REVEAL_S100,REVEAL_S200,REVEAL_P60,P_DIFF_40_60,VOLC_DIST,GLiM"
